<annotation>
	<folder>drive-download-20220120T141758Z-001</folder>
	<filename>02f3dfe3-d16f-4a84-bb6b-26293050cf43.jpg</filename>
	<path>C:\Users\yaman\Downloads\drive-download-20220120T141758Z-001\02f3dfe3-d16f-4a84-bb6b-26293050cf43.jpg</path>
	<source>
		<database>Unknown</database>
	</source>
	<size>
		<width>700</width>
		<height>700</height>
		<depth>3</depth>
	</size>
	<segmented>0</segmented>
	<object>
		<name>scale</name>
		<pose>Unspecified</pose>
		<truncated>0</truncated>
		<difficult>0</difficult>
		<robndbox>
			<cx>205.6583</cx>
			<cy>386.3242</cy>
			<w>25.0781</w>
			<h>23.9969</h>
			<angle>5.558765</angle>
		</robndbox>
		<extra/>
	</object>
	<object>
		<name>scale</name>
		<pose>Unspecified</pose>
		<truncated>0</truncated>
		<difficult>0</difficult>
		<robndbox>
			<cx>194.8311</cx>
			<cy>371.0349</cy>
			<w>24.9005</w>
			<h>24.3766</h>
			<angle>5.679436</angle>
		</robndbox>
		<extra/>
	</object>
	<object>
		<name>scale</name>
		<pose>Unspecified</pose>
		<truncated>0</truncated>
		<difficult>0</difficult>
		<robndbox>
			<cx>185.5552</cx>
			<cy>355.8772</cy>
			<w>26.2106</w>
			<h>23.8945</h>
			<angle>5.763668</angle>
		</robndbox>
		<extra/>
	</object>
	<object>
		<name>scale</name>
		<pose>Unspecified</pose>
		<truncated>0</truncated>
		<difficult>0</difficult>
		<robndbox>
			<cx>177.4192</cx>
			<cy>339.9762</cy>
			<w>25.6402</w>
			<h>23.3073</h>
			<angle>5.839608</angle>
		</robndbox>
		<extra/>
	</object>
	<object>
		<name>scale</name>
		<pose>Unspecified</pose>
		<truncated>0</truncated>
		<difficult>0</difficult>
		<robndbox>
			<cx>170.9453</cx>
			<cy>322.9059</cy>
			<w>25.629</w>
			<h>23.989</h>
			<angle>5.946898</angle>
		</robndbox>
		<extra/>
	</object>
	<object>
		<name>scale</name>
		<pose>Unspecified</pose>
		<truncated>0</truncated>
		<difficult>0</difficult>
		<robndbox>
			<cx>165.4683</cx>
			<cy>305.3756</cy>
			<w>24.8465</w>
			<h>23.9312</h>
			<angle>6.064516</angle>
		</robndbox>
		<extra/>
	</object>
	<object>
		<name>scale</name>
		<pose>Unspecified</pose>
		<truncated>0</truncated>
		<difficult>0</difficult>
		<robndbox>
			<cx>162.0</cx>
			<cy>287.5</cy>
			<w>24.9601</w>
			<h>24.2898</h>
			<angle>6.167886</angle>
		</robndbox>
		<extra/>
	</object>
	<object>
		<name>scale</name>
		<pose>Unspecified</pose>
		<truncated>0</truncated>
		<difficult>0</difficult>
		<robndbox>
			<cx>161.0</cx>
			<cy>269.5</cy>
			<w>24.0</w>
			<h>23.0</h>
			<angle>6.198474</angle>
		</robndbox>
		<extra/>
	</object>
	<object>
		<name>scale</name>
		<pose>Unspecified</pose>
		<truncated>0</truncated>
		<difficult>0</difficult>
		<robndbox>
			<cx>160.2452</cx>
			<cy>251.2344</cy>
			<w>22.5538</w>
			<h>23.428</h>
			<angle>0.041643</angle>
		</robndbox>
		<extra/>
	</object>
	<object>
		<name>scale</name>
		<pose>Unspecified</pose>
		<truncated>0</truncated>
		<difficult>0</difficult>
		<robndbox>
			<cx>161.8768</cx>
			<cy>233.3749</cy>
			<w>21.8655</w>
			<h>23.5083</h>
			<angle>0.147202</angle>
		</robndbox>
		<extra/>
	</object>
	<object>
		<name>scale</name>
		<pose>Unspecified</pose>
		<truncated>0</truncated>
		<difficult>0</difficult>
		<robndbox>
			<cx>165.1049</cx>
			<cy>215.8421</cy>
			<w>23.5368</w>
			<h>23.7549</h>
			<angle>0.219832</angle>
		</robndbox>
		<extra/>
	</object>
	<object>
		<name>scale</name>
		<pose>Unspecified</pose>
		<truncated>0</truncated>
		<difficult>0</difficult>
		<robndbox>
			<cx>170.2151</cx>
			<cy>198.5621</cy>
			<w>24.9747</w>
			<h>23.9164</h>
			<angle>0.339979</angle>
		</robndbox>
		<extra/>
	</object>
	<object>
		<name>scale</name>
		<pose>Unspecified</pose>
		<truncated>0</truncated>
		<difficult>0</difficult>
		<robndbox>
			<cx>176.8195</cx>
			<cy>182.2882</cy>
			<w>24.3102</w>
			<h>23.0208</h>
			<angle>0.393058</angle>
		</robndbox>
		<extra/>
	</object>
	<object>
		<name>scale</name>
		<pose>Unspecified</pose>
		<truncated>0</truncated>
		<difficult>1</difficult>
		<robndbox>
			<cx>184.9538</cx>
			<cy>165.5945</cy>
			<w>23.6728</w>
			<h>23.1373</h>
			<angle>0.504531</angle>
		</robndbox>
		<extra/>
	</object>
	<object>
		<name>scale</name>
		<pose>Unspecified</pose>
		<truncated>0</truncated>
		<difficult>0</difficult>
		<robndbox>
			<cx>194.6495</cx>
			<cy>151.0383</cy>
			<w>23.879</w>
			<h>23.3491</h>
			<angle>0.545499</angle>
		</robndbox>
		<extra/>
	</object>
	<object>
		<name>scale</name>
		<pose>Unspecified</pose>
		<truncated>0</truncated>
		<difficult>0</difficult>
		<robndbox>
			<cx>205.0</cx>
			<cy>136.5</cy>
			<w>22.3707</w>
			<h>24.5876</h>
			<angle>0.617601</angle>
		</robndbox>
		<extra/>
	</object>
	<object>
		<name>scale</name>
		<pose>Unspecified</pose>
		<truncated>0</truncated>
		<difficult>0</difficult>
		<robndbox>
			<cx>217.5297</cx>
			<cy>123.7101</cy>
			<w>24.7567</w>
			<h>24.6975</h>
			<angle>0.747747</angle>
		</robndbox>
		<extra/>
	</object>
	<object>
		<name>scale</name>
		<pose>Unspecified</pose>
		<truncated>0</truncated>
		<difficult>0</difficult>
		<robndbox>
			<cx>231.1116</cx>
			<cy>112.1089</cy>
			<w>24.8387</w>
			<h>23.6022</h>
			<angle>0.862798</angle>
		</robndbox>
		<extra/>
	</object>
	<object>
		<name>needle</name>
		<pose>Unspecified</pose>
		<truncated>0</truncated>
		<difficult>0</difficult>
		<robndbox>
			<cx>317.0243</cx>
			<cy>295.4568</cy>
			<w>56.6327</w>
			<h>266.0902</h>
			<angle>3.961757</angle>
		</robndbox>
		<extra/>
	</object>
	<object>
		<name>scale</name>
		<pose>Unspecified</pose>
		<truncated>0</truncated>
		<difficult>0</difficult>
		<robndbox>
			<cx>245.1116</cx>
			<cy>101.1089</cy>
			<w>24.8387</w>
			<h>23.6022</h>
			<angle>1.01326</angle>
		</robndbox>
		<extra/>
	</object>
	<object>
		<name>scale</name>
		<pose>Unspecified</pose>
		<truncated>0</truncated>
		<difficult>0</difficult>
		<robndbox>
			<cx>261.1116</cx>
			<cy>92.1089</cy>
			<w>24.8387</w>
			<h>23.6022</h>
			<angle>1.078017</angle>
		</robndbox>
		<extra/>
	</object>
	<object>
		<name>scale</name>
		<pose>Unspecified</pose>
		<truncated>0</truncated>
		<difficult>0</difficult>
		<robndbox>
			<cx>277.0589</cx>
			<cy>84.0321</cy>
			<w>26.4969</w>
			<h>24.4211</h>
			<angle>1.16911</angle>
		</robndbox>
		<extra/>
	</object>
	<object>
		<name>scale</name>
		<pose>Unspecified</pose>
		<truncated>0</truncated>
		<difficult>0</difficult>
		<robndbox>
			<cx>294.0589</cx>
			<cy>79.0321</cy>
			<w>26.4969</w>
			<h>24.4211</h>
			<angle>1.303465</angle>
		</robndbox>
		<extra/>
	</object>
	<object>
		<name>scale</name>
		<pose>Unspecified</pose>
		<truncated>0</truncated>
		<difficult>0</difficult>
		<robndbox>
			<cx>311.6078</cx>
			<cy>73.9098</cy>
			<w>26.5017</w>
			<h>25.5459</h>
			<angle>1.347298</angle>
		</robndbox>
		<extra/>
	</object>
	<object>
		<name>scale</name>
		<pose>Unspecified</pose>
		<truncated>0</truncated>
		<difficult>0</difficult>
		<robndbox>
			<cx>329.6078</cx>
			<cy>70.9098</cy>
			<w>26.5017</w>
			<h>25.5459</h>
			<angle>1.43286</angle>
		</robndbox>
		<extra/>
	</object>
	<object>
		<name>scale</name>
		<pose>Unspecified</pose>
		<truncated>0</truncated>
		<difficult>0</difficult>
		<robndbox>
			<cx>347.6078</cx>
			<cy>68.9098</cy>
			<w>26.5017</w>
			<h>25.5459</h>
			<angle>1.505096</angle>
		</robndbox>
		<extra/>
	</object>
	<object>
		<name>scale</name>
		<pose>Unspecified</pose>
		<truncated>0</truncated>
		<difficult>0</difficult>
		<robndbox>
			<cx>365.6078</cx>
			<cy>68.9098</cy>
			<w>26.5017</w>
			<h>25.5459</h>
			<angle>1.576106</angle>
		</robndbox>
		<extra/>
	</object>
	<object>
		<name>scale</name>
		<pose>Unspecified</pose>
		<truncated>0</truncated>
		<difficult>0</difficult>
		<robndbox>
			<cx>383.6078</cx>
			<cy>70.9098</cy>
			<w>26.5017</w>
			<h>25.5459</h>
			<angle>1.73901</angle>
		</robndbox>
		<extra/>
	</object>
	<object>
		<name>scale</name>
		<pose>Unspecified</pose>
		<truncated>0</truncated>
		<difficult>0</difficult>
		<robndbox>
			<cx>400.2477</cx>
			<cy>75.1947</cy>
			<w>25.36</w>
			<h>24.4231</h>
			<angle>1.881369</angle>
		</robndbox>
		<extra/>
	</object>
	<object>
		<name>scale</name>
		<pose>Unspecified</pose>
		<truncated>0</truncated>
		<difficult>0</difficult>
		<robndbox>
			<cx>417.2477</cx>
			<cy>81.1947</cy>
			<w>25.36</w>
			<h>24.4231</h>
			<angle>1.955324</angle>
		</robndbox>
		<extra/>
	</object>
	<object>
		<name>scale</name>
		<pose>Unspecified</pose>
		<truncated>0</truncated>
		<difficult>0</difficult>
		<robndbox>
			<cx>434.2477</cx>
			<cy>88.1947</cy>
			<w>25.36</w>
			<h>24.4231</h>
			<angle>2.024895</angle>
		</robndbox>
		<extra/>
	</object>
	<object>
		<name>scale</name>
		<pose>Unspecified</pose>
		<truncated>0</truncated>
		<difficult>0</difficult>
		<robndbox>
			<cx>449.2477</cx>
			<cy>97.1947</cy>
			<w>25.36</w>
			<h>24.4231</h>
			<angle>2.076554</angle>
		</robndbox>
		<extra/>
	</object>
	<object>
		<name>scale</name>
		<pose>Unspecified</pose>
		<truncated>0</truncated>
		<difficult>0</difficult>
		<robndbox>
			<cx>464.2477</cx>
			<cy>106.1947</cy>
			<w>25.36</w>
			<h>24.4231</h>
			<angle>2.192052</angle>
		</robndbox>
		<extra/>
	</object>
	<object>
		<name>scale</name>
		<pose>Unspecified</pose>
		<truncated>0</truncated>
		<difficult>0</difficult>
		<robndbox>
			<cx>478.8204</cx>
			<cy>117.3005</cy>
			<w>24.7519</w>
			<h>25.4164</h>
			<angle>2.30289</angle>
		</robndbox>
		<extra/>
	</object>
	<object>
		<name>scale</name>
		<pose>Unspecified</pose>
		<truncated>0</truncated>
		<difficult>0</difficult>
		<robndbox>
			<cx>491.8204</cx>
			<cy>130.3005</cy>
			<w>24.7519</w>
			<h>25.4164</h>
			<angle>2.30644</angle>
		</robndbox>
		<extra/>
	</object>
	<object>
		<name>scale</name>
		<pose>Unspecified</pose>
		<truncated>0</truncated>
		<difficult>0</difficult>
		<robndbox>
			<cx>502.8204</cx>
			<cy>143.3005</cy>
			<w>24.7519</w>
			<h>25.4164</h>
			<angle>2.478019</angle>
		</robndbox>
		<extra/>
	</object>
	<object>
		<name>scale</name>
		<pose>Unspecified</pose>
		<truncated>0</truncated>
		<difficult>0</difficult>
		<robndbox>
			<cx>513.8204</cx>
			<cy>158.3005</cy>
			<w>24.7519</w>
			<h>25.4164</h>
			<angle>2.519138</angle>
		</robndbox>
		<extra/>
	</object>
	<object>
		<name>scale</name>
		<pose>Unspecified</pose>
		<truncated>0</truncated>
		<difficult>0</difficult>
		<robndbox>
			<cx>522.8204</cx>
			<cy>173.3005</cy>
			<w>24.7519</w>
			<h>25.4164</h>
			<angle>2.621728</angle>
		</robndbox>
		<extra/>
	</object>
	<object>
		<name>scale</name>
		<pose>Unspecified</pose>
		<truncated>0</truncated>
		<difficult>0</difficult>
		<robndbox>
			<cx>529.8204</cx>
			<cy>189.3005</cy>
			<w>24.7519</w>
			<h>25.4164</h>
			<angle>2.740055</angle>
		</robndbox>
		<extra/>
	</object>
	<object>
		<name>scale</name>
		<pose>Unspecified</pose>
		<truncated>0</truncated>
		<difficult>0</difficult>
		<robndbox>
			<cx>535.8204</cx>
			<cy>206.3005</cy>
			<w>24.7519</w>
			<h>25.4164</h>
			<angle>2.911538</angle>
		</robndbox>
		<extra/>
	</object>
	<object>
		<name>scale</name>
		<pose>Unspecified</pose>
		<truncated>0</truncated>
		<difficult>0</difficult>
		<robndbox>
			<cx>538.8204</cx>
			<cy>225.3005</cy>
			<w>24.7519</w>
			<h>25.4164</h>
			<angle>2.958252</angle>
		</robndbox>
		<extra/>
	</object>
	<object>
		<name>scale</name>
		<pose>Unspecified</pose>
		<truncated>0</truncated>
		<difficult>0</difficult>
		<robndbox>
			<cx>541.8204</cx>
			<cy>260.3005</cy>
			<w>24.7519</w>
			<h>25.4164</h>
			<angle>3.115821</angle>
		</robndbox>
		<extra/>
	</object>
	<object>
		<name>scale</name>
		<pose>Unspecified</pose>
		<truncated>0</truncated>
		<difficult>0</difficult>
		<robndbox>
			<cx>539.8204</cx>
			<cy>240.3005</cy>
			<w>24.7519</w>
			<h>25.4164</h>
			<angle>3.02768</angle>
		</robndbox>
		<extra/>
	</object>
	<object>
		<name>scale</name>
		<pose>Unspecified</pose>
		<truncated>0</truncated>
		<difficult>0</difficult>
		<robndbox>
			<cx>541.8204</cx>
			<cy>277.3005</cy>
			<w>24.7519</w>
			<h>25.4164</h>
			<angle>3.204571</angle>
		</robndbox>
		<extra/>
	</object>
	<object>
		<name>scale</name>
		<pose>Unspecified</pose>
		<truncated>0</truncated>
		<difficult>0</difficult>
		<robndbox>
			<cx>539.8204</cx>
			<cy>295.3005</cy>
			<w>24.7519</w>
			<h>25.4164</h>
			<angle>3.292545</angle>
		</robndbox>
		<extra/>
	</object>
	<object>
		<name>scale</name>
		<pose>Unspecified</pose>
		<truncated>0</truncated>
		<difficult>0</difficult>
		<robndbox>
			<cx>535.8204</cx>
			<cy>313.3005</cy>
			<w>24.7519</w>
			<h>25.4164</h>
			<angle>3.399401</angle>
		</robndbox>
		<extra/>
	</object>
	<object>
		<name>scale</name>
		<pose>Unspecified</pose>
		<truncated>0</truncated>
		<difficult>0</difficult>
		<robndbox>
			<cx>529.8204</cx>
			<cy>330.3005</cy>
			<w>24.7519</w>
			<h>25.4164</h>
			<angle>3.549089</angle>
		</robndbox>
		<extra/>
	</object>
	<object>
		<name>scale</name>
		<pose>Unspecified</pose>
		<truncated>0</truncated>
		<difficult>0</difficult>
		<robndbox>
			<cx>521.8204</cx>
			<cy>347.3005</cy>
			<w>24.7519</w>
			<h>25.4164</h>
			<angle>3.594449</angle>
		</robndbox>
		<extra/>
	</object>
	<object>
		<name>scale</name>
		<pose>Unspecified</pose>
		<truncated>0</truncated>
		<difficult>0</difficult>
		<robndbox>
			<cx>512.8204</cx>
			<cy>363.3005</cy>
			<w>24.7519</w>
			<h>25.4164</h>
			<angle>3.695539</angle>
		</robndbox>
		<extra/>
	</object>
	<object>
		<name>scale</name>
		<pose>Unspecified</pose>
		<truncated>0</truncated>
		<difficult>0</difficult>
		<robndbox>
			<cx>502.6201</cx>
			<cy>378.4634</cy>
			<w>24.59</w>
			<h>25.9067</h>
			<angle>3.710521</angle>
		</robndbox>
		<extra/>
	</object>
	<object>
		<name>scale</name>
		<pose>Unspecified</pose>
		<truncated>0</truncated>
		<difficult>0</difficult>
		<robndbox>
			<cx>490.6201</cx>
			<cy>392.4634</cy>
			<w>24.59</w>
			<h>25.9067</h>
			<angle>3.880429</angle>
		</robndbox>
		<extra/>
	</object>
	<object>
		<name>1</name>
		<pose>Unspecified</pose>
		<truncated>0</truncated>
		<difficult>0</difficult>
		<robndbox>
			<cx>396.5</cx>
			<cy>150.5</cy>
			<w>17.0</w>
			<h>43.0</h>
			<angle>0.0</angle>
		</robndbox>
		<extra/>
	</object>
	<object>
		<name>5</name>
		<pose>Unspecified</pose>
		<truncated>0</truncated>
		<difficult>0</difficult>
		<robndbox>
			<cx>416.5</cx>
			<cy>150.5</cy>
			<w>21.0</w>
			<h>43.0</h>
			<angle>0.0</angle>
		</robndbox>
		<extra/>
	</object>
	<object>
		<name>0</name>
		<pose>Unspecified</pose>
		<truncated>0</truncated>
		<difficult>0</difficult>
		<robndbox>
			<cx>437.5</cx>
			<cy>150.5</cy>
			<w>21.0</w>
			<h>43.0</h>
			<angle>0.0</angle>
		</robndbox>
		<extra/>
	</object>
	<object>
		<name>2</name>
		<pose>Unspecified</pose>
		<truncated>0</truncated>
		<difficult>0</difficult>
		<robndbox>
			<cx>450.5</cx>
			<cy>239.5</cy>
			<w>21.0</w>
			<h>43.0</h>
			<angle>0.0</angle>
		</robndbox>
		<extra/>
	</object>
	<object>
		<name>0</name>
		<pose>Unspecified</pose>
		<truncated>0</truncated>
		<difficult>0</difficult>
		<robndbox>
			<cx>470.5</cx>
			<cy>239.5</cy>
			<w>21.0</w>
			<h>43.0</h>
			<angle>0.0</angle>
		</robndbox>
		<extra/>
	</object>
	<object>
		<name>0</name>
		<pose>Unspecified</pose>
		<truncated>0</truncated>
		<difficult>0</difficult>
		<robndbox>
			<cx>490.5</cx>
			<cy>240.5</cy>
			<w>21.0</w>
			<h>43.0</h>
			<angle>0.0</angle>
		</robndbox>
		<extra/>
	</object>
	<object>
		<name>0</name>
		<pose>Unspecified</pose>
		<truncated>0</truncated>
		<difficult>0</difficult>
		<robndbox>
			<cx>470.5</cx>
			<cy>348.0</cy>
			<w>21.0</w>
			<h>44.0</h>
			<angle>0.0</angle>
		</robndbox>
		<extra/>
	</object>
	<object>
		<name>5</name>
		<pose>Unspecified</pose>
		<truncated>0</truncated>
		<difficult>0</difficult>
		<robndbox>
			<cx>450.5</cx>
			<cy>347.0</cy>
			<w>21.0</w>
			<h>44.0</h>
			<angle>0.0</angle>
		</robndbox>
		<extra/>
	</object>
	<object>
		<name>2</name>
		<pose>Unspecified</pose>
		<truncated>0</truncated>
		<difficult>0</difficult>
		<robndbox>
			<cx>428.5</cx>
			<cy>347.0</cy>
			<w>21.0</w>
			<h>44.0</h>
			<angle>0.0</angle>
		</robndbox>
		<extra/>
	</object>
	<object>
		<name>0</name>
		<pose>Unspecified</pose>
		<truncated>0</truncated>
		<difficult>0</difficult>
		<robndbox>
			<cx>246.5</cx>
			<cy>343.0</cy>
			<w>21.0</w>
			<h>44.0</h>
			<angle>0.0</angle>
		</robndbox>
		<extra/>
	</object>
	<object>
		<name>0</name>
		<pose>Unspecified</pose>
		<truncated>0</truncated>
		<difficult>0</difficult>
		<robndbox>
			<cx>235.5</cx>
			<cy>234.0</cy>
			<w>21.0</w>
			<h>44.0</h>
			<angle>0.0</angle>
		</robndbox>
		<extra/>
	</object>
	<object>
		<name>5</name>
		<pose>Unspecified</pose>
		<truncated>0</truncated>
		<difficult>0</difficult>
		<robndbox>
			<cx>214.5</cx>
			<cy>234.0</cy>
			<w>21.0</w>
			<h>44.0</h>
			<angle>0.0</angle>
		</robndbox>
		<extra/>
	</object>
	<object>
		<name>0</name>
		<pose>Unspecified</pose>
		<truncated>0</truncated>
		<difficult>0</difficult>
		<robndbox>
			<cx>305.5</cx>
			<cy>150.0</cy>
			<w>21.0</w>
			<h>44.0</h>
			<angle>0.0</angle>
		</robndbox>
		<extra/>
	</object>
	<object>
		<name>0</name>
		<pose>Unspecified</pose>
		<truncated>0</truncated>
		<difficult>0</difficult>
		<robndbox>
			<cx>285.5</cx>
			<cy>149.0</cy>
			<w>21.0</w>
			<h>44.0</h>
			<angle>0.0</angle>
		</robndbox>
		<extra/>
	</object>
	<object>
		<name>1</name>
		<pose>Unspecified</pose>
		<truncated>0</truncated>
		<difficult>0</difficult>
		<robndbox>
			<cx>265.5</cx>
			<cy>149.0</cy>
			<w>21.0</w>
			<h>44.0</h>
			<angle>0.0</angle>
		</robndbox>
		<extra/>
	</object>
</annotation>
