<annotation>
	<folder>drive-download-20220120T141758Z-001</folder>
	<filename>0cb56cd8-7146-4bc8-921b-e9fc6d8ce4e3.jpg</filename>
	<path>C:\Users\yaman\Downloads\drive-download-20220120T141758Z-001\0cb56cd8-7146-4bc8-921b-e9fc6d8ce4e3.jpg</path>
	<source>
		<database>Unknown</database>
	</source>
	<size>
		<width>500</width>
		<height>500</height>
		<depth>3</depth>
	</size>
	<segmented>0</segmented>
	<object>
		<name>2</name>
		<pose>Unspecified</pose>
		<truncated>0</truncated>
		<difficult>0</difficult>
		<robndbox>
			<cx>102.5</cx>
			<cy>214.0</cy>
			<w>19.0</w>
			<h>34.0</h>
			<angle>0.0</angle>
		</robndbox>
		<extra/>
	</object>
	<object>
		<name>0</name>
		<pose>Unspecified</pose>
		<truncated>0</truncated>
		<difficult>0</difficult>
		<robndbox>
			<cx>121.5</cx>
			<cy>214.0</cy>
			<w>19.0</w>
			<h>34.0</h>
			<angle>0.0</angle>
		</robndbox>
		<extra/>
	</object>
	<object>
		<name>4</name>
		<pose>Unspecified</pose>
		<truncated>0</truncated>
		<difficult>0</difficult>
		<robndbox>
			<cx>181.5</cx>
			<cy>123.0</cy>
			<w>19.0</w>
			<h>34.0</h>
			<angle>0.0</angle>
		</robndbox>
		<extra/>
	</object>
	<object>
		<name>0</name>
		<pose>Unspecified</pose>
		<truncated>0</truncated>
		<difficult>0</difficult>
		<robndbox>
			<cx>200.5</cx>
			<cy>123.0</cy>
			<w>19.0</w>
			<h>34.0</h>
			<angle>0.0</angle>
		</robndbox>
		<extra/>
	</object>
	<object>
		<name>6</name>
		<pose>Unspecified</pose>
		<truncated>0</truncated>
		<difficult>0</difficult>
		<robndbox>
			<cx>302.5</cx>
			<cy>123.0</cy>
			<w>19.0</w>
			<h>34.0</h>
			<angle>0.0</angle>
		</robndbox>
		<extra/>
	</object>
	<object>
		<name>0</name>
		<pose>Unspecified</pose>
		<truncated>0</truncated>
		<difficult>0</difficult>
		<robndbox>
			<cx>321.5</cx>
			<cy>123.0</cy>
			<w>19.0</w>
			<h>34.0</h>
			<angle>0.0</angle>
		</robndbox>
		<extra/>
	</object>
	<object>
		<name>8</name>
		<pose>Unspecified</pose>
		<truncated>0</truncated>
		<difficult>0</difficult>
		<robndbox>
			<cx>379.5</cx>
			<cy>216.0</cy>
			<w>19.0</w>
			<h>34.0</h>
			<angle>0.0</angle>
		</robndbox>
		<extra/>
	</object>
	<object>
		<name>0</name>
		<pose>Unspecified</pose>
		<truncated>0</truncated>
		<difficult>0</difficult>
		<robndbox>
			<cx>399.5</cx>
			<cy>216.0</cy>
			<w>19.0</w>
			<h>34.0</h>
			<angle>0.0</angle>
		</robndbox>
		<extra/>
	</object>
	<object>
		<name>0</name>
		<pose>Unspecified</pose>
		<truncated>0</truncated>
		<difficult>0</difficult>
		<robndbox>
			<cx>377.5</cx>
			<cy>332.0</cy>
			<w>19.0</w>
			<h>34.0</h>
			<angle>0.0</angle>
		</robndbox>
		<extra/>
	</object>
	<object>
		<name>0</name>
		<pose>Unspecified</pose>
		<truncated>0</truncated>
		<difficult>0</difficult>
		<robndbox>
			<cx>359.5</cx>
			<cy>332.0</cy>
			<w>19.0</w>
			<h>34.0</h>
			<angle>0.0</angle>
		</robndbox>
		<extra/>
	</object>
	<object>
		<name>1</name>
		<pose>Unspecified</pose>
		<truncated>0</truncated>
		<difficult>0</difficult>
		<robndbox>
			<cx>343.5</cx>
			<cy>332.0</cy>
			<w>15.0</w>
			<h>34.0</h>
			<angle>0.0</angle>
		</robndbox>
		<extra/>
	</object>
	<object>
		<name>0</name>
		<pose>Unspecified</pose>
		<truncated>0</truncated>
		<difficult>0</difficult>
		<robndbox>
			<cx>125.5</cx>
			<cy>336.0</cy>
			<w>19.0</w>
			<h>34.0</h>
			<angle>0.0</angle>
		</robndbox>
		<extra/>
	</object>
	<object>
		<name>needle</name>
		<pose>Unspecified</pose>
		<truncated>0</truncated>
		<difficult>0</difficult>
		<robndbox>
			<cx>150.3325</cx>
			<cy>317.2666</cy>
			<w>24.6887</w>
			<h>110.1462</h>
			<angle>4.130347</angle>
		</robndbox>
		<extra/>
	</object>
	<object>
		<name>scale</name>
		<pose>Unspecified</pose>
		<truncated>0</truncated>
		<difficult>0</difficult>
		<robndbox>
			<cx>88.5</cx>
			<cy>349.5</cy>
			<w>27.0289</w>
			<h>28.9731</h>
			<angle>5.710087</angle>
		</robndbox>
		<extra/>
	</object>
	<object>
		<name>scale</name>
		<pose>Unspecified</pose>
		<truncated>0</truncated>
		<difficult>0</difficult>
		<robndbox>
			<cx>66.5</cx>
			<cy>202.5</cy>
			<w>27.0289</w>
			<h>28.9731</h>
			<angle>0.210275</angle>
		</robndbox>
		<extra/>
	</object>
	<object>
		<name>scale</name>
		<pose>Unspecified</pose>
		<truncated>0</truncated>
		<difficult>0</difficult>
		<robndbox>
			<cx>69.5</cx>
			<cy>191.5</cy>
			<w>27.0289</w>
			<h>28.9731</h>
			<angle>0.275</angle>
		</robndbox>
		<extra/>
	</object>
	<object>
		<name>scale</name>
		<pose>Unspecified</pose>
		<truncated>0</truncated>
		<difficult>0</difficult>
		<robndbox>
			<cx>168.5</cx>
			<cy>82.5</cy>
			<w>27.0289</w>
			<h>28.9731</h>
			<angle>1.111898</angle>
		</robndbox>
		<extra/>
	</object>
	<object>
		<name>scale</name>
		<pose>Unspecified</pose>
		<truncated>0</truncated>
		<difficult>0</difficult>
		<robndbox>
			<cx>180.5</cx>
			<cy>76.5</cy>
			<w>27.0289</w>
			<h>28.9731</h>
			<angle>1.135852</angle>
		</robndbox>
		<extra/>
	</object>
	<object>
		<name>scale</name>
		<pose>Unspecified</pose>
		<truncated>0</truncated>
		<difficult>0</difficult>
		<robndbox>
			<cx>326.5</cx>
			<cy>79.5</cy>
			<w>27.0289</w>
			<h>28.9731</h>
			<angle>1.989937</angle>
		</robndbox>
		<extra/>
	</object>
	<object>
		<name>scale</name>
		<pose>Unspecified</pose>
		<truncated>0</truncated>
		<difficult>0</difficult>
		<robndbox>
			<cx>337.5</cx>
			<cy>85.5</cy>
			<w>27.0289</w>
			<h>28.9731</h>
			<angle>2.115988</angle>
		</robndbox>
		<extra/>
	</object>
	<object>
		<name>scale</name>
		<pose>Unspecified</pose>
		<truncated>0</truncated>
		<difficult>0</difficult>
		<robndbox>
			<cx>430.5</cx>
			<cy>199.5</cy>
			<w>27.0289</w>
			<h>28.9731</h>
			<angle>2.897996</angle>
		</robndbox>
		<extra/>
	</object>
	<object>
		<name>scale</name>
		<pose>Unspecified</pose>
		<truncated>0</truncated>
		<difficult>0</difficult>
		<robndbox>
			<cx>433.5</cx>
			<cy>212.5</cy>
			<w>27.0289</w>
			<h>28.9731</h>
			<angle>2.986308</angle>
		</robndbox>
		<extra/>
	</object>
	<object>
		<name>scale</name>
		<pose>Unspecified</pose>
		<truncated>0</truncated>
		<difficult>0</difficult>
		<robndbox>
			<cx>406.5</cx>
			<cy>357.5</cy>
			<w>27.0289</w>
			<h>28.9731</h>
			<angle>3.776528</angle>
		</robndbox>
		<extra/>
	</object>
	<object>
		<name>scale</name>
		<pose>Unspecified</pose>
		<truncated>0</truncated>
		<difficult>0</difficult>
		<robndbox>
			<cx>79.061</cx>
			<cy>333.2838</cy>
			<w>26.3921</w>
			<h>25.2878</h>
			<angle>5.8074</angle>
		</robndbox>
		<extra/>
	</object>
	<object>
		<name>scale</name>
		<pose>Unspecified</pose>
		<truncated>0</truncated>
		<difficult>0</difficult>
		<robndbox>
			<cx>72.061</cx>
			<cy>318.2838</cy>
			<w>26.3921</w>
			<h>25.2878</h>
			<angle>5.877386</angle>
		</robndbox>
		<extra/>
	</object>
	<object>
		<name>scale</name>
		<pose>Unspecified</pose>
		<truncated>0</truncated>
		<difficult>0</difficult>
		<robndbox>
			<cx>67.061</cx>
			<cy>302.2838</cy>
			<w>26.3921</w>
			<h>25.2878</h>
			<angle>5.970002</angle>
		</robndbox>
		<extra/>
	</object>
	<object>
		<name>scale</name>
		<pose>Unspecified</pose>
		<truncated>0</truncated>
		<difficult>0</difficult>
		<robndbox>
			<cx>63.061</cx>
			<cy>286.2838</cy>
			<w>26.3921</w>
			<h>25.2878</h>
			<angle>6.111059</angle>
		</robndbox>
		<extra/>
	</object>
	<object>
		<name>scale</name>
		<pose>Unspecified</pose>
		<truncated>0</truncated>
		<difficult>0</difficult>
		<robndbox>
			<cx>61.061</cx>
			<cy>270.2838</cy>
			<w>26.3921</w>
			<h>25.2878</h>
			<angle>6.184224</angle>
		</robndbox>
		<extra/>
	</object>
	<object>
		<name>scale</name>
		<pose>Unspecified</pose>
		<truncated>0</truncated>
		<difficult>0</difficult>
		<robndbox>
			<cx>60.061</cx>
			<cy>253.2838</cy>
			<w>26.3921</w>
			<h>25.2878</h>
			<angle>0.013306</angle>
		</robndbox>
		<extra/>
	</object>
	<object>
		<name>scale</name>
		<pose>Unspecified</pose>
		<truncated>0</truncated>
		<difficult>0</difficult>
		<robndbox>
			<cx>61.061</cx>
			<cy>237.2838</cy>
			<w>26.3921</w>
			<h>25.2878</h>
			<angle>0.013306</angle>
		</robndbox>
		<extra/>
	</object>
	<object>
		<name>scale</name>
		<pose>Unspecified</pose>
		<truncated>0</truncated>
		<difficult>0</difficult>
		<robndbox>
			<cx>63.061</cx>
			<cy>220.2838</cy>
			<w>26.3921</w>
			<h>25.2878</h>
			<angle>0.117978</angle>
		</robndbox>
		<extra/>
	</object>
	<object>
		<name>scale</name>
		<pose>Unspecified</pose>
		<truncated>0</truncated>
		<difficult>0</difficult>
		<robndbox>
			<cx>76.061</cx>
			<cy>174.2838</cy>
			<w>26.3921</w>
			<h>25.2878</h>
			<angle>0.42304</angle>
		</robndbox>
		<extra/>
	</object>
	<object>
		<name>scale</name>
		<pose>Unspecified</pose>
		<truncated>0</truncated>
		<difficult>0</difficult>
		<robndbox>
			<cx>84.061</cx>
			<cy>159.2838</cy>
			<w>26.3921</w>
			<h>25.2878</h>
			<angle>0.546767</angle>
		</robndbox>
		<extra/>
	</object>
	<object>
		<name>scale</name>
		<pose>Unspecified</pose>
		<truncated>0</truncated>
		<difficult>0</difficult>
		<robndbox>
			<cx>93.061</cx>
			<cy>146.2838</cy>
			<w>26.3921</w>
			<h>25.2878</h>
			<angle>0.607633</angle>
		</robndbox>
		<extra/>
	</object>
	<object>
		<name>scale</name>
		<pose>Unspecified</pose>
		<truncated>0</truncated>
		<difficult>0</difficult>
		<robndbox>
			<cx>103.061</cx>
			<cy>133.2838</cy>
			<w>26.3921</w>
			<h>25.2878</h>
			<angle>0.648929</angle>
		</robndbox>
		<extra/>
	</object>
	<object>
		<name>scale</name>
		<pose>Unspecified</pose>
		<truncated>0</truncated>
		<difficult>0</difficult>
		<robndbox>
			<cx>113.061</cx>
			<cy>121.2838</cy>
			<w>26.3921</w>
			<h>25.2878</h>
			<angle>0.715892</angle>
		</robndbox>
		<extra/>
	</object>
	<object>
		<name>scale</name>
		<pose>Unspecified</pose>
		<truncated>0</truncated>
		<difficult>0</difficult>
		<robndbox>
			<cx>125.061</cx>
			<cy>110.2838</cy>
			<w>26.3921</w>
			<h>25.2878</h>
			<angle>0.807738</angle>
		</robndbox>
		<extra/>
	</object>
	<object>
		<name>scale</name>
		<pose>Unspecified</pose>
		<truncated>0</truncated>
		<difficult>0</difficult>
		<robndbox>
			<cx>138.061</cx>
			<cy>99.2838</cy>
			<w>26.3921</w>
			<h>25.2878</h>
			<angle>0.856017</angle>
		</robndbox>
		<extra/>
	</object>
	<object>
		<name>scale</name>
		<pose>Unspecified</pose>
		<truncated>0</truncated>
		<difficult>0</difficult>
		<robndbox>
			<cx>151.061</cx>
			<cy>91.2838</cy>
			<w>26.3921</w>
			<h>25.2878</h>
			<angle>0.958814</angle>
		</robndbox>
		<extra/>
	</object>
	<object>
		<name>scale</name>
		<pose>Unspecified</pose>
		<truncated>0</truncated>
		<difficult>0</difficult>
		<robndbox>
			<cx>196.061</cx>
			<cy>70.2838</cy>
			<w>26.3921</w>
			<h>25.2878</h>
			<angle>1.217464</angle>
		</robndbox>
		<extra/>
	</object>
	<object>
		<name>scale</name>
		<pose>Unspecified</pose>
		<truncated>0</truncated>
		<difficult>0</difficult>
		<robndbox>
			<cx>213.061</cx>
			<cy>66.2838</cy>
			<w>26.3921</w>
			<h>25.2878</h>
			<angle>1.380078</angle>
		</robndbox>
		<extra/>
	</object>
	<object>
		<name>scale</name>
		<pose>Unspecified</pose>
		<truncated>0</truncated>
		<difficult>0</difficult>
		<robndbox>
			<cx>229.061</cx>
			<cy>64.2838</cy>
			<w>26.3921</w>
			<h>25.2878</h>
			<angle>1.449569</angle>
		</robndbox>
		<extra/>
	</object>
	<object>
		<name>scale</name>
		<pose>Unspecified</pose>
		<truncated>0</truncated>
		<difficult>0</difficult>
		<robndbox>
			<cx>246.061</cx>
			<cy>63.2838</cy>
			<w>26.3921</w>
			<h>25.2878</h>
			<angle>1.526398</angle>
		</robndbox>
		<extra/>
	</object>
	<object>
		<name>scale</name>
		<pose>Unspecified</pose>
		<truncated>0</truncated>
		<difficult>0</difficult>
		<robndbox>
			<cx>261.061</cx>
			<cy>63.2838</cy>
			<w>26.3921</w>
			<h>25.2878</h>
			<angle>1.64093</angle>
		</robndbox>
		<extra/>
	</object>
	<object>
		<name>scale</name>
		<pose>Unspecified</pose>
		<truncated>0</truncated>
		<difficult>0</difficult>
		<robndbox>
			<cx>278.2433</cx>
			<cy>65.2031</cy>
			<w>26.4676</w>
			<h>23.6463</h>
			<angle>1.715146</angle>
		</robndbox>
		<extra/>
	</object>
	<object>
		<name>scale</name>
		<pose>Unspecified</pose>
		<truncated>0</truncated>
		<difficult>0</difficult>
		<robndbox>
			<cx>293.2433</cx>
			<cy>69.2031</cy>
			<w>26.4676</w>
			<h>23.6463</h>
			<angle>1.85791</angle>
		</robndbox>
		<extra/>
	</object>
	<object>
		<name>scale</name>
		<pose>Unspecified</pose>
		<truncated>0</truncated>
		<difficult>0</difficult>
		<robndbox>
			<cx>308.2433</cx>
			<cy>73.2031</cy>
			<w>26.4676</w>
			<h>23.6463</h>
			<angle>1.85791</angle>
		</robndbox>
		<extra/>
	</object>
	<object>
		<name>scale</name>
		<pose>Unspecified</pose>
		<truncated>0</truncated>
		<difficult>0</difficult>
		<robndbox>
			<cx>353.2433</cx>
			<cy>95.2031</cy>
			<w>26.4676</w>
			<h>23.6463</h>
			<angle>2.124613</angle>
		</robndbox>
		<extra/>
	</object>
	<object>
		<name>scale</name>
		<pose>Unspecified</pose>
		<truncated>0</truncated>
		<difficult>0</difficult>
		<robndbox>
			<cx>366.2433</cx>
			<cy>105.2031</cy>
			<w>26.4676</w>
			<h>23.6463</h>
			<angle>2.251266</angle>
		</robndbox>
		<extra/>
	</object>
	<object>
		<name>scale</name>
		<pose>Unspecified</pose>
		<truncated>0</truncated>
		<difficult>0</difficult>
		<robndbox>
			<cx>379.2433</cx>
			<cy>116.2031</cy>
			<w>26.4676</w>
			<h>23.6463</h>
			<angle>2.31404</angle>
		</robndbox>
		<extra/>
	</object>
	<object>
		<name>scale</name>
		<pose>Unspecified</pose>
		<truncated>0</truncated>
		<difficult>0</difficult>
		<robndbox>
			<cx>390.2433</cx>
			<cy>127.2031</cy>
			<w>26.4676</w>
			<h>23.6463</h>
			<angle>2.42359</angle>
		</robndbox>
		<extra/>
	</object>
	<object>
		<name>scale</name>
		<pose>Unspecified</pose>
		<truncated>0</truncated>
		<difficult>0</difficult>
		<robndbox>
			<cx>401.2433</cx>
			<cy>140.2031</cy>
			<w>26.4676</w>
			<h>23.6463</h>
			<angle>2.532874</angle>
		</robndbox>
		<extra/>
	</object>
	<object>
		<name>scale</name>
		<pose>Unspecified</pose>
		<truncated>0</truncated>
		<difficult>0</difficult>
		<robndbox>
			<cx>410.2433</cx>
			<cy>154.2031</cy>
			<w>26.4676</w>
			<h>23.6463</h>
			<angle>2.547569</angle>
		</robndbox>
		<extra/>
	</object>
	<object>
		<name>scale</name>
		<pose>Unspecified</pose>
		<truncated>0</truncated>
		<difficult>0</difficult>
		<robndbox>
			<cx>418.2433</cx>
			<cy>168.2031</cy>
			<w>26.4676</w>
			<h>23.6463</h>
			<angle>2.653741</angle>
		</robndbox>
		<extra/>
	</object>
	<object>
		<name>scale</name>
		<pose>Unspecified</pose>
		<truncated>0</truncated>
		<difficult>0</difficult>
		<robndbox>
			<cx>424.2433</cx>
			<cy>182.2031</cy>
			<w>26.4676</w>
			<h>23.6463</h>
			<angle>2.827493</angle>
		</robndbox>
		<extra/>
	</object>
	<object>
		<name>scale</name>
		<pose>Unspecified</pose>
		<truncated>0</truncated>
		<difficult>0</difficult>
		<robndbox>
			<cx>436.2433</cx>
			<cy>230.2031</cy>
			<w>26.4676</w>
			<h>23.6463</h>
			<angle>2.989597</angle>
		</robndbox>
		<extra/>
	</object>
	<object>
		<name>scale</name>
		<pose>Unspecified</pose>
		<truncated>0</truncated>
		<difficult>0</difficult>
		<robndbox>
			<cx>438.2433</cx>
			<cy>246.2031</cy>
			<w>26.4676</w>
			<h>23.6463</h>
			<angle>3.137402</angle>
		</robndbox>
		<extra/>
	</object>
	<object>
		<name>scale</name>
		<pose>Unspecified</pose>
		<truncated>0</truncated>
		<difficult>0</difficult>
		<robndbox>
			<cx>438.2433</cx>
			<cy>263.2031</cy>
			<w>26.4676</w>
			<h>23.6463</h>
			<angle>3.185292</angle>
		</robndbox>
		<extra/>
	</object>
	<object>
		<name>scale</name>
		<pose>Unspecified</pose>
		<truncated>0</truncated>
		<difficult>0</difficult>
		<robndbox>
			<cx>436.2433</cx>
			<cy>279.2031</cy>
			<w>26.4676</w>
			<h>23.6463</h>
			<angle>3.266936</angle>
		</robndbox>
		<extra/>
	</object>
	<object>
		<name>scale</name>
		<pose>Unspecified</pose>
		<truncated>0</truncated>
		<difficult>0</difficult>
		<robndbox>
			<cx>433.2433</cx>
			<cy>295.2031</cy>
			<w>26.4676</w>
			<h>23.6463</h>
			<angle>3.36872</angle>
		</robndbox>
		<extra/>
	</object>
	<object>
		<name>scale</name>
		<pose>Unspecified</pose>
		<truncated>0</truncated>
		<difficult>0</difficult>
		<robndbox>
			<cx>429.2433</cx>
			<cy>311.2031</cy>
			<w>26.4676</w>
			<h>23.6463</h>
			<angle>3.473573</angle>
		</robndbox>
		<extra/>
	</object>
	<object>
		<name>scale</name>
		<pose>Unspecified</pose>
		<truncated>0</truncated>
		<difficult>0</difficult>
		<robndbox>
			<cx>423.2433</cx>
			<cy>326.2031</cy>
			<w>26.4676</w>
			<h>23.6463</h>
			<angle>3.598825</angle>
		</robndbox>
		<extra/>
	</object>
	<object>
		<name>scale</name>
		<pose>Unspecified</pose>
		<truncated>0</truncated>
		<difficult>0</difficult>
		<robndbox>
			<cx>415.2433</cx>
			<cy>341.2031</cy>
			<w>26.4676</w>
			<h>23.6463</h>
			<angle>3.598825</angle>
		</robndbox>
		<extra/>
	</object>
</annotation>
