<annotation>
	<folder>drive-download-20220120T141758Z-001</folder>
	<filename>0d9dea9b-b7b8-4316-b178-ec80a5eab348.jpg</filename>
	<path>C:\Users\yaman\Downloads\drive-download-20220120T141758Z-001\0d9dea9b-b7b8-4316-b178-ec80a5eab348.jpg</path>
	<source>
		<database>Unknown</database>
	</source>
	<size>
		<width>800</width>
		<height>800</height>
		<depth>3</depth>
	</size>
	<segmented>0</segmented>
	<object>
		<name>scale</name>
		<pose>Unspecified</pose>
		<truncated>0</truncated>
		<difficult>0</difficult>
		<robndbox>
			<cx>214.0</cx>
			<cy>329.0</cy>
			<w>14.0</w>
			<h>18.0</h>
			<angle>5.526081</angle>
		</robndbox>
		<extra/>
	</object>
	<object>
		<name>scale</name>
		<pose>Unspecified</pose>
		<truncated>0</truncated>
		<difficult>0</difficult>
		<robndbox>
			<cx>221.0</cx>
			<cy>323.0</cy>
			<w>14.0</w>
			<h>18.0</h>
			<angle>5.639684</angle>
		</robndbox>
		<extra/>
	</object>
	<object>
		<name>scale</name>
		<pose>Unspecified</pose>
		<truncated>0</truncated>
		<difficult>0</difficult>
		<robndbox>
			<cx>227.0</cx>
			<cy>318.0</cy>
			<w>14.0</w>
			<h>18.0</h>
			<angle>5.639684</angle>
		</robndbox>
		<extra/>
	</object>
	<object>
		<name>scale</name>
		<pose>Unspecified</pose>
		<truncated>0</truncated>
		<difficult>0</difficult>
		<robndbox>
			<cx>233.0</cx>
			<cy>313.0</cy>
			<w>14.0</w>
			<h>18.0</h>
			<angle>5.664889</angle>
		</robndbox>
		<extra/>
	</object>
	<object>
		<name>scale</name>
		<pose>Unspecified</pose>
		<truncated>0</truncated>
		<difficult>0</difficult>
		<robndbox>
			<cx>240.0</cx>
			<cy>308.0</cy>
			<w>14.0</w>
			<h>18.0</h>
			<angle>5.664889</angle>
		</robndbox>
		<extra/>
	</object>
	<object>
		<name>scale</name>
		<pose>Unspecified</pose>
		<truncated>0</truncated>
		<difficult>0</difficult>
		<robndbox>
			<cx>246.0</cx>
			<cy>304.0</cy>
			<w>14.0</w>
			<h>18.0</h>
			<angle>5.695183</angle>
		</robndbox>
		<extra/>
	</object>
	<object>
		<name>scale</name>
		<pose>Unspecified</pose>
		<truncated>0</truncated>
		<difficult>0</difficult>
		<robndbox>
			<cx>253.0</cx>
			<cy>300.0</cy>
			<w>14.0</w>
			<h>18.0</h>
			<angle>5.753939</angle>
		</robndbox>
		<extra/>
	</object>
	<object>
		<name>scale</name>
		<pose>Unspecified</pose>
		<truncated>0</truncated>
		<difficult>0</difficult>
		<robndbox>
			<cx>260.7069</cx>
			<cy>295.8827</cy>
			<w>13.6123</w>
			<h>17.5016</h>
			<angle>5.753939</angle>
		</robndbox>
		<extra/>
	</object>
	<object>
		<name>scale</name>
		<pose>Unspecified</pose>
		<truncated>0</truncated>
		<difficult>0</difficult>
		<robndbox>
			<cx>267.89</cx>
			<cy>292.4738</cy>
			<w>13.4299</w>
			<h>18.7255</h>
			<angle>5.834799</angle>
		</robndbox>
		<extra/>
	</object>
	<object>
		<name>scale</name>
		<pose>Unspecified</pose>
		<truncated>0</truncated>
		<difficult>0</difficult>
		<robndbox>
			<cx>274.89</cx>
			<cy>287.4738</cy>
			<w>13.4299</w>
			<h>18.7255</h>
			<angle>5.834799</angle>
		</robndbox>
		<extra/>
	</object>
	<object>
		<name>scale</name>
		<pose>Unspecified</pose>
		<truncated>0</truncated>
		<difficult>0</difficult>
		<robndbox>
			<cx>281.89</cx>
			<cy>285.4738</cy>
			<w>13.4299</w>
			<h>18.7255</h>
			<angle>5.86568</angle>
		</robndbox>
		<extra/>
	</object>
	<object>
		<name>scale</name>
		<pose>Unspecified</pose>
		<truncated>0</truncated>
		<difficult>0</difficult>
		<robndbox>
			<cx>289.89</cx>
			<cy>281.4738</cy>
			<w>13.4299</w>
			<h>18.7255</h>
			<angle>5.86568</angle>
		</robndbox>
		<extra/>
	</object>
	<object>
		<name>scale</name>
		<pose>Unspecified</pose>
		<truncated>0</truncated>
		<difficult>0</difficult>
		<robndbox>
			<cx>296.89</cx>
			<cy>278.4738</cy>
			<w>13.4299</w>
			<h>18.7255</h>
			<angle>5.929978</angle>
		</robndbox>
		<extra/>
	</object>
	<object>
		<name>scale</name>
		<pose>Unspecified</pose>
		<truncated>0</truncated>
		<difficult>0</difficult>
		<robndbox>
			<cx>304.89</cx>
			<cy>275.4738</cy>
			<w>13.4299</w>
			<h>18.7255</h>
			<angle>5.929978</angle>
		</robndbox>
		<extra/>
	</object>
	<object>
		<name>scale</name>
		<pose>Unspecified</pose>
		<truncated>0</truncated>
		<difficult>0</difficult>
		<robndbox>
			<cx>312.89</cx>
			<cy>273.4738</cy>
			<w>13.4299</w>
			<h>18.7255</h>
			<angle>5.974491</angle>
		</robndbox>
		<extra/>
	</object>
	<object>
		<name>scale</name>
		<pose>Unspecified</pose>
		<truncated>0</truncated>
		<difficult>0</difficult>
		<robndbox>
			<cx>319.89</cx>
			<cy>271.4738</cy>
			<w>13.4299</w>
			<h>18.7255</h>
			<angle>6.025046</angle>
		</robndbox>
		<extra/>
	</object>
	<object>
		<name>scale</name>
		<pose>Unspecified</pose>
		<truncated>0</truncated>
		<difficult>0</difficult>
		<robndbox>
			<cx>327.89</cx>
			<cy>269.4738</cy>
			<w>13.4299</w>
			<h>18.7255</h>
			<angle>6.086871</angle>
		</robndbox>
		<extra/>
	</object>
	<object>
		<name>scale</name>
		<pose>Unspecified</pose>
		<truncated>0</truncated>
		<difficult>0</difficult>
		<robndbox>
			<cx>336.89</cx>
			<cy>267.4738</cy>
			<w>13.4299</w>
			<h>18.7255</h>
			<angle>6.086871</angle>
		</robndbox>
		<extra/>
	</object>
	<object>
		<name>scale</name>
		<pose>Unspecified</pose>
		<truncated>0</truncated>
		<difficult>0</difficult>
		<robndbox>
			<cx>344.89</cx>
			<cy>266.4738</cy>
			<w>13.4299</w>
			<h>18.7255</h>
			<angle>6.086871</angle>
		</robndbox>
		<extra/>
	</object>
	<object>
		<name>scale</name>
		<pose>Unspecified</pose>
		<truncated>0</truncated>
		<difficult>0</difficult>
		<robndbox>
			<cx>351.7555</cx>
			<cy>264.8125</cy>
			<w>13.2579</w>
			<h>17.3869</h>
			<angle>6.210286</angle>
		</robndbox>
		<extra/>
	</object>
	<object>
		<name>scale</name>
		<pose>Unspecified</pose>
		<truncated>0</truncated>
		<difficult>0</difficult>
		<robndbox>
			<cx>359.2438</cx>
			<cy>263.0678</cy>
			<w>12.8417</w>
			<h>17.474</h>
			<angle>6.185323</angle>
		</robndbox>
		<extra/>
	</object>
	<object>
		<name>scale</name>
		<pose>Unspecified</pose>
		<truncated>0</truncated>
		<difficult>0</difficult>
		<robndbox>
			<cx>367.89</cx>
			<cy>262.4738</cy>
			<w>13.4299</w>
			<h>18.7255</h>
			<angle>6.210286</angle>
		</robndbox>
		<extra/>
	</object>
	<object>
		<name>scale</name>
		<pose>Unspecified</pose>
		<truncated>0</truncated>
		<difficult>0</difficult>
		<robndbox>
			<cx>375.5893</cx>
			<cy>261.0542</cy>
			<w>12.8283</w>
			<h>17.8867</h>
			<angle>0.000383</angle>
		</robndbox>
		<extra/>
	</object>
	<object>
		<name>scale</name>
		<pose>Unspecified</pose>
		<truncated>0</truncated>
		<difficult>0</difficult>
		<robndbox>
			<cx>384.0859</cx>
			<cy>260.4977</cy>
			<w>11.8217</w>
			<h>17.0</h>
			<angle>0.000383</angle>
		</robndbox>
		<extra/>
	</object>
	<object>
		<name>scale</name>
		<pose>Unspecified</pose>
		<truncated>0</truncated>
		<difficult>0</difficult>
		<robndbox>
			<cx>392.0891</cx>
			<cy>260.9977</cy>
			<w>11.8286</w>
			<h>18.0</h>
			<angle>0.000383</angle>
		</robndbox>
		<extra/>
	</object>
	<object>
		<name>scale</name>
		<pose>Unspecified</pose>
		<truncated>0</truncated>
		<difficult>0</difficult>
		<robndbox>
			<cx>400.0891</cx>
			<cy>260.9977</cy>
			<w>11.8286</w>
			<h>18.0</h>
			<angle>0.000383</angle>
		</robndbox>
		<extra/>
	</object>
	<object>
		<name>scale</name>
		<pose>Unspecified</pose>
		<truncated>0</truncated>
		<difficult>0</difficult>
		<robndbox>
			<cx>408.3765</cx>
			<cy>260.8529</cy>
			<w>12.3888</w>
			<h>18.3166</h>
			<angle>0.047642</angle>
		</robndbox>
		<extra/>
	</object>
	<object>
		<name>scale</name>
		<pose>Unspecified</pose>
		<truncated>0</truncated>
		<difficult>0</difficult>
		<robndbox>
			<cx>416.3765</cx>
			<cy>261.8529</cy>
			<w>12.3888</w>
			<h>18.3166</h>
			<angle>0.047642</angle>
		</robndbox>
		<extra/>
	</object>
	<object>
		<name>scale</name>
		<pose>Unspecified</pose>
		<truncated>0</truncated>
		<difficult>0</difficult>
		<robndbox>
			<cx>424.3765</cx>
			<cy>261.8529</cy>
			<w>12.3888</w>
			<h>18.3166</h>
			<angle>0.095479</angle>
		</robndbox>
		<extra/>
	</object>
	<object>
		<name>scale</name>
		<pose>Unspecified</pose>
		<truncated>0</truncated>
		<difficult>0</difficult>
		<robndbox>
			<cx>432.6686</cx>
			<cy>262.6895</cy>
			<w>12.9393</w>
			<h>18.6977</h>
			<angle>0.128129</angle>
		</robndbox>
		<extra/>
	</object>
	<object>
		<name>scale</name>
		<pose>Unspecified</pose>
		<truncated>0</truncated>
		<difficult>0</difficult>
		<robndbox>
			<cx>440.6399</cx>
			<cy>264.122</cy>
			<w>13.1412</w>
			<h>17.5793</h>
			<angle>0.128129</angle>
		</robndbox>
		<extra/>
	</object>
	<object>
		<name>scale</name>
		<pose>Unspecified</pose>
		<truncated>0</truncated>
		<difficult>0</difficult>
		<robndbox>
			<cx>448.6399</cx>
			<cy>265.122</cy>
			<w>13.1412</w>
			<h>17.5793</h>
			<angle>0.226248</angle>
		</robndbox>
		<extra/>
	</object>
	<object>
		<name>scale</name>
		<pose>Unspecified</pose>
		<truncated>0</truncated>
		<difficult>0</difficult>
		<robndbox>
			<cx>456.6399</cx>
			<cy>266.122</cy>
			<w>13.1412</w>
			<h>17.5793</h>
			<angle>0.226248</angle>
		</robndbox>
		<extra/>
	</object>
	<object>
		<name>scale</name>
		<pose>Unspecified</pose>
		<truncated>0</truncated>
		<difficult>0</difficult>
		<robndbox>
			<cx>464.6399</cx>
			<cy>269.122</cy>
			<w>13.1412</w>
			<h>17.5793</h>
			<angle>0.226248</angle>
		</robndbox>
		<extra/>
	</object>
	<object>
		<name>scale</name>
		<pose>Unspecified</pose>
		<truncated>0</truncated>
		<difficult>0</difficult>
		<robndbox>
			<cx>472.6399</cx>
			<cy>271.122</cy>
			<w>13.1412</w>
			<h>17.5793</h>
			<angle>0.342331</angle>
		</robndbox>
		<extra/>
	</object>
	<object>
		<name>scale</name>
		<pose>Unspecified</pose>
		<truncated>0</truncated>
		<difficult>0</difficult>
		<robndbox>
			<cx>480.6399</cx>
			<cy>273.122</cy>
			<w>13.1412</w>
			<h>17.5793</h>
			<angle>0.342331</angle>
		</robndbox>
		<extra/>
	</object>
	<object>
		<name>scale</name>
		<pose>Unspecified</pose>
		<truncated>0</truncated>
		<difficult>0</difficult>
		<robndbox>
			<cx>487.6399</cx>
			<cy>276.122</cy>
			<w>13.1412</w>
			<h>17.5793</h>
			<angle>0.342331</angle>
		</robndbox>
		<extra/>
	</object>
	<object>
		<name>scale</name>
		<pose>Unspecified</pose>
		<truncated>0</truncated>
		<difficult>0</difficult>
		<robndbox>
			<cx>495.7005</cx>
			<cy>278.8184</cy>
			<w>13.0516</w>
			<h>16.9666</h>
			<angle>0.342331</angle>
		</robndbox>
		<extra/>
	</object>
	<object>
		<name>scale</name>
		<pose>Unspecified</pose>
		<truncated>0</truncated>
		<difficult>0</difficult>
		<robndbox>
			<cx>502.7005</cx>
			<cy>281.8184</cy>
			<w>13.0516</w>
			<h>16.9666</h>
			<angle>0.368776</angle>
		</robndbox>
		<extra/>
	</object>
	<object>
		<name>scale</name>
		<pose>Unspecified</pose>
		<truncated>0</truncated>
		<difficult>0</difficult>
		<robndbox>
			<cx>510.7005</cx>
			<cy>284.8184</cy>
			<w>13.0516</w>
			<h>16.9666</h>
			<angle>0.469143</angle>
		</robndbox>
		<extra/>
	</object>
	<object>
		<name>scale</name>
		<pose>Unspecified</pose>
		<truncated>0</truncated>
		<difficult>0</difficult>
		<robndbox>
			<cx>517.7005</cx>
			<cy>287.8184</cy>
			<w>13.0516</w>
			<h>16.9666</h>
			<angle>0.469143</angle>
		</robndbox>
		<extra/>
	</object>
	<object>
		<name>scale</name>
		<pose>Unspecified</pose>
		<truncated>0</truncated>
		<difficult>0</difficult>
		<robndbox>
			<cx>524.7005</cx>
			<cy>291.8184</cy>
			<w>13.0516</w>
			<h>16.9666</h>
			<angle>0.469143</angle>
		</robndbox>
		<extra/>
	</object>
	<object>
		<name>scale</name>
		<pose>Unspecified</pose>
		<truncated>0</truncated>
		<difficult>0</difficult>
		<robndbox>
			<cx>531.7005</cx>
			<cy>295.8184</cy>
			<w>13.0516</w>
			<h>16.9666</h>
			<angle>0.494967</angle>
		</robndbox>
		<extra/>
	</object>
	<object>
		<name>scale</name>
		<pose>Unspecified</pose>
		<truncated>0</truncated>
		<difficult>0</difficult>
		<robndbox>
			<cx>538.7005</cx>
			<cy>299.8184</cy>
			<w>13.0516</w>
			<h>16.9666</h>
			<angle>0.494967</angle>
		</robndbox>
		<extra/>
	</object>
	<object>
		<name>scale</name>
		<pose>Unspecified</pose>
		<truncated>0</truncated>
		<difficult>0</difficult>
		<robndbox>
			<cx>545.7005</cx>
			<cy>303.8184</cy>
			<w>13.0516</w>
			<h>16.9666</h>
			<angle>0.540017</angle>
		</robndbox>
		<extra/>
	</object>
	<object>
		<name>scale</name>
		<pose>Unspecified</pose>
		<truncated>0</truncated>
		<difficult>0</difficult>
		<robndbox>
			<cx>552.7005</cx>
			<cy>307.8184</cy>
			<w>13.0516</w>
			<h>16.9666</h>
			<angle>0.54944</angle>
		</robndbox>
		<extra/>
	</object>
	<object>
		<name>scale</name>
		<pose>Unspecified</pose>
		<truncated>0</truncated>
		<difficult>0</difficult>
		<robndbox>
			<cx>558.7005</cx>
			<cy>312.8184</cy>
			<w>13.0516</w>
			<h>16.9666</h>
			<angle>0.632998</angle>
		</robndbox>
		<extra/>
	</object>
	<object>
		<name>scale</name>
		<pose>Unspecified</pose>
		<truncated>0</truncated>
		<difficult>0</difficult>
		<robndbox>
			<cx>565.7005</cx>
			<cy>317.8184</cy>
			<w>13.0516</w>
			<h>16.9666</h>
			<angle>0.632998</angle>
		</robndbox>
		<extra/>
	</object>
	<object>
		<name>scale</name>
		<pose>Unspecified</pose>
		<truncated>0</truncated>
		<difficult>0</difficult>
		<robndbox>
			<cx>572.7005</cx>
			<cy>322.8184</cy>
			<w>13.0516</w>
			<h>16.9666</h>
			<angle>0.632998</angle>
		</robndbox>
		<extra/>
	</object>
	<object>
		<name>scale</name>
		<pose>Unspecified</pose>
		<truncated>0</truncated>
		<difficult>0</difficult>
		<robndbox>
			<cx>578.7005</cx>
			<cy>327.8184</cy>
			<w>13.0516</w>
			<h>16.9666</h>
			<angle>0.718281</angle>
		</robndbox>
		<extra/>
	</object>
	<object>
		<name>mA</name>
		<pose>Unspecified</pose>
		<truncated>0</truncated>
		<difficult>0</difficult>
		<robndbox>
			<cx>398.0</cx>
			<cy>331.0</cy>
			<w>82.0</w>
			<h>56.0</h>
			<angle>0.0</angle>
		</robndbox>
		<extra/>
	</object>
	<object>
		<name>0</name>
		<pose>Unspecified</pose>
		<truncated>0</truncated>
		<difficult>0</difficult>
		<robndbox>
			<cx>184.5</cx>
			<cy>302.0</cy>
			<w>16.5236</w>
			<h>25.139</h>
			<angle>5.56304</angle>
		</robndbox>
		<extra/>
	</object>
	<object>
		<name>2</name>
		<pose>Unspecified</pose>
		<truncated>0</truncated>
		<difficult>0</difficult>
		<robndbox>
			<cx>261.5</cx>
			<cy>250.0</cy>
			<w>16.5236</w>
			<h>25.139</h>
			<angle>5.856698</angle>
		</robndbox>
		<extra/>
	</object>
	<object>
		<name>4</name>
		<pose>Unspecified</pose>
		<truncated>0</truncated>
		<difficult>0</difficult>
		<robndbox>
			<cx>347.5</cx>
			<cy>224.0</cy>
			<w>16.5236</w>
			<h>25.139</h>
			<angle>6.076035</angle>
		</robndbox>
		<extra/>
	</object>
	<object>
		<name>6</name>
		<pose>Unspecified</pose>
		<truncated>0</truncated>
		<difficult>0</difficult>
		<robndbox>
			<cx>442.5</cx>
			<cy>224.0</cy>
			<w>16.5236</w>
			<h>25.139</h>
			<angle>0.186967</angle>
		</robndbox>
		<extra/>
	</object>
	<object>
		<name>8</name>
		<pose>Unspecified</pose>
		<truncated>0</truncated>
		<difficult>0</difficult>
		<robndbox>
			<cx>531.5</cx>
			<cy>250.0</cy>
			<w>16.5236</w>
			<h>25.139</h>
			<angle>0.457589</angle>
		</robndbox>
		<extra/>
	</object>
	<object>
		<name>1</name>
		<pose>Unspecified</pose>
		<truncated>0</truncated>
		<difficult>0</difficult>
		<robndbox>
			<cx>601.7244</cx>
			<cy>294.567</cy>
			<w>10.3541</w>
			<h>23.255</h>
			<angle>0.634607</angle>
		</robndbox>
		<extra/>
	</object>
	<object>
		<name>needle</name>
		<pose>Unspecified</pose>
		<truncated>0</truncated>
		<difficult>0</difficult>
		<robndbox>
			<cx>271.4006</cx>
			<cy>389.1968</cy>
			<w>12.0137</w>
			<h>197.2658</h>
			<angle>5.488455</angle>
		</robndbox>
		<extra/>
	</object>
	<object>
		<name>0</name>
		<pose>Unspecified</pose>
		<truncated>0</truncated>
		<difficult>0</difficult>
		<robndbox>
			<cx>613.7244</cx>
			<cy>304.067</cy>
			<w>18.1502</w>
			<h>23.7243</h>
			<angle>0.634607</angle>
		</robndbox>
		<extra/>
	</object>
</annotation>
