<annotation>
	<folder>drive-download-20220120T141758Z-001</folder>
	<filename>0ef57424-94d2-4ce5-9852-679828b2991a.jpg</filename>
	<path>C:\Users\yaman\Downloads\drive-download-20220120T141758Z-001\0ef57424-94d2-4ce5-9852-679828b2991a.jpg</path>
	<source>
		<database>Unknown</database>
	</source>
	<size>
		<width>1280</width>
		<height>960</height>
		<depth>3</depth>
	</size>
	<segmented>0</segmented>
	<object>
		<name>scale</name>
		<pose>Unspecified</pose>
		<truncated>0</truncated>
		<difficult>0</difficult>
		<robndbox>
			<cx>394.9139</cx>
			<cy>664.2782</cy>
			<w>51.8424</w>
			<h>40.7736</h>
			<angle>5.750863</angle>
		</robndbox>
		<extra/>
	</object>
	<object>
		<name>scale</name>
		<pose>Unspecified</pose>
		<truncated>0</truncated>
		<difficult>0</difficult>
		<robndbox>
			<cx>379.9139</cx>
			<cy>636.2782</cy>
			<w>51.8424</w>
			<h>40.7736</h>
			<angle>5.817604</angle>
		</robndbox>
		<extra/>
	</object>
	<object>
		<name>scale</name>
		<pose>Unspecified</pose>
		<truncated>0</truncated>
		<difficult>0</difficult>
		<robndbox>
			<cx>367.9139</cx>
			<cy>609.2782</cy>
			<w>51.8424</w>
			<h>40.7736</h>
			<angle>5.88273</angle>
		</robndbox>
		<extra/>
	</object>
	<object>
		<name>scale</name>
		<pose>Unspecified</pose>
		<truncated>0</truncated>
		<difficult>0</difficult>
		<robndbox>
			<cx>356.9139</cx>
			<cy>580.2782</cy>
			<w>51.8424</w>
			<h>40.7736</h>
			<angle>5.967737</angle>
		</robndbox>
		<extra/>
	</object>
	<object>
		<name>scale</name>
		<pose>Unspecified</pose>
		<truncated>0</truncated>
		<difficult>0</difficult>
		<robndbox>
			<cx>348.4942</cx>
			<cy>546.2051</cy>
			<w>50.9715</w>
			<h>50.1934</h>
			<angle>6.058738</angle>
		</robndbox>
		<extra/>
	</object>
	<object>
		<name>scale</name>
		<pose>Unspecified</pose>
		<truncated>0</truncated>
		<difficult>0</difficult>
		<robndbox>
			<cx>345.4942</cx>
			<cy>525.2051</cy>
			<w>50.9715</w>
			<h>50.1934</h>
			<angle>6.127155</angle>
		</robndbox>
		<extra/>
	</object>
	<object>
		<name>scale</name>
		<pose>Unspecified</pose>
		<truncated>0</truncated>
		<difficult>0</difficult>
		<robndbox>
			<cx>341.9265</cx>
			<cy>490.0</cy>
			<w>51.3725</w>
			<h>40.3096</h>
			<angle>6.249839</angle>
		</robndbox>
		<extra/>
	</object>
	<object>
		<name>scale</name>
		<pose>Unspecified</pose>
		<truncated>0</truncated>
		<difficult>0</difficult>
		<robndbox>
			<cx>342.9265</cx>
			<cy>459.0</cy>
			<w>51.3725</w>
			<h>40.3096</h>
			<angle>0.036944</angle>
		</robndbox>
		<extra/>
	</object>
	<object>
		<name>scale</name>
		<pose>Unspecified</pose>
		<truncated>0</truncated>
		<difficult>0</difficult>
		<robndbox>
			<cx>345.9265</cx>
			<cy>428.0</cy>
			<w>51.3725</w>
			<h>40.3096</h>
			<angle>0.120085</angle>
		</robndbox>
		<extra/>
	</object>
	<object>
		<name>scale</name>
		<pose>Unspecified</pose>
		<truncated>0</truncated>
		<difficult>0</difficult>
		<robndbox>
			<cx>351.8379</cx>
			<cy>397.8262</cy>
			<w>50.7327</w>
			<h>42.5752</h>
			<angle>0.199915</angle>
		</robndbox>
		<extra/>
	</object>
	<object>
		<name>scale</name>
		<pose>Unspecified</pose>
		<truncated>0</truncated>
		<difficult>0</difficult>
		<robndbox>
			<cx>359.8379</cx>
			<cy>369.8262</cy>
			<w>50.7327</w>
			<h>42.5752</h>
			<angle>0.300169</angle>
		</robndbox>
		<extra/>
	</object>
	<object>
		<name>scale</name>
		<pose>Unspecified</pose>
		<truncated>0</truncated>
		<difficult>0</difficult>
		<robndbox>
			<cx>371.9265</cx>
			<cy>340.0</cy>
			<w>51.3725</w>
			<h>40.3096</h>
			<angle>0.382758</angle>
		</robndbox>
		<extra/>
	</object>
	<object>
		<name>scale</name>
		<pose>Unspecified</pose>
		<truncated>0</truncated>
		<difficult>0</difficult>
		<robndbox>
			<cx>384.9265</cx>
			<cy>315.0</cy>
			<w>51.3725</w>
			<h>40.3096</h>
			<angle>0.45676</angle>
		</robndbox>
		<extra/>
	</object>
	<object>
		<name>scale</name>
		<pose>Unspecified</pose>
		<truncated>0</truncated>
		<difficult>0</difficult>
		<robndbox>
			<cx>402.9265</cx>
			<cy>287.0</cy>
			<w>51.3725</w>
			<h>40.3096</h>
			<angle>0.536149</angle>
		</robndbox>
		<extra/>
	</object>
	<object>
		<name>scale</name>
		<pose>Unspecified</pose>
		<truncated>0</truncated>
		<difficult>0</difficult>
		<robndbox>
			<cx>423.4878</cx>
			<cy>259.913</cy>
			<w>52.5681</w>
			<h>51.0778</h>
			<angle>0.664044</angle>
		</robndbox>
		<extra/>
	</object>
	<object>
		<name>scale</name>
		<pose>Unspecified</pose>
		<truncated>0</truncated>
		<difficult>0</difficult>
		<robndbox>
			<cx>436.4878</cx>
			<cy>244.913</cy>
			<w>52.5681</w>
			<h>51.0778</h>
			<angle>0.732301</angle>
		</robndbox>
		<extra/>
	</object>
	<object>
		<name>scale</name>
		<pose>Unspecified</pose>
		<truncated>0</truncated>
		<difficult>0</difficult>
		<robndbox>
			<cx>462.9265</cx>
			<cy>222.0</cy>
			<w>51.3725</w>
			<h>40.3096</h>
			<angle>0.883982</angle>
		</robndbox>
		<extra/>
	</object>
	<object>
		<name>scale</name>
		<pose>Unspecified</pose>
		<truncated>0</truncated>
		<difficult>0</difficult>
		<robndbox>
			<cx>485.9265</cx>
			<cy>203.0</cy>
			<w>51.3725</w>
			<h>40.3096</h>
			<angle>0.939481</angle>
		</robndbox>
		<extra/>
	</object>
	<object>
		<name>scale</name>
		<pose>Unspecified</pose>
		<truncated>0</truncated>
		<difficult>0</difficult>
		<robndbox>
			<cx>511.9265</cx>
			<cy>186.0</cy>
			<w>51.3725</w>
			<h>40.3096</h>
			<angle>1.016758</angle>
		</robndbox>
		<extra/>
	</object>
	<object>
		<name>scale</name>
		<pose>Unspecified</pose>
		<truncated>0</truncated>
		<difficult>0</difficult>
		<robndbox>
			<cx>539.8289</cx>
			<cy>170.8544</cy>
			<w>50.2021</w>
			<h>42.4698</h>
			<angle>1.080155</angle>
		</robndbox>
		<extra/>
	</object>
	<object>
		<name>scale</name>
		<pose>Unspecified</pose>
		<truncated>0</truncated>
		<difficult>0</difficult>
		<robndbox>
			<cx>565.0012</cx>
			<cy>160.4577</cy>
			<w>49.5542</w>
			<h>42.0275</h>
			<angle>1.215256</angle>
		</robndbox>
		<extra/>
	</object>
	<object>
		<name>scale</name>
		<pose>Unspecified</pose>
		<truncated>0</truncated>
		<difficult>0</difficult>
		<robndbox>
			<cx>594.9099</cx>
			<cy>150.3112</cy>
			<w>50.0431</w>
			<h>39.9474</h>
			<angle>1.280754</angle>
		</robndbox>
		<extra/>
	</object>
	<object>
		<name>scale</name>
		<pose>Unspecified</pose>
		<truncated>0</truncated>
		<difficult>0</difficult>
		<robndbox>
			<cx>624.9099</cx>
			<cy>144.3112</cy>
			<w>50.0431</w>
			<h>39.9474</h>
			<angle>1.390985</angle>
		</robndbox>
		<extra/>
	</object>
	<object>
		<name>scale</name>
		<pose>Unspecified</pose>
		<truncated>0</truncated>
		<difficult>0</difficult>
		<robndbox>
			<cx>654.9099</cx>
			<cy>141.3112</cy>
			<w>50.0431</w>
			<h>39.9474</h>
			<angle>1.457043</angle>
		</robndbox>
		<extra/>
	</object>
	<object>
		<name>scale</name>
		<pose>Unspecified</pose>
		<truncated>0</truncated>
		<difficult>0</difficult>
		<robndbox>
			<cx>689.218</cx>
			<cy>139.7493</cy>
			<w>51.5374</w>
			<h>50.4942</h>
			<angle>1.581767</angle>
		</robndbox>
		<extra/>
	</object>
	<object>
		<name>scale</name>
		<pose>Unspecified</pose>
		<truncated>0</truncated>
		<difficult>0</difficult>
		<robndbox>
			<cx>709.3209</cx>
			<cy>140.3436</cy>
			<w>49.8363</w>
			<h>48.7672</h>
			<angle>1.601564</angle>
		</robndbox>
		<extra/>
	</object>
	<object>
		<name>scale</name>
		<pose>Unspecified</pose>
		<truncated>0</truncated>
		<difficult>0</difficult>
		<robndbox>
			<cx>743.9099</cx>
			<cy>143.3112</cy>
			<w>50.0431</w>
			<h>39.9474</h>
			<angle>1.705356</angle>
		</robndbox>
		<extra/>
	</object>
	<object>
		<name>scale</name>
		<pose>Unspecified</pose>
		<truncated>0</truncated>
		<difficult>0</difficult>
		<robndbox>
			<cx>772.9099</cx>
			<cy>150.3112</cy>
			<w>50.0431</w>
			<h>39.9474</h>
			<angle>1.805962</angle>
		</robndbox>
		<extra/>
	</object>
	<object>
		<name>scale</name>
		<pose>Unspecified</pose>
		<truncated>0</truncated>
		<difficult>0</difficult>
		<robndbox>
			<cx>801.9099</cx>
			<cy>159.3112</cy>
			<w>50.0431</w>
			<h>39.9474</h>
			<angle>1.878993</angle>
		</robndbox>
		<extra/>
	</object>
	<object>
		<name>scale</name>
		<pose>Unspecified</pose>
		<truncated>0</truncated>
		<difficult>0</difficult>
		<robndbox>
			<cx>830.6301</cx>
			<cy>171.1316</cy>
			<w>49.1677</w>
			<h>41.9811</h>
			<angle>1.956935</angle>
		</robndbox>
		<extra/>
	</object>
	<object>
		<name>scale</name>
		<pose>Unspecified</pose>
		<truncated>0</truncated>
		<difficult>0</difficult>
		<robndbox>
			<cx>854.6301</cx>
			<cy>184.1316</cy>
			<w>49.1677</w>
			<h>41.9811</h>
			<angle>2.072916</angle>
		</robndbox>
		<extra/>
	</object>
	<object>
		<name>scale</name>
		<pose>Unspecified</pose>
		<truncated>0</truncated>
		<difficult>0</difficult>
		<robndbox>
			<cx>881.9099</cx>
			<cy>200.3112</cy>
			<w>50.0431</w>
			<h>39.9474</h>
			<angle>2.145207</angle>
		</robndbox>
		<extra/>
	</object>
	<object>
		<name>scale</name>
		<pose>Unspecified</pose>
		<truncated>0</truncated>
		<difficult>0</difficult>
		<robndbox>
			<cx>904.9099</cx>
			<cy>218.3112</cy>
			<w>50.0431</w>
			<h>39.9474</h>
			<angle>2.276511</angle>
		</robndbox>
		<extra/>
	</object>
	<object>
		<name>scale</name>
		<pose>Unspecified</pose>
		<truncated>0</truncated>
		<difficult>0</difficult>
		<robndbox>
			<cx>925.9099</cx>
			<cy>238.3112</cy>
			<w>50.0431</w>
			<h>39.9474</h>
			<angle>2.3558</angle>
		</robndbox>
		<extra/>
	</object>
	<object>
		<name>scale</name>
		<pose>Unspecified</pose>
		<truncated>0</truncated>
		<difficult>0</difficult>
		<robndbox>
			<cx>949.9127</cx>
			<cy>264.418</cy>
			<w>48.9676</w>
			<h>47.2364</h>
			<angle>2.391296</angle>
		</robndbox>
		<extra/>
	</object>
	<object>
		<name>scale</name>
		<pose>Unspecified</pose>
		<truncated>0</truncated>
		<difficult>0</difficult>
		<robndbox>
			<cx>979.9099</cx>
			<cy>309.3112</cy>
			<w>50.0431</w>
			<h>39.9474</h>
			<angle>2.628113</angle>
		</robndbox>
		<extra/>
	</object>
	<object>
		<name>scale</name>
		<pose>Unspecified</pose>
		<truncated>0</truncated>
		<difficult>0</difficult>
		<robndbox>
			<cx>960.9127</cx>
			<cy>279.418</cy>
			<w>48.9676</w>
			<h>47.2364</h>
			<angle>2.500403</angle>
		</robndbox>
		<extra/>
	</object>
	<object>
		<name>scale</name>
		<pose>Unspecified</pose>
		<truncated>0</truncated>
		<difficult>0</difficult>
		<robndbox>
			<cx>993.9099</cx>
			<cy>336.3112</cy>
			<w>50.0431</w>
			<h>39.9474</h>
			<angle>2.725785</angle>
		</robndbox>
		<extra/>
	</object>
	<object>
		<name>scale</name>
		<pose>Unspecified</pose>
		<truncated>0</truncated>
		<difficult>0</difficult>
		<robndbox>
			<cx>1004.9099</cx>
			<cy>361.3112</cy>
			<w>50.0431</w>
			<h>39.9474</h>
			<angle>2.813374</angle>
		</robndbox>
		<extra/>
	</object>
	<object>
		<name>scale</name>
		<pose>Unspecified</pose>
		<truncated>0</truncated>
		<difficult>0</difficult>
		<robndbox>
			<cx>1013.9099</cx>
			<cy>389.3112</cy>
			<w>50.0431</w>
			<h>39.9474</h>
			<angle>2.887286</angle>
		</robndbox>
		<extra/>
	</object>
	<object>
		<name>scale</name>
		<pose>Unspecified</pose>
		<truncated>0</truncated>
		<difficult>0</difficult>
		<robndbox>
			<cx>1019.9099</cx>
			<cy>417.3112</cy>
			<w>50.0431</w>
			<h>39.9474</h>
			<angle>2.999252</angle>
		</robndbox>
		<extra/>
	</object>
	<object>
		<name>scale</name>
		<pose>Unspecified</pose>
		<truncated>0</truncated>
		<difficult>0</difficult>
		<robndbox>
			<cx>1022.8943</cx>
			<cy>447.4418</cy>
			<w>48.2596</w>
			<h>38.215</h>
			<angle>3.035364</angle>
		</robndbox>
		<extra/>
	</object>
	<object>
		<name>scale</name>
		<pose>Unspecified</pose>
		<truncated>0</truncated>
		<difficult>0</difficult>
		<robndbox>
			<cx>1025.4709</cx>
			<cy>478.1813</cy>
			<w>47.1254</w>
			<h>39.594</h>
			<angle>3.140672</angle>
		</robndbox>
		<extra/>
	</object>
	<object>
		<name>scale</name>
		<pose>Unspecified</pose>
		<truncated>0</truncated>
		<difficult>0</difficult>
		<robndbox>
			<cx>1023.8657</cx>
			<cy>507.9545</cy>
			<w>46.2692</w>
			<h>38.8487</h>
			<angle>3.240478</angle>
		</robndbox>
		<extra/>
	</object>
	<object>
		<name>scale</name>
		<pose>Unspecified</pose>
		<truncated>0</truncated>
		<difficult>0</difficult>
		<robndbox>
			<cx>1020.7143</cx>
			<cy>541.4394</cy>
			<w>47.264</w>
			<h>46.012</h>
			<angle>3.282858</angle>
		</robndbox>
		<extra/>
	</object>
	<object>
		<name>scale</name>
		<pose>Unspecified</pose>
		<truncated>0</truncated>
		<difficult>0</difficult>
		<robndbox>
			<cx>1007.8657</cx>
			<cy>592.9545</cy>
			<w>46.2692</w>
			<h>38.8487</h>
			<angle>3.51581</angle>
		</robndbox>
		<extra/>
	</object>
	<object>
		<name>scale</name>
		<pose>Unspecified</pose>
		<truncated>0</truncated>
		<difficult>0</difficult>
		<robndbox>
			<cx>1017.7143</cx>
			<cy>559.4394</cy>
			<w>47.264</w>
			<h>46.012</h>
			<angle>3.353412</angle>
		</robndbox>
		<extra/>
	</object>
	<object>
		<name>scale</name>
		<pose>Unspecified</pose>
		<truncated>0</truncated>
		<difficult>0</difficult>
		<robndbox>
			<cx>996.8657</cx>
			<cy>620.9545</cy>
			<w>46.2692</w>
			<h>38.8487</h>
			<angle>3.568865</angle>
		</robndbox>
		<extra/>
	</object>
	<object>
		<name>scale</name>
		<pose>Unspecified</pose>
		<truncated>0</truncated>
		<difficult>0</difficult>
		<robndbox>
			<cx>983.8657</cx>
			<cy>647.9545</cy>
			<w>46.2692</w>
			<h>38.8487</h>
			<angle>3.634089</angle>
		</robndbox>
		<extra/>
	</object>
	<object>
		<name>scale</name>
		<pose>Unspecified</pose>
		<truncated>0</truncated>
		<difficult>0</difficult>
		<robndbox>
			<cx>967.8657</cx>
			<cy>672.9545</cy>
			<w>46.2692</w>
			<h>38.8487</h>
			<angle>3.705721</angle>
		</robndbox>
		<extra/>
	</object>
	<object>
		<name>6</name>
		<pose>Unspecified</pose>
		<truncated>0</truncated>
		<difficult>0</difficult>
		<robndbox>
			<cx>679.9265</cx>
			<cy>218.5</cy>
			<w>32.0</w>
			<h>61.0</h>
			<angle>0.0</angle>
		</robndbox>
		<extra/>
	</object>
	<object>
		<name>0</name>
		<pose>Unspecified</pose>
		<truncated>0</truncated>
		<difficult>0</difficult>
		<robndbox>
			<cx>711.9265</cx>
			<cy>218.5</cy>
			<w>32.0</w>
			<h>61.0</h>
			<angle>0.0</angle>
		</robndbox>
		<extra/>
	</object>
	<object>
		<name>2</name>
		<pose>Unspecified</pose>
		<truncated>0</truncated>
		<difficult>0</difficult>
		<robndbox>
			<cx>902.9265</cx>
			<cy>323.5</cy>
			<w>32.0</w>
			<h>61.0</h>
			<angle>0.0</angle>
		</robndbox>
		<extra/>
	</object>
	<object>
		<name>6</name>
		<pose>Unspecified</pose>
		<truncated>0</truncated>
		<difficult>0</difficult>
		<robndbox>
			<cx>870.9265</cx>
			<cy>323.5</cy>
			<w>32.0</w>
			<h>61.0</h>
			<angle>0.0</angle>
		</robndbox>
		<extra/>
	</object>
	<object>
		<name>4</name>
		<pose>Unspecified</pose>
		<truncated>0</truncated>
		<difficult>0</difficult>
		<robndbox>
			<cx>951.9265</cx>
			<cy>533.5</cy>
			<w>32.0</w>
			<h>61.0</h>
			<angle>0.0</angle>
		</robndbox>
		<extra/>
	</object>
	<object>
		<name>6</name>
		<pose>Unspecified</pose>
		<truncated>0</truncated>
		<difficult>0</difficult>
		<robndbox>
			<cx>921.4137</cx>
			<cy>533.0</cy>
			<w>31.0255</w>
			<h>60.0</h>
			<angle>0.0</angle>
		</robndbox>
		<extra/>
	</object>
	<object>
		<name>5</name>
		<pose>Unspecified</pose>
		<truncated>0</truncated>
		<difficult>0</difficult>
		<robndbox>
			<cx>911.4237</cx>
			<cy>635.0</cy>
			<w>29.0</w>
			<h>56.0</h>
			<angle>0.0</angle>
		</robndbox>
		<extra/>
	</object>
	<object>
		<name>6</name>
		<pose>Unspecified</pose>
		<truncated>0</truncated>
		<difficult>0</difficult>
		<robndbox>
			<cx>881.9251</cx>
			<cy>634.5</cy>
			<w>29.9972</w>
			<h>55.0</h>
			<angle>0.0</angle>
		</robndbox>
		<extra/>
	</object>
	<object>
		<name>5</name>
		<pose>Unspecified</pose>
		<truncated>0</truncated>
		<difficult>0</difficult>
		<robndbox>
			<cx>483.4237</cx>
			<cy>629.5</cy>
			<w>29.0</w>
			<h>55.0</h>
			<angle>0.0</angle>
		</robndbox>
		<extra/>
	</object>
	<object>
		<name>5</name>
		<pose>Unspecified</pose>
		<truncated>0</truncated>
		<difficult>0</difficult>
		<robndbox>
			<cx>454.4251</cx>
			<cy>629.5</cy>
			<w>28.9972</w>
			<h>55.0</h>
			<angle>0.0</angle>
		</robndbox>
		<extra/>
	</object>
	<object>
		<name>5</name>
		<pose>Unspecified</pose>
		<truncated>0</truncated>
		<difficult>0</difficult>
		<robndbox>
			<cx>482.9265</cx>
			<cy>311.5</cy>
			<w>32.0</w>
			<h>61.0</h>
			<angle>0.0</angle>
		</robndbox>
		<extra/>
	</object>
	<object>
		<name>8</name>
		<pose>Unspecified</pose>
		<truncated>0</truncated>
		<difficult>0</difficult>
		<robndbox>
			<cx>514.9265</cx>
			<cy>311.5</cy>
			<w>32.0</w>
			<h>61.0</h>
			<angle>0.0</angle>
		</robndbox>
		<extra/>
	</object>
	<object>
		<name>6</name>
		<pose>Unspecified</pose>
		<truncated>0</truncated>
		<difficult>0</difficult>
		<robndbox>
			<cx>443.9237</cx>
			<cy>520.0</cy>
			<w>32.0</w>
			<h>60.0</h>
			<angle>0.0</angle>
		</robndbox>
		<extra/>
	</object>
	<object>
		<name>5</name>
		<pose>Unspecified</pose>
		<truncated>0</truncated>
		<difficult>0</difficult>
		<robndbox>
			<cx>411.9237</cx>
			<cy>519.5</cy>
			<w>32.0</w>
			<h>61.0</h>
			<angle>0.0</angle>
		</robndbox>
		<extra/>
	</object>
	<object>
		<name>needle</name>
		<pose>Unspecified</pose>
		<truncated>0</truncated>
		<difficult>0</difficult>
		<robndbox>
			<cx>526.2547</cx>
			<cy>620.2439</cy>
			<w>59.3153</w>
			<h>205.1169</h>
			<angle>4.012343</angle>
		</robndbox>
		<extra/>
	</object>
</annotation>
