<annotation>
	<folder>drive-download-20220120T141758Z-001</folder>
	<filename>12a3640a-8bc1-44a0-b269-8b38559bab17.jpg</filename>
	<path>C:\Users\yaman\Documents\drive-download-20220120T141758Z-001\12a3640a-8bc1-44a0-b269-8b38559bab17.jpg</path>
	<source>
		<database>Unknown</database>
	</source>
	<size>
		<width>800</width>
		<height>800</height>
		<depth>3</depth>
	</size>
	<segmented>0</segmented>
	<object>
		<name>scale</name>
		<pose>Unspecified</pose>
		<truncated>0</truncated>
		<difficult>0</difficult>
		<robndbox>
			<cx>222.9686</cx>
			<cy>324.9414</cy>
			<w>14.9494</w>
			<h>18.925</h>
			<angle>5.54623</angle>
		</robndbox>
		<extra/>
	</object>
	<object>
		<name>scale</name>
		<pose>Unspecified</pose>
		<truncated>0</truncated>
		<difficult>0</difficult>
		<robndbox>
			<cx>230.9686</cx>
			<cy>317.9414</cy>
			<w>14.9494</w>
			<h>18.925</h>
			<angle>5.629902</angle>
		</robndbox>
		<extra/>
	</object>
	<object>
		<name>scale</name>
		<pose>Unspecified</pose>
		<truncated>0</truncated>
		<difficult>0</difficult>
		<robndbox>
			<cx>238.9686</cx>
			<cy>311.9414</cy>
			<w>14.9494</w>
			<h>18.925</h>
			<angle>5.629902</angle>
		</robndbox>
		<extra/>
	</object>
	<object>
		<name>scale</name>
		<pose>Unspecified</pose>
		<truncated>0</truncated>
		<difficult>0</difficult>
		<robndbox>
			<cx>245.9686</cx>
			<cy>305.9414</cy>
			<w>14.9494</w>
			<h>18.925</h>
			<angle>5.629902</angle>
		</robndbox>
		<extra/>
	</object>
	<object>
		<name>scale</name>
		<pose>Unspecified</pose>
		<truncated>0</truncated>
		<difficult>0</difficult>
		<robndbox>
			<cx>254.9686</cx>
			<cy>299.9414</cy>
			<w>14.9494</w>
			<h>18.925</h>
			<angle>5.651426</angle>
		</robndbox>
		<extra/>
	</object>
	<object>
		<name>scale</name>
		<pose>Unspecified</pose>
		<truncated>0</truncated>
		<difficult>0</difficult>
		<robndbox>
			<cx>262.9686</cx>
			<cy>294.9414</cy>
			<w>14.9494</w>
			<h>18.925</h>
			<angle>5.7335</angle>
		</robndbox>
		<extra/>
	</object>
	<object>
		<name>scale</name>
		<pose>Unspecified</pose>
		<truncated>0</truncated>
		<difficult>0</difficult>
		<robndbox>
			<cx>271.9686</cx>
			<cy>289.9414</cy>
			<w>14.9494</w>
			<h>18.925</h>
			<angle>5.7335</angle>
		</robndbox>
		<extra/>
	</object>
	<object>
		<name>scale</name>
		<pose>Unspecified</pose>
		<truncated>0</truncated>
		<difficult>0</difficult>
		<robndbox>
			<cx>280.9686</cx>
			<cy>284.9414</cy>
			<w>14.9494</w>
			<h>18.925</h>
			<angle>5.7335</angle>
		</robndbox>
		<extra/>
	</object>
	<object>
		<name>scale</name>
		<pose>Unspecified</pose>
		<truncated>0</truncated>
		<difficult>0</difficult>
		<robndbox>
			<cx>289.9686</cx>
			<cy>279.9414</cy>
			<w>14.9494</w>
			<h>18.925</h>
			<angle>5.84802</angle>
		</robndbox>
		<extra/>
	</object>
	<object>
		<name>scale</name>
		<pose>Unspecified</pose>
		<truncated>0</truncated>
		<difficult>0</difficult>
		<robndbox>
			<cx>299.6008</cx>
			<cy>275.7559</cy>
			<w>16.2523</w>
			<h>19.1215</h>
			<angle>5.883912</angle>
		</robndbox>
		<extra/>
	</object>
	<object>
		<name>scale</name>
		<pose>Unspecified</pose>
		<truncated>0</truncated>
		<difficult>0</difficult>
		<robndbox>
			<cx>308.6008</cx>
			<cy>272.7559</cy>
			<w>16.2523</w>
			<h>19.1215</h>
			<angle>5.925758</angle>
		</robndbox>
		<extra/>
	</object>
	<object>
		<name>scale</name>
		<pose>Unspecified</pose>
		<truncated>0</truncated>
		<difficult>0</difficult>
		<robndbox>
			<cx>317.6008</cx>
			<cy>269.7559</cy>
			<w>16.2523</w>
			<h>19.1215</h>
			<angle>5.957591</angle>
		</robndbox>
		<extra/>
	</object>
	<object>
		<name>scale</name>
		<pose>Unspecified</pose>
		<truncated>0</truncated>
		<difficult>0</difficult>
		<robndbox>
			<cx>327.6008</cx>
			<cy>266.7559</cy>
			<w>16.2523</w>
			<h>19.1215</h>
			<angle>5.957591</angle>
		</robndbox>
		<extra/>
	</object>
	<object>
		<name>scale</name>
		<pose>Unspecified</pose>
		<truncated>0</truncated>
		<difficult>0</difficult>
		<robndbox>
			<cx>336.6008</cx>
			<cy>263.7559</cy>
			<w>16.2523</w>
			<h>19.1215</h>
			<angle>6.025289</angle>
		</robndbox>
		<extra/>
	</object>
	<object>
		<name>scale</name>
		<pose>Unspecified</pose>
		<truncated>0</truncated>
		<difficult>0</difficult>
		<robndbox>
			<cx>347.6008</cx>
			<cy>261.7559</cy>
			<w>16.2523</w>
			<h>19.1215</h>
			<angle>6.08716</angle>
		</robndbox>
		<extra/>
	</object>
	<object>
		<name>scale</name>
		<pose>Unspecified</pose>
		<truncated>0</truncated>
		<difficult>0</difficult>
		<robndbox>
			<cx>356.6008</cx>
			<cy>259.7559</cy>
			<w>16.2523</w>
			<h>19.1215</h>
			<angle>6.08716</angle>
		</robndbox>
		<extra/>
	</object>
	<object>
		<name>scale</name>
		<pose>Unspecified</pose>
		<truncated>0</truncated>
		<difficult>0</difficult>
		<robndbox>
			<cx>366.6008</cx>
			<cy>257.7559</cy>
			<w>16.2523</w>
			<h>19.1215</h>
			<angle>6.136869</angle>
		</robndbox>
		<extra/>
	</object>
	<object>
		<name>scale</name>
		<pose>Unspecified</pose>
		<truncated>0</truncated>
		<difficult>0</difficult>
		<robndbox>
			<cx>376.6008</cx>
			<cy>256.7559</cy>
			<w>16.2523</w>
			<h>19.1215</h>
			<angle>6.241264</angle>
		</robndbox>
		<extra/>
	</object>
	<object>
		<name>scale</name>
		<pose>Unspecified</pose>
		<truncated>0</truncated>
		<difficult>0</difficult>
		<robndbox>
			<cx>386.6008</cx>
			<cy>256.7559</cy>
			<w>16.2523</w>
			<h>19.1215</h>
			<angle>6.241264</angle>
		</robndbox>
		<extra/>
	</object>
	<object>
		<name>scale</name>
		<pose>Unspecified</pose>
		<truncated>0</truncated>
		<difficult>0</difficult>
		<robndbox>
			<cx>397.6008</cx>
			<cy>255.7559</cy>
			<w>16.2523</w>
			<h>19.1215</h>
			<angle>6.241264</angle>
		</robndbox>
		<extra/>
	</object>
	<object>
		<name>scale</name>
		<pose>Unspecified</pose>
		<truncated>0</truncated>
		<difficult>0</difficult>
		<robndbox>
			<cx>406.6008</cx>
			<cy>254.7559</cy>
			<w>16.2523</w>
			<h>19.1215</h>
			<angle>6.256203</angle>
		</robndbox>
		<extra/>
	</object>
	<object>
		<name>scale</name>
		<pose>Unspecified</pose>
		<truncated>0</truncated>
		<difficult>0</difficult>
		<robndbox>
			<cx>416.6008</cx>
			<cy>255.7559</cy>
			<w>16.2523</w>
			<h>19.1215</h>
			<angle>0.062889</angle>
		</robndbox>
		<extra/>
	</object>
	<object>
		<name>scale</name>
		<pose>Unspecified</pose>
		<truncated>0</truncated>
		<difficult>0</difficult>
		<robndbox>
			<cx>427.6008</cx>
			<cy>256.7559</cy>
			<w>16.2523</w>
			<h>19.1215</h>
			<angle>0.062889</angle>
		</robndbox>
		<extra/>
	</object>
	<object>
		<name>scale</name>
		<pose>Unspecified</pose>
		<truncated>0</truncated>
		<difficult>0</difficult>
		<robndbox>
			<cx>437.0458</cx>
			<cy>257.8517</cy>
			<w>17.1526</w>
			<h>19.2567</h>
			<angle>0.126908</angle>
		</robndbox>
		<extra/>
	</object>
	<object>
		<name>scale</name>
		<pose>Unspecified</pose>
		<truncated>0</truncated>
		<difficult>0</difficult>
		<robndbox>
			<cx>447.0458</cx>
			<cy>259.8517</cy>
			<w>17.1526</w>
			<h>19.2567</h>
			<angle>0.169942</angle>
		</robndbox>
		<extra/>
	</object>
	<object>
		<name>scale</name>
		<pose>Unspecified</pose>
		<truncated>0</truncated>
		<difficult>0</difficult>
		<robndbox>
			<cx>456.7118</cx>
			<cy>261.5997</cy>
			<w>15.9531</w>
			<h>18.4888</h>
			<angle>0.207761</angle>
		</robndbox>
		<extra/>
	</object>
	<object>
		<name>scale</name>
		<pose>Unspecified</pose>
		<truncated>0</truncated>
		<difficult>0</difficult>
		<robndbox>
			<cx>466.4068</cx>
			<cy>263.9544</cy>
			<w>15.5025</w>
			<h>19.3088</h>
			<angle>0.207761</angle>
		</robndbox>
		<extra/>
	</object>
	<object>
		<name>scale</name>
		<pose>Unspecified</pose>
		<truncated>0</truncated>
		<difficult>0</difficult>
		<robndbox>
			<cx>476.4068</cx>
			<cy>265.9544</cy>
			<w>15.5025</w>
			<h>19.3088</h>
			<angle>0.271458</angle>
		</robndbox>
		<extra/>
	</object>
	<object>
		<name>scale</name>
		<pose>Unspecified</pose>
		<truncated>0</truncated>
		<difficult>0</difficult>
		<robndbox>
			<cx>485.4068</cx>
			<cy>268.9544</cy>
			<w>15.5025</w>
			<h>19.3088</h>
			<angle>0.386599</angle>
		</robndbox>
		<extra/>
	</object>
	<object>
		<name>scale</name>
		<pose>Unspecified</pose>
		<truncated>0</truncated>
		<difficult>0</difficult>
		<robndbox>
			<cx>495.9339</cx>
			<cy>273.045</cy>
			<w>16.5471</w>
			<h>19.0792</h>
			<angle>0.386599</angle>
		</robndbox>
		<extra/>
	</object>
	<object>
		<name>scale</name>
		<pose>Unspecified</pose>
		<truncated>0</truncated>
		<difficult>0</difficult>
		<robndbox>
			<cx>503.9339</cx>
			<cy>276.045</cy>
			<w>16.5471</w>
			<h>19.0792</h>
			<angle>0.386599</angle>
		</robndbox>
		<extra/>
	</object>
	<object>
		<name>scale</name>
		<pose>Unspecified</pose>
		<truncated>0</truncated>
		<difficult>0</difficult>
		<robndbox>
			<cx>513.9339</cx>
			<cy>281.045</cy>
			<w>16.5471</w>
			<h>19.0792</h>
			<angle>0.410316</angle>
		</robndbox>
		<extra/>
	</object>
	<object>
		<name>scale</name>
		<pose>Unspecified</pose>
		<truncated>0</truncated>
		<difficult>0</difficult>
		<robndbox>
			<cx>522.9339</cx>
			<cy>285.045</cy>
			<w>16.5471</w>
			<h>19.0792</h>
			<angle>0.482045</angle>
		</robndbox>
		<extra/>
	</object>
	<object>
		<name>scale</name>
		<pose>Unspecified</pose>
		<truncated>0</truncated>
		<difficult>0</difficult>
		<robndbox>
			<cx>531.9339</cx>
			<cy>289.045</cy>
			<w>16.5471</w>
			<h>19.0792</h>
			<angle>0.482045</angle>
		</robndbox>
		<extra/>
	</object>
	<object>
		<name>scale</name>
		<pose>Unspecified</pose>
		<truncated>0</truncated>
		<difficult>0</difficult>
		<robndbox>
			<cx>540.9339</cx>
			<cy>295.045</cy>
			<w>16.5471</w>
			<h>19.0792</h>
			<angle>0.556291</angle>
		</robndbox>
		<extra/>
	</object>
	<object>
		<name>scale</name>
		<pose>Unspecified</pose>
		<truncated>0</truncated>
		<difficult>0</difficult>
		<robndbox>
			<cx>548.9339</cx>
			<cy>301.045</cy>
			<w>16.5471</w>
			<h>19.0792</h>
			<angle>0.577157</angle>
		</robndbox>
		<extra/>
	</object>
	<object>
		<name>scale</name>
		<pose>Unspecified</pose>
		<truncated>0</truncated>
		<difficult>0</difficult>
		<robndbox>
			<cx>557.018</cx>
			<cy>305.2247</cy>
			<w>16.8973</w>
			<h>19.2659</h>
			<angle>0.643275</angle>
		</robndbox>
		<extra/>
	</object>
	<object>
		<name>scale</name>
		<pose>Unspecified</pose>
		<truncated>0</truncated>
		<difficult>0</difficult>
		<robndbox>
			<cx>565.018</cx>
			<cy>312.2247</cy>
			<w>16.8973</w>
			<h>19.2659</h>
			<angle>0.643275</angle>
		</robndbox>
		<extra/>
	</object>
	<object>
		<name>scale</name>
		<pose>Unspecified</pose>
		<truncated>0</truncated>
		<difficult>0</difficult>
		<robndbox>
			<cx>573.018</cx>
			<cy>318.2247</cy>
			<w>16.8973</w>
			<h>19.2659</h>
			<angle>0.72121</angle>
		</robndbox>
		<extra/>
	</object>
	<object>
		<name>scale</name>
		<pose>Unspecified</pose>
		<truncated>0</truncated>
		<difficult>0</difficult>
		<robndbox>
			<cx>581.018</cx>
			<cy>325.2247</cy>
			<w>16.8973</w>
			<h>19.2659</h>
			<angle>0.72121</angle>
		</robndbox>
		<extra/>
	</object>
	<object>
		<name>1</name>
		<pose>Unspecified</pose>
		<truncated>0</truncated>
		<difficult>0</difficult>
		<robndbox>
			<cx>389.0</cx>
			<cy>219.0</cy>
			<w>10.0</w>
			<h>22.0</h>
			<angle>0.0</angle>
		</robndbox>
		<extra/>
	</object>
	<object>
		<name>0</name>
		<pose>Unspecified</pose>
		<truncated>0</truncated>
		<difficult>0</difficult>
		<robndbox>
			<cx>401.5</cx>
			<cy>219.0</cy>
			<w>13.0</w>
			<h>22.0</h>
			<angle>0.0</angle>
		</robndbox>
		<extra/>
	</object>
	<object>
		<name>0</name>
		<pose>Unspecified</pose>
		<truncated>0</truncated>
		<difficult>0</difficult>
		<robndbox>
			<cx>414.5</cx>
			<cy>219.0</cy>
			<w>13.0</w>
			<h>22.0</h>
			<angle>0.0</angle>
		</robndbox>
		<extra/>
	</object>
	<object>
		<name>1</name>
		<pose>Unspecified</pose>
		<truncated>0</truncated>
		<difficult>0</difficult>
		<robndbox>
			<cx>502.5</cx>
			<cy>235.0</cy>
			<w>11.0945</w>
			<h>23.5353</h>
			<angle>0.402061</angle>
		</robndbox>
		<extra/>
	</object>
	<object>
		<name>5</name>
		<pose>Unspecified</pose>
		<truncated>0</truncated>
		<difficult>0</difficult>
		<robndbox>
			<cx>513.9298</cx>
			<cy>240.2062</cy>
			<w>13.9524</w>
			<h>23.7675</h>
			<angle>0.402061</angle>
		</robndbox>
		<extra/>
	</object>
	<object>
		<name>0</name>
		<pose>Unspecified</pose>
		<truncated>0</truncated>
		<difficult>0</difficult>
		<robndbox>
			<cx>526.9298</cx>
			<cy>245.2062</cy>
			<w>13.9524</w>
			<h>23.7675</h>
			<angle>0.402061</angle>
		</robndbox>
		<extra/>
	</object>
	<object>
		<name>2</name>
		<pose>Unspecified</pose>
		<truncated>0</truncated>
		<difficult>0</difficult>
		<robndbox>
			<cx>600.9298</cx>
			<cy>292.2062</cy>
			<w>13.9524</w>
			<h>23.7675</h>
			<angle>0.728614</angle>
		</robndbox>
		<extra/>
	</object>
	<object>
		<name>0</name>
		<pose>Unspecified</pose>
		<truncated>0</truncated>
		<difficult>0</difficult>
		<robndbox>
			<cx>610.8187</cx>
			<cy>300.8474</cy>
			<w>13.3089</w>
			<h>23.3799</h>
			<angle>0.728614</angle>
		</robndbox>
		<extra/>
	</object>
	<object>
		<name>0</name>
		<pose>Unspecified</pose>
		<truncated>0</truncated>
		<difficult>0</difficult>
		<robndbox>
			<cx>620.8187</cx>
			<cy>309.8474</cy>
			<w>13.3089</w>
			<h>23.3799</h>
			<angle>0.728614</angle>
		</robndbox>
		<extra/>
	</object>
	<object>
		<name>5</name>
		<pose>Unspecified</pose>
		<truncated>0</truncated>
		<difficult>0</difficult>
		<robndbox>
			<cx>283.5</cx>
			<cy>243.0</cy>
			<w>13.0</w>
			<h>22.0</h>
			<angle>5.873832</angle>
		</robndbox>
		<extra/>
	</object>
	<object>
		<name>0</name>
		<pose>Unspecified</pose>
		<truncated>0</truncated>
		<difficult>0</difficult>
		<robndbox>
			<cx>295.5</cx>
			<cy>238.0</cy>
			<w>13.0</w>
			<h>22.0</h>
			<angle>5.873832</angle>
		</robndbox>
		<extra/>
	</object>
	<object>
		<name>0</name>
		<pose>Unspecified</pose>
		<truncated>0</truncated>
		<difficult>0</difficult>
		<robndbox>
			<cx>192.5</cx>
			<cy>302.0</cy>
			<w>13.0</w>
			<h>22.0</h>
			<angle>5.656225</angle>
		</robndbox>
		<extra/>
	</object>
	<object>
		<name>needle</name>
		<pose>Unspecified</pose>
		<truncated>0</truncated>
		<difficult>0</difficult>
		<robndbox>
			<cx>270.5</cx>
			<cy>381.5</cy>
			<w>9.0</w>
			<h>199.0</h>
			<angle>5.507786</angle>
		</robndbox>
		<extra/>
	</object>
	<object>
		<name>uA</name>
		<pose>Unspecified</pose>
		<truncated>0</truncated>
		<difficult>0</difficult>
		<robndbox>
			<cx>406.1667</cx>
			<cy>345.4872</cy>
			<w>77.0</w>
			<h>60.0</h>
			<angle>0.0</angle>
		</robndbox>
		<extra/>
	</object>
</annotation>
