<annotation>
	<folder>images</folder>
	<filename>1cadc990-a915-4fde-8907-6c67962c0e74.jpg</filename>
	<path>C:\Users\yaman\Documents\images\1cadc990-a915-4fde-8907-6c67962c0e74.jpg</path>
	<source>
		<database>Unknown</database>
	</source>
	<size>
		<width>1280</width>
		<height>960</height>
		<depth>3</depth>
	</size>
	<segmented>0</segmented>
	<object>
		<name>scale</name>
		<pose>Unspecified</pose>
		<truncated>0</truncated>
		<difficult>0</difficult>
		<robndbox>
			<cx>399.3058</cx>
			<cy>645.1207</cy>
			<w>33.612</w>
			<h>42.4918</h>
			<angle>5.738521</angle>
		</robndbox>
		<extra/>
	</object>
	<object>
		<name>scale</name>
		<pose>Unspecified</pose>
		<truncated>0</truncated>
		<difficult>0</difficult>
		<robndbox>
			<cx>344.4398</cx>
			<cy>421.5</cy>
			<w>31.236</w>
			<h>40.4266</h>
			<angle>0.084411</angle>
		</robndbox>
		<extra/>
	</object>
	<object>
		<name>scale</name>
		<pose>Unspecified</pose>
		<truncated>0</truncated>
		<difficult>0</difficult>
		<robndbox>
			<cx>346.4398</cx>
			<cy>406.5</cy>
			<w>31.236</w>
			<h>40.4266</h>
			<angle>0.130944</angle>
		</robndbox>
		<extra/>
	</object>
	<object>
		<name>scale</name>
		<pose>Unspecified</pose>
		<truncated>0</truncated>
		<difficult>0</difficult>
		<robndbox>
			<cx>452.4398</cx>
			<cy>203.5</cy>
			<w>31.236</w>
			<h>40.4266</h>
			<angle>0.826052</angle>
		</robndbox>
		<extra/>
	</object>
	<object>
		<name>scale</name>
		<pose>Unspecified</pose>
		<truncated>0</truncated>
		<difficult>0</difficult>
		<robndbox>
			<cx>463.4398</cx>
			<cy>192.5</cy>
			<w>31.236</w>
			<h>40.4266</h>
			<angle>0.854085</angle>
		</robndbox>
		<extra/>
	</object>
	<object>
		<name>scale</name>
		<pose>Unspecified</pose>
		<truncated>0</truncated>
		<difficult>0</difficult>
		<robndbox>
			<cx>678.4398</cx>
			<cy>108.5</cy>
			<w>31.236</w>
			<h>40.4266</h>
			<angle>1.560343</angle>
		</robndbox>
		<extra/>
	</object>
	<object>
		<name>scale</name>
		<pose>Unspecified</pose>
		<truncated>0</truncated>
		<difficult>0</difficult>
		<robndbox>
			<cx>694.4398</cx>
			<cy>108.5</cy>
			<w>31.236</w>
			<h>40.4266</h>
			<angle>1.590659</angle>
		</robndbox>
		<extra/>
	</object>
	<object>
		<name>scale</name>
		<pose>Unspecified</pose>
		<truncated>0</truncated>
		<difficult>0</difficult>
		<robndbox>
			<cx>912.4398</cx>
			<cy>188.5</cy>
			<w>31.236</w>
			<h>40.4266</h>
			<angle>2.23416</angle>
		</robndbox>
		<extra/>
	</object>
	<object>
		<name>scale</name>
		<pose>Unspecified</pose>
		<truncated>0</truncated>
		<difficult>0</difficult>
		<robndbox>
			<cx>924.4398</cx>
			<cy>198.5</cy>
			<w>31.236</w>
			<h>40.4266</h>
			<angle>2.31554</angle>
		</robndbox>
		<extra/>
	</object>
	<object>
		<name>scale</name>
		<pose>Unspecified</pose>
		<truncated>0</truncated>
		<difficult>0</difficult>
		<robndbox>
			<cx>1034.4398</cx>
			<cy>403.5</cy>
			<w>31.236</w>
			<h>40.4266</h>
			<angle>3.014167</angle>
		</robndbox>
		<extra/>
	</object>
	<object>
		<name>scale</name>
		<pose>Unspecified</pose>
		<truncated>0</truncated>
		<difficult>0</difficult>
		<robndbox>
			<cx>1036.4398</cx>
			<cy>419.5</cy>
			<w>31.236</w>
			<h>40.4266</h>
			<angle>3.027097</angle>
		</robndbox>
		<extra/>
	</object>
	<object>
		<name>scale</name>
		<pose>Unspecified</pose>
		<truncated>0</truncated>
		<difficult>0</difficult>
		<robndbox>
			<cx>980.4398</cx>
			<cy>646.5</cy>
			<w>31.236</w>
			<h>40.4266</h>
			<angle>3.774279</angle>
		</robndbox>
		<extra/>
	</object>
	<object>
		<name>scale</name>
		<pose>Unspecified</pose>
		<truncated>0</truncated>
		<difficult>0</difficult>
		<robndbox>
			<cx>384.0246</cx>
			<cy>619.3486</cy>
			<w>33.0501</w>
			<h>30.928</h>
			<angle>5.783322</angle>
		</robndbox>
		<extra/>
	</object>
	<object>
		<name>scale</name>
		<pose>Unspecified</pose>
		<truncated>0</truncated>
		<difficult>0</difficult>
		<robndbox>
			<cx>373.0246</cx>
			<cy>596.3486</cy>
			<w>33.0501</w>
			<h>30.928</h>
			<angle>5.825615</angle>
		</robndbox>
		<extra/>
	</object>
	<object>
		<name>scale</name>
		<pose>Unspecified</pose>
		<truncated>0</truncated>
		<difficult>0</difficult>
		<robndbox>
			<cx>346.0246</cx>
			<cy>500.3486</cy>
			<w>33.0501</w>
			<h>30.928</h>
			<angle>6.140646</angle>
		</robndbox>
		<extra/>
	</object>
	<object>
		<name>scale</name>
		<pose>Unspecified</pose>
		<truncated>0</truncated>
		<difficult>0</difficult>
		<robndbox>
			<cx>355.5966</cx>
			<cy>548.1672</cy>
			<w>33.7646</w>
			<h>32.7931</h>
			<angle>6.032419</angle>
		</robndbox>
		<extra/>
	</object>
	<object>
		<name>scale</name>
		<pose>Unspecified</pose>
		<truncated>0</truncated>
		<difficult>0</difficult>
		<robndbox>
			<cx>362.0246</cx>
			<cy>571.3486</cy>
			<w>33.0501</w>
			<h>30.928</h>
			<angle>5.945785</angle>
		</robndbox>
		<extra/>
	</object>
	<object>
		<name>scale</name>
		<pose>Unspecified</pose>
		<truncated>0</truncated>
		<difficult>0</difficult>
		<robndbox>
			<cx>350.5966</cx>
			<cy>527.1672</cy>
			<w>33.7646</w>
			<h>32.7931</h>
			<angle>6.10954</angle>
		</robndbox>
		<extra/>
	</object>
	<object>
		<name>scale</name>
		<pose>Unspecified</pose>
		<truncated>0</truncated>
		<difficult>0</difficult>
		<robndbox>
			<cx>344.0246</cx>
			<cy>476.3486</cy>
			<w>33.0501</w>
			<h>30.928</h>
			<angle>6.249004</angle>
		</robndbox>
		<extra/>
	</object>
	<object>
		<name>scale</name>
		<pose>Unspecified</pose>
		<truncated>0</truncated>
		<difficult>0</difficult>
		<robndbox>
			<cx>343.201</cx>
			<cy>451.3959</cy>
			<w>32.6977</w>
			<h>31.0247</h>
			<angle>6.277557</angle>
		</robndbox>
		<extra/>
	</object>
	<object>
		<name>scale</name>
		<pose>Unspecified</pose>
		<truncated>0</truncated>
		<difficult>0</difficult>
		<robndbox>
			<cx>352.201</cx>
			<cy>376.3959</cy>
			<w>32.6977</w>
			<h>31.0247</h>
			<angle>0.235415</angle>
		</robndbox>
		<extra/>
	</object>
	<object>
		<name>scale</name>
		<pose>Unspecified</pose>
		<truncated>0</truncated>
		<difficult>0</difficult>
		<robndbox>
			<cx>401.201</cx>
			<cy>263.3959</cy>
			<w>32.6977</w>
			<h>31.0247</h>
			<angle>0.573152</angle>
		</robndbox>
		<extra/>
	</object>
	<object>
		<name>scale</name>
		<pose>Unspecified</pose>
		<truncated>0</truncated>
		<difficult>0</difficult>
		<robndbox>
			<cx>366.201</cx>
			<cy>329.3959</cy>
			<w>32.6977</w>
			<h>31.0247</h>
			<angle>0.370111</angle>
		</robndbox>
		<extra/>
	</object>
	<object>
		<name>scale</name>
		<pose>Unspecified</pose>
		<truncated>0</truncated>
		<difficult>0</difficult>
		<robndbox>
			<cx>377.1623</cx>
			<cy>305.0305</cy>
			<w>32.102</w>
			<h>35.5637</h>
			<angle>0.452723</angle>
		</robndbox>
		<extra/>
	</object>
	<object>
		<name>scale</name>
		<pose>Unspecified</pose>
		<truncated>0</truncated>
		<difficult>0</difficult>
		<robndbox>
			<cx>387.4356</cx>
			<cy>286.7071</cy>
			<w>32.4012</w>
			<h>33.6293</h>
			<angle>0.531109</angle>
		</robndbox>
		<extra/>
	</object>
	<object>
		<name>scale</name>
		<pose>Unspecified</pose>
		<truncated>0</truncated>
		<difficult>0</difficult>
		<robndbox>
			<cx>358.201</cx>
			<cy>352.3959</cy>
			<w>32.6977</w>
			<h>31.0247</h>
			<angle>0.293786</angle>
		</robndbox>
		<extra/>
	</object>
	<object>
		<name>scale</name>
		<pose>Unspecified</pose>
		<truncated>0</truncated>
		<difficult>0</difficult>
		<robndbox>
			<cx>416.201</cx>
			<cy>243.3959</cy>
			<w>32.6977</w>
			<h>31.0247</h>
			<angle>0.696137</angle>
		</robndbox>
		<extra/>
	</object>
	<object>
		<name>scale</name>
		<pose>Unspecified</pose>
		<truncated>0</truncated>
		<difficult>0</difficult>
		<robndbox>
			<cx>432.201</cx>
			<cy>224.3959</cy>
			<w>32.6977</w>
			<h>31.0247</h>
			<angle>0.743844</angle>
		</robndbox>
		<extra/>
	</object>
	<object>
		<name>scale</name>
		<pose>Unspecified</pose>
		<truncated>0</truncated>
		<difficult>0</difficult>
		<robndbox>
			<cx>487.5788</cx>
			<cy>173.6291</cy>
			<w>31.8882</w>
			<h>30.6598</h>
			<angle>0.97661</angle>
		</robndbox>
		<extra/>
	</object>
	<object>
		<name>scale</name>
		<pose>Unspecified</pose>
		<truncated>0</truncated>
		<difficult>0</difficult>
		<robndbox>
			<cx>508.201</cx>
			<cy>160.3959</cy>
			<w>32.6977</w>
			<h>31.0247</h>
			<angle>1.022313</angle>
		</robndbox>
		<extra/>
	</object>
	<object>
		<name>scale</name>
		<pose>Unspecified</pose>
		<truncated>0</truncated>
		<difficult>0</difficult>
		<robndbox>
			<cx>529.1864</cx>
			<cy>148.0898</cy>
			<w>31.4937</w>
			<h>30.3339</h>
			<angle>1.070939</angle>
		</robndbox>
		<extra/>
	</object>
	<object>
		<name>scale</name>
		<pose>Unspecified</pose>
		<truncated>0</truncated>
		<difficult>0</difficult>
		<robndbox>
			<cx>553.445</cx>
			<cy>136.5</cy>
			<w>32.2445</w>
			<h>33.1458</h>
			<angle>1.148317</angle>
		</robndbox>
		<extra/>
	</object>
	<object>
		<name>scale</name>
		<pose>Unspecified</pose>
		<truncated>0</truncated>
		<difficult>0</difficult>
		<robndbox>
			<cx>599.5148</cx>
			<cy>119.8527</cy>
			<w>31.6636</w>
			<h>30.6258</h>
			<angle>1.336955</angle>
		</robndbox>
		<extra/>
	</object>
	<object>
		<name>scale</name>
		<pose>Unspecified</pose>
		<truncated>0</truncated>
		<difficult>0</difficult>
		<robndbox>
			<cx>573.6962</cx>
			<cy>128.6241</cy>
			<w>31.8411</w>
			<h>32.8362</h>
			<angle>1.235138</angle>
		</robndbox>
		<extra/>
	</object>
	<object>
		<name>scale</name>
		<pose>Unspecified</pose>
		<truncated>0</truncated>
		<difficult>0</difficult>
		<robndbox>
			<cx>624.3957</cx>
			<cy>114.7112</cy>
			<w>32.019</w>
			<h>30.727</h>
			<angle>1.430923</angle>
		</robndbox>
		<extra/>
	</object>
	<object>
		<name>scale</name>
		<pose>Unspecified</pose>
		<truncated>0</truncated>
		<difficult>0</difficult>
		<robndbox>
			<cx>648.201</cx>
			<cy>111.3959</cy>
			<w>32.6977</w>
			<h>31.0247</h>
			<angle>1.457262</angle>
		</robndbox>
		<extra/>
	</object>
	<object>
		<name>scale</name>
		<pose>Unspecified</pose>
		<truncated>0</truncated>
		<difficult>0</difficult>
		<robndbox>
			<cx>724.1547</cx>
			<cy>109.9653</cy>
			<w>31.5552</w>
			<h>31.0261</h>
			<angle>1.650685</angle>
		</robndbox>
		<extra/>
	</object>
	<object>
		<name>scale</name>
		<pose>Unspecified</pose>
		<truncated>0</truncated>
		<difficult>0</difficult>
		<robndbox>
			<cx>748.9033</cx>
			<cy>113.0221</cy>
			<w>31.3652</w>
			<h>31.4091</h>
			<angle>1.733709</angle>
		</robndbox>
		<extra/>
	</object>
	<object>
		<name>scale</name>
		<pose>Unspecified</pose>
		<truncated>0</truncated>
		<difficult>0</difficult>
		<robndbox>
			<cx>774.201</cx>
			<cy>118.3959</cy>
			<w>32.6977</w>
			<h>31.0247</h>
			<angle>1.803</angle>
		</robndbox>
		<extra/>
	</object>
	<object>
		<name>scale</name>
		<pose>Unspecified</pose>
		<truncated>0</truncated>
		<difficult>0</difficult>
		<robndbox>
			<cx>799.6214</cx>
			<cy>125.5088</cy>
			<w>31.6028</w>
			<h>35.8858</h>
			<angle>1.878305</angle>
		</robndbox>
		<extra/>
	</object>
	<object>
		<name>scale</name>
		<pose>Unspecified</pose>
		<truncated>0</truncated>
		<difficult>0</difficult>
		<robndbox>
			<cx>820.6214</cx>
			<cy>132.5088</cy>
			<w>31.6028</w>
			<h>35.8858</h>
			<angle>1.934602</angle>
		</robndbox>
		<extra/>
	</object>
	<object>
		<name>scale</name>
		<pose>Unspecified</pose>
		<truncated>0</truncated>
		<difficult>0</difficult>
		<robndbox>
			<cx>845.201</cx>
			<cy>143.3959</cy>
			<w>32.6977</w>
			<h>31.0247</h>
			<angle>2.03052</angle>
		</robndbox>
		<extra/>
	</object>
	<object>
		<name>scale</name>
		<pose>Unspecified</pose>
		<truncated>0</truncated>
		<difficult>0</difficult>
		<robndbox>
			<cx>867.201</cx>
			<cy>156.3959</cy>
			<w>32.6977</w>
			<h>31.0247</h>
			<angle>2.124723</angle>
		</robndbox>
		<extra/>
	</object>
	<object>
		<name>scale</name>
		<pose>Unspecified</pose>
		<truncated>0</truncated>
		<difficult>0</difficult>
		<robndbox>
			<cx>888.201</cx>
			<cy>170.3959</cy>
			<w>32.6977</w>
			<h>31.0247</h>
			<angle>2.169188</angle>
		</robndbox>
		<extra/>
	</object>
	<object>
		<name>scale</name>
		<pose>Unspecified</pose>
		<truncated>0</truncated>
		<difficult>0</difficult>
		<robndbox>
			<cx>945.201</cx>
			<cy>219.3959</cy>
			<w>32.6977</w>
			<h>31.0247</h>
			<angle>2.399462</angle>
		</robndbox>
		<extra/>
	</object>
	<object>
		<name>scale</name>
		<pose>Unspecified</pose>
		<truncated>0</truncated>
		<difficult>0</difficult>
		<robndbox>
			<cx>962.201</cx>
			<cy>238.3959</cy>
			<w>32.6977</w>
			<h>31.0247</h>
			<angle>2.439658</angle>
		</robndbox>
		<extra/>
	</object>
	<object>
		<name>scale</name>
		<pose>Unspecified</pose>
		<truncated>0</truncated>
		<difficult>0</difficult>
		<robndbox>
			<cx>978.201</cx>
			<cy>259.3959</cy>
			<w>32.6977</w>
			<h>31.0247</h>
			<angle>2.516276</angle>
		</robndbox>
		<extra/>
	</object>
	<object>
		<name>scale</name>
		<pose>Unspecified</pose>
		<truncated>0</truncated>
		<difficult>0</difficult>
		<robndbox>
			<cx>991.475</cx>
			<cy>280.943</cy>
			<w>34.6639</w>
			<h>33.9043</h>
			<angle>2.61978</angle>
		</robndbox>
		<extra/>
	</object>
	<object>
		<name>scale</name>
		<pose>Unspecified</pose>
		<truncated>0</truncated>
		<difficult>0</difficult>
		<robndbox>
			<cx>1002.445</cx>
			<cy>302.0</cy>
			<w>33.0276</w>
			<h>34.4853</h>
			<angle>2.676295</angle>
		</robndbox>
		<extra/>
	</object>
	<object>
		<name>scale</name>
		<pose>Unspecified</pose>
		<truncated>0</truncated>
		<difficult>0</difficult>
		<robndbox>
			<cx>1013.201</cx>
			<cy>325.3959</cy>
			<w>32.6977</w>
			<h>31.0247</h>
			<angle>2.7188</angle>
		</robndbox>
		<extra/>
	</object>
	<object>
		<name>scale</name>
		<pose>Unspecified</pose>
		<truncated>0</truncated>
		<difficult>0</difficult>
		<robndbox>
			<cx>1022.201</cx>
			<cy>349.3959</cy>
			<w>32.6977</w>
			<h>31.0247</h>
			<angle>2.810473</angle>
		</robndbox>
		<extra/>
	</object>
	<object>
		<name>scale</name>
		<pose>Unspecified</pose>
		<truncated>0</truncated>
		<difficult>0</difficult>
		<robndbox>
			<cx>1029.201</cx>
			<cy>373.3959</cy>
			<w>32.6977</w>
			<h>31.0247</h>
			<angle>2.915388</angle>
		</robndbox>
		<extra/>
	</object>
	<object>
		<name>scale</name>
		<pose>Unspecified</pose>
		<truncated>0</truncated>
		<difficult>0</difficult>
		<robndbox>
			<cx>1038.945</cx>
			<cy>449.5</cy>
			<w>32.1845</w>
			<h>30.8194</h>
			<angle>3.115964</angle>
		</robndbox>
		<extra/>
	</object>
	<object>
		<name>scale</name>
		<pose>Unspecified</pose>
		<truncated>0</truncated>
		<difficult>0</difficult>
		<robndbox>
			<cx>1038.201</cx>
			<cy>475.3959</cy>
			<w>32.6977</w>
			<h>31.0247</h>
			<angle>3.198538</angle>
		</robndbox>
		<extra/>
	</object>
	<object>
		<name>scale</name>
		<pose>Unspecified</pose>
		<truncated>0</truncated>
		<difficult>0</difficult>
		<robndbox>
			<cx>1036.201</cx>
			<cy>500.3959</cy>
			<w>32.6977</w>
			<h>31.0247</h>
			<angle>3.296617</angle>
		</robndbox>
		<extra/>
	</object>
	<object>
		<name>scale</name>
		<pose>Unspecified</pose>
		<truncated>0</truncated>
		<difficult>0</difficult>
		<robndbox>
			<cx>1031.4257</cx>
			<cy>527.4165</cy>
			<w>33.5514</w>
			<h>35.268</h>
			<angle>3.309446</angle>
		</robndbox>
		<extra/>
	</object>
	<object>
		<name>scale</name>
		<pose>Unspecified</pose>
		<truncated>0</truncated>
		<difficult>0</difficult>
		<robndbox>
			<cx>1025.4257</cx>
			<cy>549.4165</cy>
			<w>33.5514</w>
			<h>35.268</h>
			<angle>3.437312</angle>
		</robndbox>
		<extra/>
	</object>
	<object>
		<name>scale</name>
		<pose>Unspecified</pose>
		<truncated>0</truncated>
		<difficult>0</difficult>
		<robndbox>
			<cx>1017.201</cx>
			<cy>575.3959</cy>
			<w>32.6977</w>
			<h>31.0247</h>
			<angle>3.480631</angle>
		</robndbox>
		<extra/>
	</object>
	<object>
		<name>scale</name>
		<pose>Unspecified</pose>
		<truncated>0</truncated>
		<difficult>0</difficult>
		<robndbox>
			<cx>1007.411</cx>
			<cy>598.3527</cy>
			<w>33.0438</w>
			<h>31.2778</h>
			<angle>3.560433</angle>
		</robndbox>
		<extra/>
	</object>
	<object>
		<name>scale</name>
		<pose>Unspecified</pose>
		<truncated>0</truncated>
		<difficult>0</difficult>
		<robndbox>
			<cx>996.411</cx>
			<cy>621.3527</cy>
			<w>33.0438</w>
			<h>31.2778</h>
			<angle>3.656312</angle>
		</robndbox>
		<extra/>
	</object>
	<object>
		<name>3</name>
		<pose>Unspecified</pose>
		<truncated>0</truncated>
		<difficult>0</difficult>
		<robndbox>
			<cx>866.4398</cx>
			<cy>606.5</cy>
			<w>31.0</w>
			<h>57.0</h>
			<angle>0.0</angle>
		</robndbox>
		<extra/>
	</object>
	<object>
		<name>0</name>
		<pose>Unspecified</pose>
		<truncated>0</truncated>
		<difficult>0</difficult>
		<robndbox>
			<cx>899.4398</cx>
			<cy>606.5</cy>
			<w>31.0</w>
			<h>57.0</h>
			<angle>0.0</angle>
		</robndbox>
		<extra/>
	</object>
	<object>
		<name>0</name>
		<pose>Unspecified</pose>
		<truncated>0</truncated>
		<difficult>0</difficult>
		<robndbox>
			<cx>933.4398</cx>
			<cy>607.5</cy>
			<w>31.0</w>
			<h>57.0</h>
			<angle>0.0</angle>
		</robndbox>
		<extra/>
	</object>
	<object>
		<name>0</name>
		<pose>Unspecified</pose>
		<truncated>0</truncated>
		<difficult>0</difficult>
		<robndbox>
			<cx>984.9398</cx>
			<cy>437.5</cy>
			<w>32.0</w>
			<h>57.0</h>
			<angle>0.0</angle>
		</robndbox>
		<extra/>
	</object>
	<object>
		<name>5</name>
		<pose>Unspecified</pose>
		<truncated>0</truncated>
		<difficult>0</difficult>
		<robndbox>
			<cx>951.9398</cx>
			<cy>437.5</cy>
			<w>32.0</w>
			<h>57.0</h>
			<angle>0.0</angle>
		</robndbox>
		<extra/>
	</object>
	<object>
		<name>2</name>
		<pose>Unspecified</pose>
		<truncated>0</truncated>
		<difficult>0</difficult>
		<robndbox>
			<cx>919.9398</cx>
			<cy>436.5</cy>
			<w>32.0</w>
			<h>57.0</h>
			<angle>0.0</angle>
		</robndbox>
		<extra/>
	</object>
	<object>
		<name>2</name>
		<pose>Unspecified</pose>
		<truncated>0</truncated>
		<difficult>0</difficult>
		<robndbox>
			<cx>839.9398</cx>
			<cy>267.5</cy>
			<w>32.0</w>
			<h>57.0</h>
			<angle>0.0</angle>
		</robndbox>
		<extra/>
	</object>
	<object>
		<name>0</name>
		<pose>Unspecified</pose>
		<truncated>0</truncated>
		<difficult>0</difficult>
		<robndbox>
			<cx>872.9398</cx>
			<cy>267.5</cy>
			<w>32.0</w>
			<h>57.0</h>
			<angle>0.0</angle>
		</robndbox>
		<extra/>
	</object>
	<object>
		<name>0</name>
		<pose>Unspecified</pose>
		<truncated>0</truncated>
		<difficult>0</difficult>
		<robndbox>
			<cx>906.9398</cx>
			<cy>267.5</cy>
			<w>32.0</w>
			<h>57.0</h>
			<angle>0.0</angle>
		</robndbox>
		<extra/>
	</object>
	<object>
		<name>0</name>
		<pose>Unspecified</pose>
		<truncated>0</truncated>
		<difficult>0</difficult>
		<robndbox>
			<cx>725.9398</cx>
			<cy>178.5</cy>
			<w>32.0</w>
			<h>57.0</h>
			<angle>0.0</angle>
		</robndbox>
		<extra/>
	</object>
	<object>
		<name>5</name>
		<pose>Unspecified</pose>
		<truncated>0</truncated>
		<difficult>0</difficult>
		<robndbox>
			<cx>693.9398</cx>
			<cy>178.5</cy>
			<w>32.0</w>
			<h>57.0</h>
			<angle>0.0</angle>
		</robndbox>
		<extra/>
	</object>
	<object>
		<name>1</name>
		<pose>Unspecified</pose>
		<truncated>0</truncated>
		<difficult>0</difficult>
		<robndbox>
			<cx>669.9398</cx>
			<cy>178.5</cy>
			<w>18.0</w>
			<h>57.0</h>
			<angle>0.0</angle>
		</robndbox>
		<extra/>
	</object>
	<object>
		<name>0</name>
		<pose>Unspecified</pose>
		<truncated>0</truncated>
		<difficult>0</difficult>
		<robndbox>
			<cx>545.9398</cx>
			<cy>265.5</cy>
			<w>32.0</w>
			<h>57.0</h>
			<angle>0.0</angle>
		</robndbox>
		<extra/>
	</object>
	<object>
		<name>0</name>
		<pose>Unspecified</pose>
		<truncated>0</truncated>
		<difficult>0</difficult>
		<robndbox>
			<cx>512.9398</cx>
			<cy>265.5</cy>
			<w>32.0</w>
			<h>57.0</h>
			<angle>0.0</angle>
		</robndbox>
		<extra/>
	</object>
	<object>
		<name>1</name>
		<pose>Unspecified</pose>
		<truncated>0</truncated>
		<difficult>0</difficult>
		<robndbox>
			<cx>489.4398</cx>
			<cy>265.5</cy>
			<w>17.0</w>
			<h>57.0</h>
			<angle>0.0</angle>
		</robndbox>
		<extra/>
	</object>
	<object>
		<name>0</name>
		<pose>Unspecified</pose>
		<truncated>0</truncated>
		<difficult>0</difficult>
		<robndbox>
			<cx>446.9398</cx>
			<cy>432.5</cy>
			<w>32.0</w>
			<h>57.0</h>
			<angle>0.0</angle>
		</robndbox>
		<extra/>
	</object>
	<object>
		<name>5</name>
		<pose>Unspecified</pose>
		<truncated>0</truncated>
		<difficult>0</difficult>
		<robndbox>
			<cx>414.9398</cx>
			<cy>433.5</cy>
			<w>32.0</w>
			<h>57.0</h>
			<angle>0.0</angle>
		</robndbox>
		<extra/>
	</object>
	<object>
		<name>0</name>
		<pose>Unspecified</pose>
		<truncated>0</truncated>
		<difficult>0</difficult>
		<robndbox>
			<cx>460.9398</cx>
			<cy>599.5</cy>
			<w>32.0</w>
			<h>57.0</h>
			<angle>0.0</angle>
		</robndbox>
		<extra/>
	</object>
	<object>
		<name>needle</name>
		<pose>Unspecified</pose>
		<truncated>0</truncated>
		<difficult>0</difficult>
		<robndbox>
			<cx>503.9017</cx>
			<cy>582.1547</cy>
			<w>43.549</w>
			<h>200.5905</h>
			<angle>4.086001</angle>
		</robndbox>
		<extra/>
	</object>
</annotation>
