<annotation>
	<folder>images</folder>
	<filename>1d56a278-b7d0-44ad-a0cf-95d635cac8ed.jpg</filename>
	<path>C:\Users\yaman\Documents\images\1d56a278-b7d0-44ad-a0cf-95d635cac8ed.jpg</path>
	<source>
		<database>Unknown</database>
	</source>
	<size>
		<width>500</width>
		<height>500</height>
		<depth>3</depth>
	</size>
	<segmented>0</segmented>
	<object>
		<name>scale</name>
		<pose>Unspecified</pose>
		<truncated>0</truncated>
		<difficult>0</difficult>
		<robndbox>
			<cx>112.3489</cx>
			<cy>191.2225</cy>
			<w>21.9068</w>
			<h>7.5888</h>
			<angle>0.800836</angle>
		</robndbox>
		<extra/>
	</object>
	<object>
		<name>scale</name>
		<pose>Unspecified</pose>
		<truncated>0</truncated>
		<difficult>0</difficult>
		<robndbox>
			<cx>117.2821</cx>
			<cy>188.2045</cy>
			<w>19.8472</w>
			<h>8.1059</h>
			<angle>0.87187</angle>
		</robndbox>
		<extra/>
	</object>
	<object>
		<name>scale</name>
		<pose>Unspecified</pose>
		<truncated>0</truncated>
		<difficult>0</difficult>
		<robndbox>
			<cx>123.7166</cx>
			<cy>187.4875</cy>
			<w>18.8548</w>
			<h>8.4069</h>
			<angle>0.819012</angle>
		</robndbox>
		<extra/>
	</object>
	<object>
		<name>scale</name>
		<pose>Unspecified</pose>
		<truncated>0</truncated>
		<difficult>0</difficult>
		<robndbox>
			<cx>128.2166</cx>
			<cy>184.9875</cy>
			<w>20.2637</w>
			<h>8.529</h>
			<angle>0.949451</angle>
		</robndbox>
		<extra/>
	</object>
	<object>
		<name>scale</name>
		<pose>Unspecified</pose>
		<truncated>0</truncated>
		<difficult>0</difficult>
		<robndbox>
			<cx>134.9552</cx>
			<cy>184.5379</cy>
			<w>19.413</w>
			<h>9.0893</h>
			<angle>0.949451</angle>
		</robndbox>
		<extra/>
	</object>
	<object>
		<name>scale</name>
		<pose>Unspecified</pose>
		<truncated>0</truncated>
		<difficult>0</difficult>
		<robndbox>
			<cx>139.9552</cx>
			<cy>182.5379</cy>
			<w>19.413</w>
			<h>9.0893</h>
			<angle>0.981171</angle>
		</robndbox>
		<extra/>
	</object>
	<object>
		<name>scale</name>
		<pose>Unspecified</pose>
		<truncated>0</truncated>
		<difficult>0</difficult>
		<robndbox>
			<cx>144.9552</cx>
			<cy>181.5379</cy>
			<w>19.413</w>
			<h>9.0893</h>
			<angle>0.981171</angle>
		</robndbox>
		<extra/>
	</object>
	<object>
		<name>scale</name>
		<pose>Unspecified</pose>
		<truncated>0</truncated>
		<difficult>0</difficult>
		<robndbox>
			<cx>149.9552</cx>
			<cy>179.5379</cy>
			<w>19.413</w>
			<h>9.0893</h>
			<angle>0.981171</angle>
		</robndbox>
		<extra/>
	</object>
	<object>
		<name>scale</name>
		<pose>Unspecified</pose>
		<truncated>0</truncated>
		<difficult>0</difficult>
		<robndbox>
			<cx>155.9552</cx>
			<cy>179.5379</cy>
			<w>19.413</w>
			<h>9.0893</h>
			<angle>1.058255</angle>
		</robndbox>
		<extra/>
	</object>
	<object>
		<name>scale</name>
		<pose>Unspecified</pose>
		<truncated>0</truncated>
		<difficult>0</difficult>
		<robndbox>
			<cx>160.9552</cx>
			<cy>178.5379</cy>
			<w>19.413</w>
			<h>9.0893</h>
			<angle>1.058255</angle>
		</robndbox>
		<extra/>
	</object>
	<object>
		<name>scale</name>
		<pose>Unspecified</pose>
		<truncated>0</truncated>
		<difficult>0</difficult>
		<robndbox>
			<cx>165.9552</cx>
			<cy>177.5379</cy>
			<w>19.413</w>
			<h>9.0893</h>
			<angle>1.058255</angle>
		</robndbox>
		<extra/>
	</object>
	<object>
		<name>scale</name>
		<pose>Unspecified</pose>
		<truncated>0</truncated>
		<difficult>0</difficult>
		<robndbox>
			<cx>170.9552</cx>
			<cy>175.5379</cy>
			<w>19.413</w>
			<h>9.0893</h>
			<angle>1.127703</angle>
		</robndbox>
		<extra/>
	</object>
	<object>
		<name>scale</name>
		<pose>Unspecified</pose>
		<truncated>0</truncated>
		<difficult>0</difficult>
		<robndbox>
			<cx>175.9552</cx>
			<cy>175.5379</cy>
			<w>19.413</w>
			<h>9.0893</h>
			<angle>1.128992</angle>
		</robndbox>
		<extra/>
	</object>
	<object>
		<name>scale</name>
		<pose>Unspecified</pose>
		<truncated>0</truncated>
		<difficult>0</difficult>
		<robndbox>
			<cx>179.9552</cx>
			<cy>173.5379</cy>
			<w>19.413</w>
			<h>9.0893</h>
			<angle>1.128992</angle>
		</robndbox>
		<extra/>
	</object>
	<object>
		<name>scale</name>
		<pose>Unspecified</pose>
		<truncated>0</truncated>
		<difficult>0</difficult>
		<robndbox>
			<cx>184.9552</cx>
			<cy>173.5379</cy>
			<w>19.413</w>
			<h>9.0893</h>
			<angle>1.185732</angle>
		</robndbox>
		<extra/>
	</object>
	<object>
		<name>scale</name>
		<pose>Unspecified</pose>
		<truncated>0</truncated>
		<difficult>0</difficult>
		<robndbox>
			<cx>189.9552</cx>
			<cy>172.5379</cy>
			<w>19.413</w>
			<h>9.0893</h>
			<angle>1.216044</angle>
		</robndbox>
		<extra/>
	</object>
	<object>
		<name>scale</name>
		<pose>Unspecified</pose>
		<truncated>0</truncated>
		<difficult>0</difficult>
		<robndbox>
			<cx>194.9552</cx>
			<cy>172.5379</cy>
			<w>19.413</w>
			<h>9.0893</h>
			<angle>1.301854</angle>
		</robndbox>
		<extra/>
	</object>
	<object>
		<name>scale</name>
		<pose>Unspecified</pose>
		<truncated>0</truncated>
		<difficult>0</difficult>
		<robndbox>
			<cx>199.9552</cx>
			<cy>171.5379</cy>
			<w>19.413</w>
			<h>9.0893</h>
			<angle>1.301854</angle>
		</robndbox>
		<extra/>
	</object>
	<object>
		<name>scale</name>
		<pose>Unspecified</pose>
		<truncated>0</truncated>
		<difficult>0</difficult>
		<robndbox>
			<cx>203.9552</cx>
			<cy>171.5379</cy>
			<w>19.413</w>
			<h>9.0893</h>
			<angle>1.408195</angle>
		</robndbox>
		<extra/>
	</object>
	<object>
		<name>scale</name>
		<pose>Unspecified</pose>
		<truncated>0</truncated>
		<difficult>0</difficult>
		<robndbox>
			<cx>208.9552</cx>
			<cy>170.5379</cy>
			<w>19.413</w>
			<h>9.0893</h>
			<angle>1.408195</angle>
		</robndbox>
		<extra/>
	</object>
	<object>
		<name>scale</name>
		<pose>Unspecified</pose>
		<truncated>0</truncated>
		<difficult>0</difficult>
		<robndbox>
			<cx>213.9552</cx>
			<cy>170.5379</cy>
			<w>19.413</w>
			<h>9.0893</h>
			<angle>1.408195</angle>
		</robndbox>
		<extra/>
	</object>
	<object>
		<name>scale</name>
		<pose>Unspecified</pose>
		<truncated>0</truncated>
		<difficult>0</difficult>
		<robndbox>
			<cx>218.9552</cx>
			<cy>170.5379</cy>
			<w>19.413</w>
			<h>9.0893</h>
			<angle>1.408195</angle>
		</robndbox>
		<extra/>
	</object>
	<object>
		<name>scale</name>
		<pose>Unspecified</pose>
		<truncated>0</truncated>
		<difficult>0</difficult>
		<robndbox>
			<cx>222.9552</cx>
			<cy>169.5379</cy>
			<w>19.413</w>
			<h>9.0893</h>
			<angle>1.494342</angle>
		</robndbox>
		<extra/>
	</object>
	<object>
		<name>scale</name>
		<pose>Unspecified</pose>
		<truncated>0</truncated>
		<difficult>0</difficult>
		<robndbox>
			<cx>227.3412</cx>
			<cy>169.6034</cy>
			<w>19.4499</w>
			<h>7.855</h>
			<angle>1.494342</angle>
		</robndbox>
		<extra/>
	</object>
	<object>
		<name>scale</name>
		<pose>Unspecified</pose>
		<truncated>0</truncated>
		<difficult>0</difficult>
		<robndbox>
			<cx>232.3412</cx>
			<cy>169.6034</cy>
			<w>19.4499</w>
			<h>7.855</h>
			<angle>1.494342</angle>
		</robndbox>
		<extra/>
	</object>
	<object>
		<name>scale</name>
		<pose>Unspecified</pose>
		<truncated>0</truncated>
		<difficult>0</difficult>
		<robndbox>
			<cx>236.3412</cx>
			<cy>169.6034</cy>
			<w>19.4499</w>
			<h>7.855</h>
			<angle>1.582523</angle>
		</robndbox>
		<extra/>
	</object>
	<object>
		<name>scale</name>
		<pose>Unspecified</pose>
		<truncated>0</truncated>
		<difficult>0</difficult>
		<robndbox>
			<cx>241.3412</cx>
			<cy>169.6034</cy>
			<w>19.4499</w>
			<h>7.855</h>
			<angle>1.533342</angle>
		</robndbox>
		<extra/>
	</object>
	<object>
		<name>scale</name>
		<pose>Unspecified</pose>
		<truncated>0</truncated>
		<difficult>0</difficult>
		<robndbox>
			<cx>246.3412</cx>
			<cy>168.6034</cy>
			<w>19.4499</w>
			<h>7.855</h>
			<angle>1.533342</angle>
		</robndbox>
		<extra/>
	</object>
	<object>
		<name>scale</name>
		<pose>Unspecified</pose>
		<truncated>0</truncated>
		<difficult>0</difficult>
		<robndbox>
			<cx>250.3412</cx>
			<cy>168.6034</cy>
			<w>19.4499</w>
			<h>7.855</h>
			<angle>1.533342</angle>
		</robndbox>
		<extra/>
	</object>
	<object>
		<name>scale</name>
		<pose>Unspecified</pose>
		<truncated>0</truncated>
		<difficult>0</difficult>
		<robndbox>
			<cx>255.3412</cx>
			<cy>168.6034</cy>
			<w>19.4499</w>
			<h>7.855</h>
			<angle>1.616235</angle>
		</robndbox>
		<extra/>
	</object>
	<object>
		<name>scale</name>
		<pose>Unspecified</pose>
		<truncated>0</truncated>
		<difficult>0</difficult>
		<robndbox>
			<cx>259.3412</cx>
			<cy>169.6034</cy>
			<w>19.4499</w>
			<h>7.855</h>
			<angle>1.616235</angle>
		</robndbox>
		<extra/>
	</object>
	<object>
		<name>scale</name>
		<pose>Unspecified</pose>
		<truncated>0</truncated>
		<difficult>0</difficult>
		<robndbox>
			<cx>264.3412</cx>
			<cy>169.6034</cy>
			<w>19.4499</w>
			<h>7.855</h>
			<angle>1.616235</angle>
		</robndbox>
		<extra/>
	</object>
	<object>
		<name>scale</name>
		<pose>Unspecified</pose>
		<truncated>0</truncated>
		<difficult>0</difficult>
		<robndbox>
			<cx>268.3412</cx>
			<cy>169.6034</cy>
			<w>19.4499</w>
			<h>7.855</h>
			<angle>1.678877</angle>
		</robndbox>
		<extra/>
	</object>
	<object>
		<name>scale</name>
		<pose>Unspecified</pose>
		<truncated>0</truncated>
		<difficult>0</difficult>
		<robndbox>
			<cx>273.3412</cx>
			<cy>169.6034</cy>
			<w>19.4499</w>
			<h>7.855</h>
			<angle>1.678877</angle>
		</robndbox>
		<extra/>
	</object>
	<object>
		<name>scale</name>
		<pose>Unspecified</pose>
		<truncated>0</truncated>
		<difficult>0</difficult>
		<robndbox>
			<cx>277.3412</cx>
			<cy>170.6034</cy>
			<w>19.4499</w>
			<h>7.855</h>
			<angle>1.678877</angle>
		</robndbox>
		<extra/>
	</object>
	<object>
		<name>scale</name>
		<pose>Unspecified</pose>
		<truncated>0</truncated>
		<difficult>0</difficult>
		<robndbox>
			<cx>282.3412</cx>
			<cy>170.6034</cy>
			<w>19.4499</w>
			<h>7.855</h>
			<angle>1.796404</angle>
		</robndbox>
		<extra/>
	</object>
	<object>
		<name>scale</name>
		<pose>Unspecified</pose>
		<truncated>0</truncated>
		<difficult>0</difficult>
		<robndbox>
			<cx>286.3412</cx>
			<cy>170.6034</cy>
			<w>19.4499</w>
			<h>7.855</h>
			<angle>1.796404</angle>
		</robndbox>
		<extra/>
	</object>
	<object>
		<name>scale</name>
		<pose>Unspecified</pose>
		<truncated>0</truncated>
		<difficult>0</difficult>
		<robndbox>
			<cx>291.6723</cx>
			<cy>171.5018</cy>
			<w>19.1035</w>
			<h>7.255</h>
			<angle>1.796404</angle>
		</robndbox>
		<extra/>
	</object>
	<object>
		<name>scale</name>
		<pose>Unspecified</pose>
		<truncated>0</truncated>
		<difficult>0</difficult>
		<robndbox>
			<cx>295.6723</cx>
			<cy>172.5018</cy>
			<w>19.1035</w>
			<h>7.255</h>
			<angle>1.807946</angle>
		</robndbox>
		<extra/>
	</object>
	<object>
		<name>scale</name>
		<pose>Unspecified</pose>
		<truncated>0</truncated>
		<difficult>0</difficult>
		<robndbox>
			<cx>301.1903</cx>
			<cy>172.1201</cy>
			<w>18.1492</w>
			<h>7.9801</h>
			<angle>1.903274</angle>
		</robndbox>
		<extra/>
	</object>
	<object>
		<name>scale</name>
		<pose>Unspecified</pose>
		<truncated>0</truncated>
		<difficult>0</difficult>
		<robndbox>
			<cx>305.1903</cx>
			<cy>173.1201</cy>
			<w>18.1492</w>
			<h>7.9801</h>
			<angle>1.903274</angle>
		</robndbox>
		<extra/>
	</object>
	<object>
		<name>scale</name>
		<pose>Unspecified</pose>
		<truncated>0</truncated>
		<difficult>0</difficult>
		<robndbox>
			<cx>311.1903</cx>
			<cy>173.1201</cy>
			<w>18.1492</w>
			<h>7.9801</h>
			<angle>1.903274</angle>
		</robndbox>
		<extra/>
	</object>
	<object>
		<name>scale</name>
		<pose>Unspecified</pose>
		<truncated>0</truncated>
		<difficult>0</difficult>
		<robndbox>
			<cx>315.1903</cx>
			<cy>174.1201</cy>
			<w>18.1492</w>
			<h>7.9801</h>
			<angle>2.004305</angle>
		</robndbox>
		<extra/>
	</object>
	<object>
		<name>scale</name>
		<pose>Unspecified</pose>
		<truncated>0</truncated>
		<difficult>0</difficult>
		<robndbox>
			<cx>320.1903</cx>
			<cy>176.1201</cy>
			<w>18.1492</w>
			<h>7.9801</h>
			<angle>2.004305</angle>
		</robndbox>
		<extra/>
	</object>
	<object>
		<name>scale</name>
		<pose>Unspecified</pose>
		<truncated>0</truncated>
		<difficult>0</difficult>
		<robndbox>
			<cx>325.4997</cx>
			<cy>176.0156</cy>
			<w>18.5987</w>
			<h>7.5062</h>
			<angle>2.004305</angle>
		</robndbox>
		<extra/>
	</object>
	<object>
		<name>scale</name>
		<pose>Unspecified</pose>
		<truncated>0</truncated>
		<difficult>0</difficult>
		<robndbox>
			<cx>330.4997</cx>
			<cy>177.5156</cy>
			<w>19.5062</w>
			<h>7.9263</h>
			<angle>2.004305</angle>
		</robndbox>
		<extra/>
	</object>
	<object>
		<name>scale</name>
		<pose>Unspecified</pose>
		<truncated>0</truncated>
		<difficult>0</difficult>
		<robndbox>
			<cx>335.5681</cx>
			<cy>177.9496</cy>
			<w>18.8272</w>
			<h>8.4568</h>
			<angle>2.104945</angle>
		</robndbox>
		<extra/>
	</object>
	<object>
		<name>scale</name>
		<pose>Unspecified</pose>
		<truncated>0</truncated>
		<difficult>0</difficult>
		<robndbox>
			<cx>341.188</cx>
			<cy>179.1391</cy>
			<w>18.1843</w>
			<h>7.9955</h>
			<angle>2.104945</angle>
		</robndbox>
		<extra/>
	</object>
	<object>
		<name>scale</name>
		<pose>Unspecified</pose>
		<truncated>0</truncated>
		<difficult>0</difficult>
		<robndbox>
			<cx>346.5591</cx>
			<cy>179.9647</cy>
			<w>18.8623</w>
			<h>8.4568</h>
			<angle>2.104945</angle>
		</robndbox>
		<extra/>
	</object>
	<object>
		<name>scale</name>
		<pose>Unspecified</pose>
		<truncated>0</truncated>
		<difficult>0</difficult>
		<robndbox>
			<cx>351.5591</cx>
			<cy>181.9647</cy>
			<w>18.8623</w>
			<h>8.4568</h>
			<angle>2.146404</angle>
		</robndbox>
		<extra/>
	</object>
	<object>
		<name>scale</name>
		<pose>Unspecified</pose>
		<truncated>0</truncated>
		<difficult>0</difficult>
		<robndbox>
			<cx>357.0729</cx>
			<cy>182.3758</cy>
			<w>20.0813</w>
			<h>8.0886</h>
			<angle>2.146404</angle>
		</robndbox>
		<extra/>
	</object>
	<object>
		<name>scale</name>
		<pose>Unspecified</pose>
		<truncated>0</truncated>
		<difficult>0</difficult>
		<robndbox>
			<cx>362.0729</cx>
			<cy>184.3758</cy>
			<w>18.9926</w>
			<h>9.7664</h>
			<angle>2.146404</angle>
		</robndbox>
		<extra/>
	</object>
	<object>
		<name>scale</name>
		<pose>Unspecified</pose>
		<truncated>0</truncated>
		<difficult>0</difficult>
		<robndbox>
			<cx>367.5475</cx>
			<cy>184.9454</cy>
			<w>18.9643</w>
			<h>8.4081</h>
			<angle>2.236262</angle>
		</robndbox>
		<extra/>
	</object>
	<object>
		<name>scale</name>
		<pose>Unspecified</pose>
		<truncated>0</truncated>
		<difficult>0</difficult>
		<robndbox>
			<cx>373.5475</cx>
			<cy>187.9454</cy>
			<w>18.9643</w>
			<h>8.4081</h>
			<angle>2.236262</angle>
		</robndbox>
		<extra/>
	</object>
	<object>
		<name>scale</name>
		<pose>Unspecified</pose>
		<truncated>0</truncated>
		<difficult>0</difficult>
		<robndbox>
			<cx>379.8545</cx>
			<cy>188.5411</cy>
			<w>20.7572</w>
			<h>8.7627</h>
			<angle>2.236262</angle>
		</robndbox>
		<extra/>
	</object>
	<object>
		<name>scale</name>
		<pose>Unspecified</pose>
		<truncated>0</truncated>
		<difficult>0</difficult>
		<robndbox>
			<cx>383.8545</cx>
			<cy>191.5411</cy>
			<w>20.7572</w>
			<h>8.7627</h>
			<angle>2.323348</angle>
		</robndbox>
		<extra/>
	</object>
	<object>
		<name>1</name>
		<pose>Unspecified</pose>
		<truncated>0</truncated>
		<difficult>0</difficult>
		<robndbox>
			<cx>83.0</cx>
			<cy>162.0</cy>
			<w>10.0</w>
			<h>18.0</h>
			<angle>0.0</angle>
		</robndbox>
		<extra/>
	</object>
	<object>
		<name>8</name>
		<pose>Unspecified</pose>
		<truncated>0</truncated>
		<difficult>0</difficult>
		<robndbox>
			<cx>95.5</cx>
			<cy>162.0</cy>
			<w>13.0</w>
			<h>18.0</h>
			<angle>0.0</angle>
		</robndbox>
		<extra/>
	</object>
	<object>
		<name>0</name>
		<pose>Unspecified</pose>
		<truncated>0</truncated>
		<difficult>0</difficult>
		<robndbox>
			<cx>142.5</cx>
			<cy>149.5</cy>
			<w>13.0</w>
			<h>17.0</h>
			<angle>0.0</angle>
		</robndbox>
		<extra/>
	</object>
	<object>
		<name>2</name>
		<pose>Unspecified</pose>
		<truncated>0</truncated>
		<difficult>0</difficult>
		<robndbox>
			<cx>130.0</cx>
			<cy>150.0</cy>
			<w>12.0</w>
			<h>18.0</h>
			<angle>0.0</angle>
		</robndbox>
		<extra/>
	</object>
	<object>
		<name>2</name>
		<pose>Unspecified</pose>
		<truncated>0</truncated>
		<difficult>0</difficult>
		<robndbox>
			<cx>177.0</cx>
			<cy>142.0</cy>
			<w>12.0</w>
			<h>18.0</h>
			<angle>0.0</angle>
		</robndbox>
		<extra/>
	</object>
	<object>
		<name>2</name>
		<pose>Unspecified</pose>
		<truncated>0</truncated>
		<difficult>0</difficult>
		<robndbox>
			<cx>189.0</cx>
			<cy>142.0</cy>
			<w>12.0</w>
			<h>18.0</h>
			<angle>0.0</angle>
		</robndbox>
		<extra/>
	</object>
	<object>
		<name>2</name>
		<pose>Unspecified</pose>
		<truncated>0</truncated>
		<difficult>0</difficult>
		<robndbox>
			<cx>218.0</cx>
			<cy>137.0</cy>
			<w>12.0</w>
			<h>18.0</h>
			<angle>0.0</angle>
		</robndbox>
		<extra/>
	</object>
	<object>
		<name>2</name>
		<pose>Unspecified</pose>
		<truncated>0</truncated>
		<difficult>0</difficult>
		<robndbox>
			<cx>263.0</cx>
			<cy>136.0</cy>
			<w>12.0</w>
			<h>18.0</h>
			<angle>0.0</angle>
		</robndbox>
		<extra/>
	</object>
	<object>
		<name>4</name>
		<pose>Unspecified</pose>
		<truncated>0</truncated>
		<difficult>0</difficult>
		<robndbox>
			<cx>230.0</cx>
			<cy>137.0</cy>
			<w>12.0</w>
			<h>18.0</h>
			<angle>0.0</angle>
		</robndbox>
		<extra/>
	</object>
	<object>
		<name>6</name>
		<pose>Unspecified</pose>
		<truncated>0</truncated>
		<difficult>0</difficult>
		<robndbox>
			<cx>275.0</cx>
			<cy>136.0</cy>
			<w>12.0</w>
			<h>18.0</h>
			<angle>0.0</angle>
		</robndbox>
		<extra/>
	</object>
	<object>
		<name>2</name>
		<pose>Unspecified</pose>
		<truncated>0</truncated>
		<difficult>0</difficult>
		<robndbox>
			<cx>306.0</cx>
			<cy>141.0</cy>
			<w>12.0</w>
			<h>18.0</h>
			<angle>0.0</angle>
		</robndbox>
		<extra/>
	</object>
	<object>
		<name>8</name>
		<pose>Unspecified</pose>
		<truncated>0</truncated>
		<difficult>0</difficult>
		<robndbox>
			<cx>318.0</cx>
			<cy>141.0</cy>
			<w>12.0</w>
			<h>18.0</h>
			<angle>0.0</angle>
		</robndbox>
		<extra/>
	</object>
	<object>
		<name>3</name>
		<pose>Unspecified</pose>
		<truncated>0</truncated>
		<difficult>0</difficult>
		<robndbox>
			<cx>352.0</cx>
			<cy>150.0</cy>
			<w>12.0</w>
			<h>18.0</h>
			<angle>0.0</angle>
		</robndbox>
		<extra/>
	</object>
	<object>
		<name>0</name>
		<pose>Unspecified</pose>
		<truncated>0</truncated>
		<difficult>0</difficult>
		<robndbox>
			<cx>364.0</cx>
			<cy>150.0</cy>
			<w>12.0</w>
			<h>18.0</h>
			<angle>0.0</angle>
		</robndbox>
		<extra/>
	</object>
	<object>
		<name>3</name>
		<pose>Unspecified</pose>
		<truncated>0</truncated>
		<difficult>0</difficult>
		<robndbox>
			<cx>396.0</cx>
			<cy>162.0</cy>
			<w>12.0</w>
			<h>18.0</h>
			<angle>0.0</angle>
		</robndbox>
		<extra/>
	</object>
	<object>
		<name>2</name>
		<pose>Unspecified</pose>
		<truncated>0</truncated>
		<difficult>0</difficult>
		<robndbox>
			<cx>408.0</cx>
			<cy>162.0</cy>
			<w>12.0</w>
			<h>18.0</h>
			<angle>0.0</angle>
		</robndbox>
		<extra/>
	</object>
	<object>
		<name>needle</name>
		<pose>Unspecified</pose>
		<truncated>0</truncated>
		<difficult>0</difficult>
		<robndbox>
			<cx>148.8426</cx>
			<cy>229.6631</cy>
			<w>7.0424</w>
			<h>160.6404</h>
			<angle>5.481498</angle>
		</robndbox>
		<extra/>
	</object>
</annotation>
