<annotation>
	<folder>images</folder>
	<filename>1f9c0688-d962-4850-a8cf-d10f4d38750d.png</filename>
	<path>C:\Users\yaman\Documents\images\1f9c0688-d962-4850-a8cf-d10f4d38750d.png</path>
	<source>
		<database>Unknown</database>
	</source>
	<size>
		<width>500</width>
		<height>500</height>
		<depth>3</depth>
	</size>
	<segmented>0</segmented>
	<object>
		<name>scale</name>
		<pose>Unspecified</pose>
		<truncated>0</truncated>
		<difficult>0</difficult>
		<robndbox>
			<cx>143.0982</cx>
			<cy>206.2001</cy>
			<w>9.2003</w>
			<h>10.0174</h>
			<angle>5.55472</angle>
		</robndbox>
		<extra/>
	</object>
	<object>
		<name>scale</name>
		<pose>Unspecified</pose>
		<truncated>0</truncated>
		<difficult>0</difficult>
		<robndbox>
			<cx>148.1656</cx>
			<cy>201.7625</cy>
			<w>8.552</w>
			<h>10.9465</h>
			<angle>5.55472</angle>
		</robndbox>
		<extra/>
	</object>
	<object>
		<name>scale</name>
		<pose>Unspecified</pose>
		<truncated>0</truncated>
		<difficult>0</difficult>
		<robndbox>
			<cx>157.3093</cx>
			<cy>193.8466</cy>
			<w>8.6544</w>
			<h>10.6297</h>
			<angle>5.55472</angle>
		</robndbox>
		<extra/>
	</object>
	<object>
		<name>scale</name>
		<pose>Unspecified</pose>
		<truncated>0</truncated>
		<difficult>0</difficult>
		<robndbox>
			<cx>152.2056</cx>
			<cy>198.3519</cy>
			<w>7.8553</w>
			<h>9.9924</h>
			<angle>5.584598</angle>
		</robndbox>
		<extra/>
	</object>
	<object>
		<name>scale</name>
		<pose>Unspecified</pose>
		<truncated>0</truncated>
		<difficult>0</difficult>
		<robndbox>
			<cx>162.3832</cx>
			<cy>189.9618</cy>
			<w>8.4128</w>
			<h>10.3731</h>
			<angle>5.691982</angle>
		</robndbox>
		<extra/>
	</object>
	<object>
		<name>scale</name>
		<pose>Unspecified</pose>
		<truncated>0</truncated>
		<difficult>0</difficult>
		<robndbox>
			<cx>167.3832</cx>
			<cy>186.9618</cy>
			<w>8.4128</w>
			<h>10.3731</h>
			<angle>5.691982</angle>
		</robndbox>
		<extra/>
	</object>
	<object>
		<name>scale</name>
		<pose>Unspecified</pose>
		<truncated>0</truncated>
		<difficult>0</difficult>
		<robndbox>
			<cx>172.2923</cx>
			<cy>184.2076</cy>
			<w>8.7705</w>
			<h>10.0472</h>
			<angle>5.767461</angle>
		</robndbox>
		<extra/>
	</object>
	<object>
		<name>scale</name>
		<pose>Unspecified</pose>
		<truncated>0</truncated>
		<difficult>0</difficult>
		<robndbox>
			<cx>178.2213</cx>
			<cy>181.3679</cy>
			<w>8.9957</w>
			<h>9.8144</h>
			<angle>5.817984</angle>
		</robndbox>
		<extra/>
	</object>
	<object>
		<name>scale</name>
		<pose>Unspecified</pose>
		<truncated>0</truncated>
		<difficult>0</difficult>
		<robndbox>
			<cx>183.7213</cx>
			<cy>178.8679</cy>
			<w>7.6534</w>
			<h>10.2595</h>
			<angle>5.817984</angle>
		</robndbox>
		<extra/>
	</object>
	<object>
		<name>scale</name>
		<pose>Unspecified</pose>
		<truncated>0</truncated>
		<difficult>0</difficult>
		<robndbox>
			<cx>189.2213</cx>
			<cy>175.8679</cy>
			<w>8.5471</w>
			<h>10.7081</h>
			<angle>5.817984</angle>
		</robndbox>
		<extra/>
	</object>
	<object>
		<name>scale</name>
		<pose>Unspecified</pose>
		<truncated>0</truncated>
		<difficult>0</difficult>
		<robndbox>
			<cx>194.1656</cx>
			<cy>173.7625</cy>
			<w>8.552</w>
			<h>10.9465</h>
			<angle>5.930605</angle>
		</robndbox>
		<extra/>
	</object>
	<object>
		<name>scale</name>
		<pose>Unspecified</pose>
		<truncated>0</truncated>
		<difficult>0</difficult>
		<robndbox>
			<cx>206.1656</cx>
			<cy>169.7625</cy>
			<w>8.552</w>
			<h>10.9465</h>
			<angle>6.029471</angle>
		</robndbox>
		<extra/>
	</object>
	<object>
		<name>scale</name>
		<pose>Unspecified</pose>
		<truncated>0</truncated>
		<difficult>0</difficult>
		<robndbox>
			<cx>200.1656</cx>
			<cy>171.7625</cy>
			<w>8.552</w>
			<h>10.9465</h>
			<angle>5.930605</angle>
		</robndbox>
		<extra/>
	</object>
	<object>
		<name>scale</name>
		<pose>Unspecified</pose>
		<truncated>0</truncated>
		<difficult>0</difficult>
		<robndbox>
			<cx>212.1656</cx>
			<cy>167.7625</cy>
			<w>8.552</w>
			<h>10.9465</h>
			<angle>6.029471</angle>
		</robndbox>
		<extra/>
	</object>
	<object>
		<name>scale</name>
		<pose>Unspecified</pose>
		<truncated>0</truncated>
		<difficult>0</difficult>
		<robndbox>
			<cx>218.1671</cx>
			<cy>166.2011</cy>
			<w>8.7028</w>
			<h>10.0823</h>
			<angle>6.10713</angle>
		</robndbox>
		<extra/>
	</object>
	<object>
		<name>scale</name>
		<pose>Unspecified</pose>
		<truncated>0</truncated>
		<difficult>0</difficult>
		<robndbox>
			<cx>224.1671</cx>
			<cy>165.2011</cy>
			<w>8.7028</w>
			<h>10.0823</h>
			<angle>6.10713</angle>
		</robndbox>
		<extra/>
	</object>
	<object>
		<name>scale</name>
		<pose>Unspecified</pose>
		<truncated>0</truncated>
		<difficult>0</difficult>
		<robndbox>
			<cx>230.4383</cx>
			<cy>164.4331</cy>
			<w>8.1186</w>
			<h>9.5651</h>
			<angle>6.20099</angle>
		</robndbox>
		<extra/>
	</object>
	<object>
		<name>scale</name>
		<pose>Unspecified</pose>
		<truncated>0</truncated>
		<difficult>0</difficult>
		<robndbox>
			<cx>236.1656</cx>
			<cy>163.7625</cy>
			<w>8.552</w>
			<h>10.9465</h>
			<angle>6.20099</angle>
		</robndbox>
		<extra/>
	</object>
	<object>
		<name>scale</name>
		<pose>Unspecified</pose>
		<truncated>0</truncated>
		<difficult>0</difficult>
		<robndbox>
			<cx>242.2102</cx>
			<cy>163.1261</cy>
			<w>8.4599</w>
			<h>10.2196</h>
			<angle>0.003858</angle>
		</robndbox>
		<extra/>
	</object>
	<object>
		<name>scale</name>
		<pose>Unspecified</pose>
		<truncated>0</truncated>
		<difficult>0</difficult>
		<robndbox>
			<cx>249.5</cx>
			<cy>163.0</cy>
			<w>9.0386</w>
			<h>9.9652</h>
			<angle>0.003858</angle>
		</robndbox>
		<extra/>
	</object>
	<object>
		<name>scale</name>
		<pose>Unspecified</pose>
		<truncated>0</truncated>
		<difficult>0</difficult>
		<robndbox>
			<cx>254.5</cx>
			<cy>163.0</cy>
			<w>9.0386</w>
			<h>9.9652</h>
			<angle>0.003858</angle>
		</robndbox>
		<extra/>
	</object>
	<object>
		<name>scale</name>
		<pose>Unspecified</pose>
		<truncated>0</truncated>
		<difficult>0</difficult>
		<robndbox>
			<cx>261.0192</cx>
			<cy>163.0194</cy>
			<w>8.0</w>
			<h>9.9922</h>
			<angle>0.003858</angle>
		</robndbox>
		<extra/>
	</object>
	<object>
		<name>scale</name>
		<pose>Unspecified</pose>
		<truncated>0</truncated>
		<difficult>0</difficult>
		<robndbox>
			<cx>267.4554</cx>
			<cy>163.6364</cy>
			<w>9.1306</w>
			<h>10.692</h>
			<angle>0.061384</angle>
		</robndbox>
		<extra/>
	</object>
	<object>
		<name>scale</name>
		<pose>Unspecified</pose>
		<truncated>0</truncated>
		<difficult>0</difficult>
		<robndbox>
			<cx>273.4554</cx>
			<cy>164.6364</cy>
			<w>9.1306</w>
			<h>10.692</h>
			<angle>0.198574</angle>
		</robndbox>
		<extra/>
	</object>
	<object>
		<name>scale</name>
		<pose>Unspecified</pose>
		<truncated>0</truncated>
		<difficult>0</difficult>
		<robndbox>
			<cx>279.4554</cx>
			<cy>165.6364</cy>
			<w>9.1306</w>
			<h>10.692</h>
			<angle>0.198574</angle>
		</robndbox>
		<extra/>
	</object>
	<object>
		<name>scale</name>
		<pose>Unspecified</pose>
		<truncated>0</truncated>
		<difficult>0</difficult>
		<robndbox>
			<cx>285.4554</cx>
			<cy>166.6364</cy>
			<w>9.1306</w>
			<h>10.692</h>
			<angle>0.198574</angle>
		</robndbox>
		<extra/>
	</object>
	<object>
		<name>scale</name>
		<pose>Unspecified</pose>
		<truncated>0</truncated>
		<difficult>0</difficult>
		<robndbox>
			<cx>291.4554</cx>
			<cy>168.6364</cy>
			<w>9.1306</w>
			<h>10.692</h>
			<angle>0.326392</angle>
		</robndbox>
		<extra/>
	</object>
	<object>
		<name>scale</name>
		<pose>Unspecified</pose>
		<truncated>0</truncated>
		<difficult>0</difficult>
		<robndbox>
			<cx>297.4554</cx>
			<cy>170.6364</cy>
			<w>9.1306</w>
			<h>10.692</h>
			<angle>0.326392</angle>
		</robndbox>
		<extra/>
	</object>
	<object>
		<name>scale</name>
		<pose>Unspecified</pose>
		<truncated>0</truncated>
		<difficult>0</difficult>
		<robndbox>
			<cx>302.4554</cx>
			<cy>172.6364</cy>
			<w>9.1306</w>
			<h>10.692</h>
			<angle>0.326392</angle>
		</robndbox>
		<extra/>
	</object>
	<object>
		<name>scale</name>
		<pose>Unspecified</pose>
		<truncated>0</truncated>
		<difficult>0</difficult>
		<robndbox>
			<cx>308.4554</cx>
			<cy>174.6364</cy>
			<w>9.1306</w>
			<h>10.692</h>
			<angle>0.374067</angle>
		</robndbox>
		<extra/>
	</object>
	<object>
		<name>scale</name>
		<pose>Unspecified</pose>
		<truncated>0</truncated>
		<difficult>0</difficult>
		<robndbox>
			<cx>314.4554</cx>
			<cy>176.6364</cy>
			<w>9.1306</w>
			<h>10.692</h>
			<angle>0.411437</angle>
		</robndbox>
		<extra/>
	</object>
	<object>
		<name>scale</name>
		<pose>Unspecified</pose>
		<truncated>0</truncated>
		<difficult>0</difficult>
		<robndbox>
			<cx>320.3661</cx>
			<cy>178.7748</cy>
			<w>9.1467</w>
			<h>10.363</h>
			<angle>0.524161</angle>
		</robndbox>
		<extra/>
	</object>
	<object>
		<name>scale</name>
		<pose>Unspecified</pose>
		<truncated>0</truncated>
		<difficult>0</difficult>
		<robndbox>
			<cx>326.4554</cx>
			<cy>181.6364</cy>
			<w>9.1306</w>
			<h>10.692</h>
			<angle>0.468664</angle>
		</robndbox>
		<extra/>
	</object>
	<object>
		<name>scale</name>
		<pose>Unspecified</pose>
		<truncated>0</truncated>
		<difficult>0</difficult>
		<robndbox>
			<cx>331.4554</cx>
			<cy>184.6364</cy>
			<w>9.1306</w>
			<h>10.692</h>
			<angle>0.500021</angle>
		</robndbox>
		<extra/>
	</object>
	<object>
		<name>scale</name>
		<pose>Unspecified</pose>
		<truncated>0</truncated>
		<difficult>0</difficult>
		<robndbox>
			<cx>336.4554</cx>
			<cy>187.6364</cy>
			<w>9.1306</w>
			<h>10.692</h>
			<angle>0.63296</angle>
		</robndbox>
		<extra/>
	</object>
	<object>
		<name>scale</name>
		<pose>Unspecified</pose>
		<truncated>0</truncated>
		<difficult>0</difficult>
		<robndbox>
			<cx>341.4554</cx>
			<cy>190.6364</cy>
			<w>9.1306</w>
			<h>10.692</h>
			<angle>0.63296</angle>
		</robndbox>
		<extra/>
	</object>
	<object>
		<name>scale</name>
		<pose>Unspecified</pose>
		<truncated>0</truncated>
		<difficult>0</difficult>
		<robndbox>
			<cx>346.4554</cx>
			<cy>194.6364</cy>
			<w>9.1306</w>
			<h>10.692</h>
			<angle>0.63296</angle>
		</robndbox>
		<extra/>
	</object>
	<object>
		<name>scale</name>
		<pose>Unspecified</pose>
		<truncated>0</truncated>
		<difficult>0</difficult>
		<robndbox>
			<cx>351.4684</cx>
			<cy>198.3127</cy>
			<w>8.7687</w>
			<h>10.1547</h>
			<angle>0.63296</angle>
		</robndbox>
		<extra/>
	</object>
	<object>
		<name>scale</name>
		<pose>Unspecified</pose>
		<truncated>0</truncated>
		<difficult>0</difficult>
		<robndbox>
			<cx>356.2265</cx>
			<cy>202.2315</cy>
			<w>9.4657</w>
			<h>9.9994</h>
			<angle>0.63296</angle>
		</robndbox>
		<extra/>
	</object>
	<object>
		<name>scale</name>
		<pose>Unspecified</pose>
		<truncated>0</truncated>
		<difficult>0</difficult>
		<robndbox>
			<cx>360.1511</cx>
			<cy>206.2886</cy>
			<w>9.5534</w>
			<h>9.8334</h>
			<angle>0.757729</angle>
		</robndbox>
		<extra/>
	</object>
	<object>
		<name>0</name>
		<pose>Unspecified</pose>
		<truncated>0</truncated>
		<difficult>0</difficult>
		<robndbox>
			<cx>124.9887</cx>
			<cy>191.5626</cy>
			<w>9.7805</w>
			<h>14.3276</h>
			<angle>5.450204</angle>
		</robndbox>
		<extra/>
	</object>
	<object>
		<name>5</name>
		<pose>Unspecified</pose>
		<truncated>0</truncated>
		<difficult>0</difficult>
		<robndbox>
			<cx>182.9887</cx>
			<cy>153.5626</cy>
			<w>9.7805</w>
			<h>14.3276</h>
			<angle>5.950305</angle>
		</robndbox>
		<extra/>
	</object>
	<object>
		<name>1</name>
		<pose>Unspecified</pose>
		<truncated>0</truncated>
		<difficult>0</difficult>
		<robndbox>
			<cx>247.2944</cx>
			<cy>140.6045</cy>
			<w>7.1747</w>
			<h>14.5158</h>
			<angle>6.243202</angle>
		</robndbox>
		<extra/>
	</object>
	<object>
		<name>0</name>
		<pose>Unspecified</pose>
		<truncated>0</truncated>
		<difficult>0</difficult>
		<robndbox>
			<cx>256.3826</cx>
			<cy>140.6365</cy>
			<w>9.3297</w>
			<h>14.6671</h>
			<angle>0.006452</angle>
		</robndbox>
		<extra/>
	</object>
	<object>
		<name>5</name>
		<pose>Unspecified</pose>
		<truncated>0</truncated>
		<difficult>0</difficult>
		<robndbox>
			<cx>324.9887</cx>
			<cy>155.5626</cy>
			<w>9.7805</w>
			<h>14.3276</h>
			<angle>0.40633</angle>
		</robndbox>
		<extra/>
	</object>
	<object>
		<name>1</name>
		<pose>Unspecified</pose>
		<truncated>0</truncated>
		<difficult>0</difficult>
		<robndbox>
			<cx>316.6561</cx>
			<cy>151.9575</cy>
			<w>8.2423</w>
			<h>14.5255</h>
			<angle>0.40633</angle>
		</robndbox>
		<extra/>
	</object>
	<object>
		<name>2</name>
		<pose>Unspecified</pose>
		<truncated>0</truncated>
		<difficult>0</difficult>
		<robndbox>
			<cx>375.9887</cx>
			<cy>188.5626</cy>
			<w>9.7805</w>
			<h>14.3276</h>
			<angle>0.800124</angle>
		</robndbox>
		<extra/>
	</object>
	<object>
		<name>0</name>
		<pose>Unspecified</pose>
		<truncated>0</truncated>
		<difficult>0</difficult>
		<robndbox>
			<cx>381.9887</cx>
			<cy>195.5626</cy>
			<w>9.7805</w>
			<h>14.3276</h>
			<angle>0.800124</angle>
		</robndbox>
		<extra/>
	</object>
	<object>
		<name>V</name>
		<pose>Unspecified</pose>
		<truncated>0</truncated>
		<difficult>0</difficult>
		<robndbox>
			<cx>251.5</cx>
			<cy>202.0</cy>
			<w>25.0</w>
			<h>32.0</h>
			<angle>0.0</angle>
		</robndbox>
		<extra/>
	</object>
	<object>
		<name>needle</name>
		<pose>Unspecified</pose>
		<truncated>0</truncated>
		<difficult>0</difficult>
		<robndbox>
			<cx>176.5298</cx>
			<cy>237.945</cy>
			<w>7.3402</w>
			<h>113.6742</h>
			<angle>5.475718</angle>
		</robndbox>
		<extra/>
	</object>
</annotation>
