<annotation>
	<folder>drive-download-20220120T141758Z-001</folder>
	<filename>2b834e5a-2595-4da0-8a26-e5497afe058f.jpg</filename>
	<path>C:\Users\yaman\Downloads\drive-download-20220120T141758Z-001\2b834e5a-2595-4da0-8a26-e5497afe058f.jpg</path>
	<source>
		<database>Unknown</database>
	</source>
	<size>
		<width>800</width>
		<height>800</height>
		<depth>3</depth>
	</size>
	<segmented>0</segmented>
	<object>
		<name>scale</name>
		<pose>Unspecified</pose>
		<truncated>0</truncated>
		<difficult>0</difficult>
		<robndbox>
			<cx>227.718</cx>
			<cy>347.1117</cy>
			<w>14.3092</w>
			<h>17.8507</h>
			<angle>5.466687</angle>
		</robndbox>
		<extra/>
	</object>
	<object>
		<name>scale</name>
		<pose>Unspecified</pose>
		<truncated>0</truncated>
		<difficult>0</difficult>
		<robndbox>
			<cx>234.718</cx>
			<cy>340.1117</cy>
			<w>14.3092</w>
			<h>17.8507</h>
			<angle>5.553948</angle>
		</robndbox>
		<extra/>
	</object>
	<object>
		<name>scale</name>
		<pose>Unspecified</pose>
		<truncated>0</truncated>
		<difficult>0</difficult>
		<robndbox>
			<cx>249.718</cx>
			<cy>328.1117</cy>
			<w>14.3092</w>
			<h>17.8507</h>
			<angle>5.638739</angle>
		</robndbox>
		<extra/>
	</object>
	<object>
		<name>scale</name>
		<pose>Unspecified</pose>
		<truncated>0</truncated>
		<difficult>0</difficult>
		<robndbox>
			<cx>242.718</cx>
			<cy>334.1117</cy>
			<w>14.3092</w>
			<h>17.8507</h>
			<angle>5.638739</angle>
		</robndbox>
		<extra/>
	</object>
	<object>
		<name>scale</name>
		<pose>Unspecified</pose>
		<truncated>0</truncated>
		<difficult>0</difficult>
		<robndbox>
			<cx>257.718</cx>
			<cy>322.1117</cy>
			<w>14.3092</w>
			<h>17.8507</h>
			<angle>5.720009</angle>
		</robndbox>
		<extra/>
	</object>
	<object>
		<name>scale</name>
		<pose>Unspecified</pose>
		<truncated>0</truncated>
		<difficult>0</difficult>
		<robndbox>
			<cx>265.718</cx>
			<cy>316.1117</cy>
			<w>14.3092</w>
			<h>17.8507</h>
			<angle>5.720009</angle>
		</robndbox>
		<extra/>
	</object>
	<object>
		<name>scale</name>
		<pose>Unspecified</pose>
		<truncated>0</truncated>
		<difficult>0</difficult>
		<robndbox>
			<cx>273.718</cx>
			<cy>311.1117</cy>
			<w>14.3092</w>
			<h>17.8507</h>
			<angle>5.796977</angle>
		</robndbox>
		<extra/>
	</object>
	<object>
		<name>scale</name>
		<pose>Unspecified</pose>
		<truncated>0</truncated>
		<difficult>0</difficult>
		<robndbox>
			<cx>282.718</cx>
			<cy>307.1117</cy>
			<w>14.3092</w>
			<h>17.8507</h>
			<angle>5.796977</angle>
		</robndbox>
		<extra/>
	</object>
	<object>
		<name>scale</name>
		<pose>Unspecified</pose>
		<truncated>0</truncated>
		<difficult>0</difficult>
		<robndbox>
			<cx>291.718</cx>
			<cy>302.1117</cy>
			<w>14.3092</w>
			<h>17.8507</h>
			<angle>5.9082</angle>
		</robndbox>
		<extra/>
	</object>
	<object>
		<name>scale</name>
		<pose>Unspecified</pose>
		<truncated>0</truncated>
		<difficult>0</difficult>
		<robndbox>
			<cx>300.718</cx>
			<cy>298.1117</cy>
			<w>14.3092</w>
			<h>17.8507</h>
			<angle>5.9082</angle>
		</robndbox>
		<extra/>
	</object>
	<object>
		<name>scale</name>
		<pose>Unspecified</pose>
		<truncated>0</truncated>
		<difficult>0</difficult>
		<robndbox>
			<cx>308.718</cx>
			<cy>294.1117</cy>
			<w>14.3092</w>
			<h>17.8507</h>
			<angle>5.9082</angle>
		</robndbox>
		<extra/>
	</object>
	<object>
		<name>scale</name>
		<pose>Unspecified</pose>
		<truncated>0</truncated>
		<difficult>0</difficult>
		<robndbox>
			<cx>318.718</cx>
			<cy>291.1117</cy>
			<w>14.3092</w>
			<h>17.8507</h>
			<angle>6.026545</angle>
		</robndbox>
		<extra/>
	</object>
	<object>
		<name>scale</name>
		<pose>Unspecified</pose>
		<truncated>0</truncated>
		<difficult>0</difficult>
		<robndbox>
			<cx>327.718</cx>
			<cy>288.1117</cy>
			<w>14.3092</w>
			<h>17.8507</h>
			<angle>6.026545</angle>
		</robndbox>
		<extra/>
	</object>
	<object>
		<name>scale</name>
		<pose>Unspecified</pose>
		<truncated>0</truncated>
		<difficult>0</difficult>
		<robndbox>
			<cx>337.718</cx>
			<cy>285.1117</cy>
			<w>14.3092</w>
			<h>17.8507</h>
			<angle>6.092516</angle>
		</robndbox>
		<extra/>
	</object>
	<object>
		<name>scale</name>
		<pose>Unspecified</pose>
		<truncated>0</truncated>
		<difficult>0</difficult>
		<robndbox>
			<cx>347.718</cx>
			<cy>283.1117</cy>
			<w>14.3092</w>
			<h>17.8507</h>
			<angle>6.092516</angle>
		</robndbox>
		<extra/>
	</object>
	<object>
		<name>scale</name>
		<pose>Unspecified</pose>
		<truncated>0</truncated>
		<difficult>0</difficult>
		<robndbox>
			<cx>356.718</cx>
			<cy>282.1117</cy>
			<w>14.3092</w>
			<h>17.8507</h>
			<angle>6.149165</angle>
		</robndbox>
		<extra/>
	</object>
	<object>
		<name>scale</name>
		<pose>Unspecified</pose>
		<truncated>0</truncated>
		<difficult>0</difficult>
		<robndbox>
			<cx>366.718</cx>
			<cy>280.1117</cy>
			<w>14.3092</w>
			<h>17.8507</h>
			<angle>6.208804</angle>
		</robndbox>
		<extra/>
	</object>
	<object>
		<name>scale</name>
		<pose>Unspecified</pose>
		<truncated>0</truncated>
		<difficult>0</difficult>
		<robndbox>
			<cx>376.718</cx>
			<cy>279.1117</cy>
			<w>14.3092</w>
			<h>17.8507</h>
			<angle>6.26168</angle>
		</robndbox>
		<extra/>
	</object>
	<object>
		<name>scale</name>
		<pose>Unspecified</pose>
		<truncated>0</truncated>
		<difficult>0</difficult>
		<robndbox>
			<cx>385.718</cx>
			<cy>278.1117</cy>
			<w>14.3092</w>
			<h>17.8507</h>
			<angle>6.26168</angle>
		</robndbox>
		<extra/>
	</object>
	<object>
		<name>scale</name>
		<pose>Unspecified</pose>
		<truncated>0</truncated>
		<difficult>0</difficult>
		<robndbox>
			<cx>396.718</cx>
			<cy>278.1117</cy>
			<w>14.3092</w>
			<h>17.8507</h>
			<angle>6.26168</angle>
		</robndbox>
		<extra/>
	</object>
	<object>
		<name>scale</name>
		<pose>Unspecified</pose>
		<truncated>0</truncated>
		<difficult>0</difficult>
		<robndbox>
			<cx>405.718</cx>
			<cy>278.1117</cy>
			<w>14.3092</w>
			<h>17.8507</h>
			<angle>0.040963</angle>
		</robndbox>
		<extra/>
	</object>
	<object>
		<name>scale</name>
		<pose>Unspecified</pose>
		<truncated>0</truncated>
		<difficult>0</difficult>
		<robndbox>
			<cx>415.718</cx>
			<cy>278.1117</cy>
			<w>14.3092</w>
			<h>17.8507</h>
			<angle>0.040963</angle>
		</robndbox>
		<extra/>
	</object>
	<object>
		<name>scale</name>
		<pose>Unspecified</pose>
		<truncated>0</truncated>
		<difficult>0</difficult>
		<robndbox>
			<cx>425.718</cx>
			<cy>279.1117</cy>
			<w>14.3092</w>
			<h>17.8507</h>
			<angle>0.10975</angle>
		</robndbox>
		<extra/>
	</object>
	<object>
		<name>scale</name>
		<pose>Unspecified</pose>
		<truncated>0</truncated>
		<difficult>0</difficult>
		<robndbox>
			<cx>435.718</cx>
			<cy>280.1117</cy>
			<w>14.3092</w>
			<h>17.8507</h>
			<angle>0.10975</angle>
		</robndbox>
		<extra/>
	</object>
	<object>
		<name>scale</name>
		<pose>Unspecified</pose>
		<truncated>0</truncated>
		<difficult>0</difficult>
		<robndbox>
			<cx>445.718</cx>
			<cy>282.1117</cy>
			<w>14.3092</w>
			<h>17.8507</h>
			<angle>0.224056</angle>
		</robndbox>
		<extra/>
	</object>
	<object>
		<name>scale</name>
		<pose>Unspecified</pose>
		<truncated>0</truncated>
		<difficult>0</difficult>
		<robndbox>
			<cx>454.718</cx>
			<cy>284.1117</cy>
			<w>14.3092</w>
			<h>17.8507</h>
			<angle>0.224056</angle>
		</robndbox>
		<extra/>
	</object>
	<object>
		<name>scale</name>
		<pose>Unspecified</pose>
		<truncated>0</truncated>
		<difficult>0</difficult>
		<robndbox>
			<cx>464.718</cx>
			<cy>286.1117</cy>
			<w>14.3092</w>
			<h>17.8507</h>
			<angle>0.286768</angle>
		</robndbox>
		<extra/>
	</object>
	<object>
		<name>scale</name>
		<pose>Unspecified</pose>
		<truncated>0</truncated>
		<difficult>0</difficult>
		<robndbox>
			<cx>473.718</cx>
			<cy>289.1117</cy>
			<w>14.3092</w>
			<h>17.8507</h>
			<angle>0.286768</angle>
		</robndbox>
		<extra/>
	</object>
	<object>
		<name>scale</name>
		<pose>Unspecified</pose>
		<truncated>0</truncated>
		<difficult>0</difficult>
		<robndbox>
			<cx>483.718</cx>
			<cy>292.1117</cy>
			<w>14.3092</w>
			<h>17.8507</h>
			<angle>0.406357</angle>
		</robndbox>
		<extra/>
	</object>
	<object>
		<name>scale</name>
		<pose>Unspecified</pose>
		<truncated>0</truncated>
		<difficult>0</difficult>
		<robndbox>
			<cx>492.718</cx>
			<cy>296.1117</cy>
			<w>14.3092</w>
			<h>17.8507</h>
			<angle>0.406357</angle>
		</robndbox>
		<extra/>
	</object>
	<object>
		<name>scale</name>
		<pose>Unspecified</pose>
		<truncated>0</truncated>
		<difficult>0</difficult>
		<robndbox>
			<cx>501.718</cx>
			<cy>299.1117</cy>
			<w>14.3092</w>
			<h>17.8507</h>
			<angle>0.426368</angle>
		</robndbox>
		<extra/>
	</object>
	<object>
		<name>scale</name>
		<pose>Unspecified</pose>
		<truncated>0</truncated>
		<difficult>0</difficult>
		<robndbox>
			<cx>510.718</cx>
			<cy>304.1117</cy>
			<w>14.3092</w>
			<h>17.8507</h>
			<angle>0.486071</angle>
		</robndbox>
		<extra/>
	</object>
	<object>
		<name>scale</name>
		<pose>Unspecified</pose>
		<truncated>0</truncated>
		<difficult>0</difficult>
		<robndbox>
			<cx>519.718</cx>
			<cy>308.1117</cy>
			<w>14.3092</w>
			<h>17.8507</h>
			<angle>0.486071</angle>
		</robndbox>
		<extra/>
	</object>
	<object>
		<name>scale</name>
		<pose>Unspecified</pose>
		<truncated>0</truncated>
		<difficult>0</difficult>
		<robndbox>
			<cx>527.718</cx>
			<cy>313.1117</cy>
			<w>14.3092</w>
			<h>17.8507</h>
			<angle>0.568295</angle>
		</robndbox>
		<extra/>
	</object>
	<object>
		<name>scale</name>
		<pose>Unspecified</pose>
		<truncated>0</truncated>
		<difficult>0</difficult>
		<robndbox>
			<cx>536.718</cx>
			<cy>318.1117</cy>
			<w>14.3092</w>
			<h>17.8507</h>
			<angle>0.568295</angle>
		</robndbox>
		<extra/>
	</object>
	<object>
		<name>scale</name>
		<pose>Unspecified</pose>
		<truncated>0</truncated>
		<difficult>0</difficult>
		<robndbox>
			<cx>544.718</cx>
			<cy>323.1117</cy>
			<w>14.3092</w>
			<h>17.8507</h>
			<angle>0.652</angle>
		</robndbox>
		<extra/>
	</object>
	<object>
		<name>scale</name>
		<pose>Unspecified</pose>
		<truncated>0</truncated>
		<difficult>0</difficult>
		<robndbox>
			<cx>552.718</cx>
			<cy>329.1117</cy>
			<w>14.3092</w>
			<h>17.8507</h>
			<angle>0.652</angle>
		</robndbox>
		<extra/>
	</object>
	<object>
		<name>scale</name>
		<pose>Unspecified</pose>
		<truncated>0</truncated>
		<difficult>0</difficult>
		<robndbox>
			<cx>560.718</cx>
			<cy>335.1117</cy>
			<w>14.3092</w>
			<h>17.8507</h>
			<angle>0.652</angle>
		</robndbox>
		<extra/>
	</object>
	<object>
		<name>scale</name>
		<pose>Unspecified</pose>
		<truncated>0</truncated>
		<difficult>0</difficult>
		<robndbox>
			<cx>568.718</cx>
			<cy>341.1117</cy>
			<w>14.3092</w>
			<h>17.8507</h>
			<angle>0.736039</angle>
		</robndbox>
		<extra/>
	</object>
	<object>
		<name>scale</name>
		<pose>Unspecified</pose>
		<truncated>0</truncated>
		<difficult>0</difficult>
		<robndbox>
			<cx>575.718</cx>
			<cy>348.1117</cy>
			<w>14.3092</w>
			<h>17.8507</h>
			<angle>0.748199</angle>
		</robndbox>
		<extra/>
	</object>
	<object>
		<name>0</name>
		<pose>Unspecified</pose>
		<truncated>0</truncated>
		<difficult>0</difficult>
		<robndbox>
			<cx>281.0</cx>
			<cy>268.0</cy>
			<w>14.3725</w>
			<h>22.659</h>
			<angle>5.741292</angle>
		</robndbox>
		<extra/>
	</object>
	<object>
		<name>5</name>
		<pose>Unspecified</pose>
		<truncated>0</truncated>
		<difficult>0</difficult>
		<robndbox>
			<cx>299.0</cx>
			<cy>259.0</cy>
			<w>14.3725</w>
			<h>22.659</h>
			<angle>5.829299</angle>
		</robndbox>
		<extra/>
	</object>
	<object>
		<name>1</name>
		<pose>Unspecified</pose>
		<truncated>0</truncated>
		<difficult>0</difficult>
		<robndbox>
			<cx>400.5744</cx>
			<cy>241.8156</cy>
			<w>12.9997</w>
			<h>22.2827</h>
			<angle>0.006656</angle>
		</robndbox>
		<extra/>
	</object>
	<object>
		<name>1</name>
		<pose>Unspecified</pose>
		<truncated>0</truncated>
		<difficult>0</difficult>
		<robndbox>
			<cx>502.4345</cx>
			<cy>260.0151</cy>
			<w>12.8951</w>
			<h>22.7586</h>
			<angle>0.39552</angle>
		</robndbox>
		<extra/>
	</object>
	<object>
		<name>5</name>
		<pose>Unspecified</pose>
		<truncated>0</truncated>
		<difficult>0</difficult>
		<robndbox>
			<cx>520.9345</cx>
			<cy>267.5151</cy>
			<w>14.2032</w>
			<h>23.2961</h>
			<angle>0.39552</angle>
		</robndbox>
		<extra/>
	</object>
	<object>
		<name>2</name>
		<pose>Unspecified</pose>
		<truncated>0</truncated>
		<difficult>0</difficult>
		<robndbox>
			<cx>604.9345</cx>
			<cy>326.5151</cy>
			<w>14.2032</w>
			<h>23.2961</h>
			<angle>0.795541</angle>
		</robndbox>
		<extra/>
	</object>
	<object>
		<name>0</name>
		<pose>Unspecified</pose>
		<truncated>0</truncated>
		<difficult>0</difficult>
		<robndbox>
			<cx>198.9345</cx>
			<cy>324.5151</cy>
			<w>14.2032</w>
			<h>23.2961</h>
			<angle>5.496332</angle>
		</robndbox>
		<extra/>
	</object>
	<object>
		<name>dot</name>
		<pose>Unspecified</pose>
		<truncated>0</truncated>
		<difficult>0</difficult>
		<robndbox>
			<cx>293.5</cx>
			<cy>270.0</cy>
			<w>7.1554</w>
			<h>7.6026</h>
			<angle>5.819538</angle>
		</robndbox>
		<extra/>
	</object>
	<object>
		<name>dot</name>
		<pose>Unspecified</pose>
		<truncated>0</truncated>
		<difficult>0</difficult>
		<robndbox>
			<cx>508.5</cx>
			<cy>271.0</cy>
			<w>7.1554</w>
			<h>7.6026</h>
			<angle>0.41208</angle>
		</robndbox>
		<extra/>
	</object>
	<object>
		<name>A</name>
		<pose>Unspecified</pose>
		<truncated>0</truncated>
		<difficult>0</difficult>
		<robndbox>
			<cx>401.0</cx>
			<cy>341.0</cy>
			<w>36.0</w>
			<h>50.0</h>
			<angle>0.0</angle>
		</robndbox>
		<extra/>
	</object>
	<object>
		<name>needle</name>
		<pose>Unspecified</pose>
		<truncated>0</truncated>
		<difficult>0</difficult>
		<robndbox>
			<cx>279.0186</cx>
			<cy>394.5986</cy>
			<w>10.6263</w>
			<h>182.7808</h>
			<angle>5.404331</angle>
		</robndbox>
		<extra/>
	</object>
</annotation>
