<annotation>
	<folder>images</folder>
	<filename>2d82d0d7-611d-400e-b7c2-548e5c56c15c.jpg</filename>
	<path>C:\Users\yaman\Documents\images\2d82d0d7-611d-400e-b7c2-548e5c56c15c.jpg</path>
	<source>
		<database>Unknown</database>
	</source>
	<size>
		<width>1280</width>
		<height>960</height>
		<depth>3</depth>
	</size>
	<segmented>0</segmented>
	<object>
		<name>scale</name>
		<pose>Unspecified</pose>
		<truncated>0</truncated>
		<difficult>0</difficult>
		<robndbox>
			<cx>452.3463</cx>
			<cy>665.0672</cy>
			<w>35.8037</w>
			<h>44.9325</h>
			<angle>5.664981</angle>
		</robndbox>
		<extra/>
	</object>
	<object>
		<name>scale</name>
		<pose>Unspecified</pose>
		<truncated>0</truncated>
		<difficult>0</difficult>
		<robndbox>
			<cx>435.4183</cx>
			<cy>639.1269</cy>
			<w>36.3871</w>
			<h>34.3282</h>
			<angle>5.771647</angle>
		</robndbox>
		<extra/>
	</object>
	<object>
		<name>scale</name>
		<pose>Unspecified</pose>
		<truncated>0</truncated>
		<difficult>0</difficult>
		<robndbox>
			<cx>422.4183</cx>
			<cy>615.1269</cy>
			<w>36.3871</w>
			<h>34.3282</h>
			<angle>5.837375</angle>
		</robndbox>
		<extra/>
	</object>
	<object>
		<name>scale</name>
		<pose>Unspecified</pose>
		<truncated>0</truncated>
		<difficult>0</difficult>
		<robndbox>
			<cx>412.4183</cx>
			<cy>591.1269</cy>
			<w>36.3871</w>
			<h>34.3282</h>
			<angle>5.909438</angle>
		</robndbox>
		<extra/>
	</object>
	<object>
		<name>scale</name>
		<pose>Unspecified</pose>
		<truncated>0</truncated>
		<difficult>0</difficult>
		<robndbox>
			<cx>402.5918</cx>
			<cy>564.4903</cy>
			<w>37.7456</w>
			<h>34.785</h>
			<angle>5.959638</angle>
		</robndbox>
		<extra/>
	</object>
	<object>
		<name>scale</name>
		<pose>Unspecified</pose>
		<truncated>0</truncated>
		<difficult>0</difficult>
		<robndbox>
			<cx>396.5123</cx>
			<cy>541.6492</cy>
			<w>36.4732</w>
			<h>37.4574</h>
			<angle>6.056308</angle>
		</robndbox>
		<extra/>
	</object>
	<object>
		<name>scale</name>
		<pose>Unspecified</pose>
		<truncated>0</truncated>
		<difficult>0</difficult>
		<robndbox>
			<cx>390.9558</cx>
			<cy>514.0</cy>
			<w>34.6707</w>
			<h>33.7927</h>
			<angle>6.153253</angle>
		</robndbox>
		<extra/>
	</object>
	<object>
		<name>scale</name>
		<pose>Unspecified</pose>
		<truncated>0</truncated>
		<difficult>0</difficult>
		<robndbox>
			<cx>387.9558</cx>
			<cy>487.0</cy>
			<w>34.6707</w>
			<h>33.7927</h>
			<angle>6.217779</angle>
		</robndbox>
		<extra/>
	</object>
	<object>
		<name>scale</name>
		<pose>Unspecified</pose>
		<truncated>0</truncated>
		<difficult>0</difficult>
		<robndbox>
			<cx>386.9558</cx>
			<cy>461.0</cy>
			<w>34.6707</w>
			<h>33.7927</h>
			<angle>6.270362</angle>
		</robndbox>
		<extra/>
	</object>
	<object>
		<name>scale</name>
		<pose>Unspecified</pose>
		<truncated>0</truncated>
		<difficult>0</difficult>
		<robndbox>
			<cx>387.731</cx>
			<cy>428.3363</cy>
			<w>35.0005</w>
			<h>43.125</h>
			<angle>0.048916</angle>
		</robndbox>
		<extra/>
	</object>
	<object>
		<name>scale</name>
		<pose>Unspecified</pose>
		<truncated>0</truncated>
		<difficult>0</difficult>
		<robndbox>
			<cx>389.7721</cx>
			<cy>412.0671</cy>
			<w>34.9584</w>
			<h>43.6681</h>
			<angle>0.074035</angle>
		</robndbox>
		<extra/>
	</object>
	<object>
		<name>scale</name>
		<pose>Unspecified</pose>
		<truncated>0</truncated>
		<difficult>0</difficult>
		<robndbox>
			<cx>394.9558</cx>
			<cy>380.0</cy>
			<w>34.6707</w>
			<h>33.7927</h>
			<angle>0.187496</angle>
		</robndbox>
		<extra/>
	</object>
	<object>
		<name>scale</name>
		<pose>Unspecified</pose>
		<truncated>0</truncated>
		<difficult>0</difficult>
		<robndbox>
			<cx>400.9558</cx>
			<cy>354.0</cy>
			<w>34.6707</w>
			<h>33.7927</h>
			<angle>0.269732</angle>
		</robndbox>
		<extra/>
	</object>
	<object>
		<name>scale</name>
		<pose>Unspecified</pose>
		<truncated>0</truncated>
		<difficult>0</difficult>
		<robndbox>
			<cx>407.9558</cx>
			<cy>330.0</cy>
			<w>34.6707</w>
			<h>33.7927</h>
			<angle>0.345947</angle>
		</robndbox>
		<extra/>
	</object>
	<object>
		<name>scale</name>
		<pose>Unspecified</pose>
		<truncated>0</truncated>
		<difficult>0</difficult>
		<robndbox>
			<cx>419.3507</cx>
			<cy>304.1526</cy>
			<w>34.9242</w>
			<h>36.7599</h>
			<angle>0.413498</angle>
		</robndbox>
		<extra/>
	</object>
	<object>
		<name>scale</name>
		<pose>Unspecified</pose>
		<truncated>0</truncated>
		<difficult>0</difficult>
		<robndbox>
			<cx>430.2701</cx>
			<cy>284.3539</cy>
			<w>34.6669</w>
			<h>36.351</h>
			<angle>0.470032</angle>
		</robndbox>
		<extra/>
	</object>
	<object>
		<name>scale</name>
		<pose>Unspecified</pose>
		<truncated>0</truncated>
		<difficult>0</difficult>
		<robndbox>
			<cx>443.9558</cx>
			<cy>259.0</cy>
			<w>34.6707</w>
			<h>33.7927</h>
			<angle>0.499723</angle>
		</robndbox>
		<extra/>
	</object>
	<object>
		<name>scale</name>
		<pose>Unspecified</pose>
		<truncated>0</truncated>
		<difficult>0</difficult>
		<robndbox>
			<cx>457.9558</cx>
			<cy>237.0</cy>
			<w>34.6707</w>
			<h>33.7927</h>
			<angle>0.626031</angle>
		</robndbox>
		<extra/>
	</object>
	<object>
		<name>scale</name>
		<pose>Unspecified</pose>
		<truncated>0</truncated>
		<difficult>0</difficult>
		<robndbox>
			<cx>473.9558</cx>
			<cy>216.0</cy>
			<w>34.6707</w>
			<h>33.7927</h>
			<angle>0.678793</angle>
		</robndbox>
		<extra/>
	</object>
	<object>
		<name>scale</name>
		<pose>Unspecified</pose>
		<truncated>0</truncated>
		<difficult>0</difficult>
		<robndbox>
			<cx>495.861</cx>
			<cy>192.5348</cy>
			<w>35.0258</w>
			<h>44.2285</h>
			<angle>0.811017</angle>
		</robndbox>
		<extra/>
	</object>
	<object>
		<name>scale</name>
		<pose>Unspecified</pose>
		<truncated>0</truncated>
		<difficult>0</difficult>
		<robndbox>
			<cx>508.3603</cx>
			<cy>181.552</cy>
			<w>35.7544</w>
			<h>44.9273</h>
			<angle>0.809595</angle>
		</robndbox>
		<extra/>
	</object>
	<object>
		<name>scale</name>
		<pose>Unspecified</pose>
		<truncated>0</truncated>
		<difficult>0</difficult>
		<robndbox>
			<cx>532.9558</cx>
			<cy>162.0</cy>
			<w>34.6707</w>
			<h>33.7927</h>
			<angle>0.89693</angle>
		</robndbox>
		<extra/>
	</object>
	<object>
		<name>scale</name>
		<pose>Unspecified</pose>
		<truncated>0</truncated>
		<difficult>0</difficult>
		<robndbox>
			<cx>554.9558</cx>
			<cy>147.0</cy>
			<w>34.6707</w>
			<h>33.7927</h>
			<angle>0.96997</angle>
		</robndbox>
		<extra/>
	</object>
	<object>
		<name>scale</name>
		<pose>Unspecified</pose>
		<truncated>0</truncated>
		<difficult>0</difficult>
		<robndbox>
			<cx>578.1675</cx>
			<cy>132.5552</cy>
			<w>33.5011</w>
			<h>34.0039</h>
			<angle>1.027757</angle>
		</robndbox>
		<extra/>
	</object>
	<object>
		<name>scale</name>
		<pose>Unspecified</pose>
		<truncated>0</truncated>
		<difficult>0</difficult>
		<robndbox>
			<cx>602.1066</cx>
			<cy>119.8477</cy>
			<w>33.3694</w>
			<h>36.9131</h>
			<angle>1.142028</angle>
		</robndbox>
		<extra/>
	</object>
	<object>
		<name>scale</name>
		<pose>Unspecified</pose>
		<truncated>0</truncated>
		<difficult>0</difficult>
		<robndbox>
			<cx>623.41</cx>
			<cy>110.0287</cy>
			<w>33.5363</w>
			<h>36.7027</h>
			<angle>1.194483</angle>
		</robndbox>
		<extra/>
	</object>
	<object>
		<name>scale</name>
		<pose>Unspecified</pose>
		<truncated>0</truncated>
		<difficult>0</difficult>
		<robndbox>
			<cx>650.978</cx>
			<cy>101.1501</cy>
			<w>33.1789</w>
			<h>33.5261</h>
			<angle>1.266493</angle>
		</robndbox>
		<extra/>
	</object>
	<object>
		<name>scale</name>
		<pose>Unspecified</pose>
		<truncated>0</truncated>
		<difficult>0</difficult>
		<robndbox>
			<cx>676.978</cx>
			<cy>94.1501</cy>
			<w>33.1789</w>
			<h>33.5261</h>
			<angle>1.349579</angle>
		</robndbox>
		<extra/>
	</object>
	<object>
		<name>scale</name>
		<pose>Unspecified</pose>
		<truncated>0</truncated>
		<difficult>0</difficult>
		<robndbox>
			<cx>702.978</cx>
			<cy>90.1501</cy>
			<w>33.1789</w>
			<h>33.5261</h>
			<angle>1.470125</angle>
		</robndbox>
		<extra/>
	</object>
	<object>
		<name>scale</name>
		<pose>Unspecified</pose>
		<truncated>0</truncated>
		<difficult>0</difficult>
		<robndbox>
			<cx>735.0069</cx>
			<cy>87.1295</cy>
			<w>33.0575</w>
			<h>43.5698</h>
			<angle>1.496692</angle>
		</robndbox>
		<extra/>
	</object>
	<object>
		<name>scale</name>
		<pose>Unspecified</pose>
		<truncated>0</truncated>
		<difficult>0</difficult>
		<robndbox>
			<cx>751.5093</cx>
			<cy>87.0723</cy>
			<w>32.7263</w>
			<h>42.0117</h>
			<angle>1.543629</angle>
		</robndbox>
		<extra/>
	</object>
	<object>
		<name>scale</name>
		<pose>Unspecified</pose>
		<truncated>0</truncated>
		<difficult>0</difficult>
		<robndbox>
			<cx>783.4558</cx>
			<cy>88.0</cy>
			<w>32.337</w>
			<h>32.731</h>
			<angle>1.622972</angle>
		</robndbox>
		<extra/>
	</object>
	<object>
		<name>scale</name>
		<pose>Unspecified</pose>
		<truncated>0</truncated>
		<difficult>0</difficult>
		<robndbox>
			<cx>809.5293</cx>
			<cy>90.3545</cy>
			<w>33.634</w>
			<h>32.6514</h>
			<angle>1.69221</angle>
		</robndbox>
		<extra/>
	</object>
	<object>
		<name>scale</name>
		<pose>Unspecified</pose>
		<truncated>0</truncated>
		<difficult>0</difficult>
		<robndbox>
			<cx>835.6281</cx>
			<cy>95.4889</cy>
			<w>32.8164</w>
			<h>32.2678</h>
			<angle>1.79095</angle>
		</robndbox>
		<extra/>
	</object>
	<object>
		<name>scale</name>
		<pose>Unspecified</pose>
		<truncated>0</truncated>
		<difficult>0</difficult>
		<robndbox>
			<cx>863.4336</cx>
			<cy>102.0113</cy>
			<w>33.1006</w>
			<h>35.9676</h>
			<angle>1.859755</angle>
		</robndbox>
		<extra/>
	</object>
	<object>
		<name>scale</name>
		<pose>Unspecified</pose>
		<truncated>0</truncated>
		<difficult>0</difficult>
		<robndbox>
			<cx>886.4336</cx>
			<cy>110.0113</cy>
			<w>33.1006</w>
			<h>35.9676</h>
			<angle>1.898909</angle>
		</robndbox>
		<extra/>
	</object>
	<object>
		<name>scale</name>
		<pose>Unspecified</pose>
		<truncated>0</truncated>
		<difficult>0</difficult>
		<robndbox>
			<cx>911.5293</cx>
			<cy>121.3545</cy>
			<w>33.634</w>
			<h>32.6514</h>
			<angle>1.996072</angle>
		</robndbox>
		<extra/>
	</object>
	<object>
		<name>scale</name>
		<pose>Unspecified</pose>
		<truncated>0</truncated>
		<difficult>0</difficult>
		<robndbox>
			<cx>936.0962</cx>
			<cy>133.3885</cy>
			<w>33.1514</w>
			<h>33.6796</h>
			<angle>2.069558</angle>
		</robndbox>
		<extra/>
	</object>
	<object>
		<name>scale</name>
		<pose>Unspecified</pose>
		<truncated>0</truncated>
		<difficult>0</difficult>
		<robndbox>
			<cx>959.0962</cx>
			<cy>146.3885</cy>
			<w>33.1514</w>
			<h>33.6796</h>
			<angle>2.130369</angle>
		</robndbox>
		<extra/>
	</object>
	<object>
		<name>scale</name>
		<pose>Unspecified</pose>
		<truncated>0</truncated>
		<difficult>0</difficult>
		<robndbox>
			<cx>985.8644</cx>
			<cy>165.6088</cy>
			<w>34.9341</w>
			<h>45.1952</h>
			<angle>2.196327</angle>
		</robndbox>
		<extra/>
	</object>
	<object>
		<name>scale</name>
		<pose>Unspecified</pose>
		<truncated>0</truncated>
		<difficult>0</difficult>
		<robndbox>
			<cx>997.8644</cx>
			<cy>176.6088</cy>
			<w>34.9341</w>
			<h>45.1952</h>
			<angle>2.278314</angle>
		</robndbox>
		<extra/>
	</object>
	<object>
		<name>scale</name>
		<pose>Unspecified</pose>
		<truncated>0</truncated>
		<difficult>0</difficult>
		<robndbox>
			<cx>1022.0962</cx>
			<cy>198.3885</cy>
			<w>33.1514</w>
			<h>33.6796</h>
			<angle>2.368043</angle>
		</robndbox>
		<extra/>
	</object>
	<object>
		<name>scale</name>
		<pose>Unspecified</pose>
		<truncated>0</truncated>
		<difficult>0</difficult>
		<robndbox>
			<cx>1040.0962</cx>
			<cy>217.3885</cy>
			<w>33.1514</w>
			<h>33.6796</h>
			<angle>2.454505</angle>
		</robndbox>
		<extra/>
	</object>
	<object>
		<name>scale</name>
		<pose>Unspecified</pose>
		<truncated>0</truncated>
		<difficult>0</difficult>
		<robndbox>
			<cx>1056.9076</cx>
			<cy>238.5503</cy>
			<w>34.2952</w>
			<h>34.8754</h>
			<angle>2.530771</angle>
		</robndbox>
		<extra/>
	</object>
	<object>
		<name>scale</name>
		<pose>Unspecified</pose>
		<truncated>0</truncated>
		<difficult>0</difficult>
		<robndbox>
			<cx>1072.9545</cx>
			<cy>262.2154</cy>
			<w>34.49</w>
			<h>38.8044</h>
			<angle>2.568848</angle>
		</robndbox>
		<extra/>
	</object>
	<object>
		<name>scale</name>
		<pose>Unspecified</pose>
		<truncated>0</truncated>
		<difficult>0</difficult>
		<robndbox>
			<cx>1084.8302</cx>
			<cy>282.477</cy>
			<w>34.9505</w>
			<h>37.3792</h>
			<angle>2.66222</angle>
		</robndbox>
		<extra/>
	</object>
	<object>
		<name>scale</name>
		<pose>Unspecified</pose>
		<truncated>0</truncated>
		<difficult>0</difficult>
		<robndbox>
			<cx>1097.2329</cx>
			<cy>308.6541</cy>
			<w>33.1145</w>
			<h>34.2759</h>
			<angle>2.728168</angle>
		</robndbox>
		<extra/>
	</object>
	<object>
		<name>scale</name>
		<pose>Unspecified</pose>
		<truncated>0</truncated>
		<difficult>0</difficult>
		<robndbox>
			<cx>1107.2329</cx>
			<cy>333.6541</cy>
			<w>33.1145</w>
			<h>34.2759</h>
			<angle>2.80201</angle>
		</robndbox>
		<extra/>
	</object>
	<object>
		<name>scale</name>
		<pose>Unspecified</pose>
		<truncated>0</truncated>
		<difficult>0</difficult>
		<robndbox>
			<cx>1115.6434</cx>
			<cy>359.6051</cy>
			<w>33.9275</w>
			<h>34.4262</h>
			<angle>2.839889</angle>
		</robndbox>
		<extra/>
	</object>
	<object>
		<name>scale</name>
		<pose>Unspecified</pose>
		<truncated>0</truncated>
		<difficult>0</difficult>
		<robndbox>
			<cx>1122.9696</cx>
			<cy>391.8237</cy>
			<w>34.1986</w>
			<h>46.3528</h>
			<angle>2.936231</angle>
		</robndbox>
		<extra/>
	</object>
	<object>
		<name>scale</name>
		<pose>Unspecified</pose>
		<truncated>0</truncated>
		<difficult>0</difficult>
		<robndbox>
			<cx>1125.9696</cx>
			<cy>408.8237</cy>
			<w>34.1986</w>
			<h>46.3528</h>
			<angle>2.997489</angle>
		</robndbox>
		<extra/>
	</object>
	<object>
		<name>scale</name>
		<pose>Unspecified</pose>
		<truncated>0</truncated>
		<difficult>0</difficult>
		<robndbox>
			<cx>1128.6434</cx>
			<cy>440.6051</cy>
			<w>33.9275</w>
			<h>34.4262</h>
			<angle>3.107085</angle>
		</robndbox>
		<extra/>
	</object>
	<object>
		<name>scale</name>
		<pose>Unspecified</pose>
		<truncated>0</truncated>
		<difficult>0</difficult>
		<robndbox>
			<cx>1129.6434</cx>
			<cy>466.6051</cy>
			<w>33.9275</w>
			<h>34.4262</h>
			<angle>3.13682</angle>
		</robndbox>
		<extra/>
	</object>
	<object>
		<name>scale</name>
		<pose>Unspecified</pose>
		<truncated>0</truncated>
		<difficult>0</difficult>
		<robndbox>
			<cx>1127.6434</cx>
			<cy>494.6051</cy>
			<w>33.9275</w>
			<h>34.4262</h>
			<angle>3.225493</angle>
		</robndbox>
		<extra/>
	</object>
	<object>
		<name>scale</name>
		<pose>Unspecified</pose>
		<truncated>0</truncated>
		<difficult>0</difficult>
		<robndbox>
			<cx>1124.0945</cx>
			<cy>522.9394</cy>
			<w>35.3543</w>
			<h>39.1997</h>
			<angle>3.275686</angle>
		</robndbox>
		<extra/>
	</object>
	<object>
		<name>scale</name>
		<pose>Unspecified</pose>
		<truncated>0</truncated>
		<difficult>0</difficult>
		<robndbox>
			<cx>1119.3604</cx>
			<cy>546.3884</cy>
			<w>34.6743</w>
			<h>37.1501</h>
			<angle>3.406476</angle>
		</robndbox>
		<extra/>
	</object>
	<object>
		<name>scale</name>
		<pose>Unspecified</pose>
		<truncated>0</truncated>
		<difficult>0</difficult>
		<robndbox>
			<cx>1110.6434</cx>
			<cy>574.6051</cy>
			<w>33.9275</w>
			<h>34.4262</h>
			<angle>3.45257</angle>
		</robndbox>
		<extra/>
	</object>
	<object>
		<name>scale</name>
		<pose>Unspecified</pose>
		<truncated>0</truncated>
		<difficult>0</difficult>
		<robndbox>
			<cx>1101.6434</cx>
			<cy>599.6051</cy>
			<w>33.9275</w>
			<h>34.4262</h>
			<angle>3.549123</angle>
		</robndbox>
		<extra/>
	</object>
	<object>
		<name>scale</name>
		<pose>Unspecified</pose>
		<truncated>0</truncated>
		<difficult>0</difficult>
		<robndbox>
			<cx>1090.3645</cx>
			<cy>624.1145</cy>
			<w>36.207</w>
			<h>35.5861</h>
			<angle>3.590361</angle>
		</robndbox>
		<extra/>
	</object>
	<object>
		<name>scale</name>
		<pose>Unspecified</pose>
		<truncated>0</truncated>
		<difficult>0</difficult>
		<robndbox>
			<cx>1074.099</cx>
			<cy>653.5407</cy>
			<w>36.8707</w>
			<h>46.5988</h>
			<angle>3.680788</angle>
		</robndbox>
		<extra/>
	</object>
	<object>
		<name>0</name>
		<pose>Unspecified</pose>
		<truncated>0</truncated>
		<difficult>0</difficult>
		<robndbox>
			<cx>503.4558</cx>
			<cy>442.0</cy>
			<w>33.0</w>
			<h>58.0</h>
			<angle>0.0</angle>
		</robndbox>
		<extra/>
	</object>
	<object>
		<name>0</name>
		<pose>Unspecified</pose>
		<truncated>0</truncated>
		<difficult>0</difficult>
		<robndbox>
			<cx>467.4558</cx>
			<cy>442.0</cy>
			<w>33.0</w>
			<h>58.0</h>
			<angle>0.0</angle>
		</robndbox>
		<extra/>
	</object>
	<object>
		<name>1</name>
		<pose>Unspecified</pose>
		<truncated>0</truncated>
		<difficult>0</difficult>
		<robndbox>
			<cx>439.9558</cx>
			<cy>442.5</cy>
			<w>22.0</w>
			<h>59.0</h>
			<angle>0.0</angle>
		</robndbox>
		<extra/>
	</object>
	<object>
		<name>0</name>
		<pose>Unspecified</pose>
		<truncated>0</truncated>
		<difficult>0</difficult>
		<robndbox>
			<cx>502.4558</cx>
			<cy>620.0</cy>
			<w>33.0</w>
			<h>58.0</h>
			<angle>0.0</angle>
		</robndbox>
		<extra/>
	</object>
	<object>
		<name>0</name>
		<pose>Unspecified</pose>
		<truncated>0</truncated>
		<difficult>0</difficult>
		<robndbox>
			<cx>567.4558</cx>
			<cy>260.0</cy>
			<w>33.0</w>
			<h>58.0</h>
			<angle>6.283185</angle>
		</robndbox>
		<extra/>
	</object>
	<object>
		<name>0</name>
		<pose>Unspecified</pose>
		<truncated>0</truncated>
		<difficult>0</difficult>
		<robndbox>
			<cx>602.4558</cx>
			<cy>260.0</cy>
			<w>33.0</w>
			<h>58.0</h>
			<angle>6.283185</angle>
		</robndbox>
		<extra/>
	</object>
	<object>
		<name>2</name>
		<pose>Unspecified</pose>
		<truncated>0</truncated>
		<difficult>0</difficult>
		<robndbox>
			<cx>531.4558</cx>
			<cy>260.0</cy>
			<w>33.0</w>
			<h>58.0</h>
			<angle>6.283185</angle>
		</robndbox>
		<extra/>
	</object>
	<object>
		<name>0</name>
		<pose>Unspecified</pose>
		<truncated>0</truncated>
		<difficult>0</difficult>
		<robndbox>
			<cx>783.4558</cx>
			<cy>169.0</cy>
			<w>33.0</w>
			<h>58.0</h>
			<angle>0.0</angle>
		</robndbox>
		<extra/>
	</object>
	<object>
		<name>0</name>
		<pose>Unspecified</pose>
		<truncated>0</truncated>
		<difficult>0</difficult>
		<robndbox>
			<cx>747.4558</cx>
			<cy>169.0</cy>
			<w>33.0</w>
			<h>58.0</h>
			<angle>0.0</angle>
		</robndbox>
		<extra/>
	</object>
	<object>
		<name>3</name>
		<pose>Unspecified</pose>
		<truncated>0</truncated>
		<difficult>0</difficult>
		<robndbox>
			<cx>712.4558</cx>
			<cy>170.0</cy>
			<w>33.0</w>
			<h>58.0</h>
			<angle>0.0</angle>
		</robndbox>
		<extra/>
	</object>
	<object>
		<name>0</name>
		<pose>Unspecified</pose>
		<truncated>0</truncated>
		<difficult>0</difficult>
		<robndbox>
			<cx>967.4558</cx>
			<cy>258.0</cy>
			<w>33.0</w>
			<h>58.0</h>
			<angle>0.0</angle>
		</robndbox>
		<extra/>
	</object>
	<object>
		<name>0</name>
		<pose>Unspecified</pose>
		<truncated>0</truncated>
		<difficult>0</difficult>
		<robndbox>
			<cx>931.4558</cx>
			<cy>258.0</cy>
			<w>33.0</w>
			<h>58.0</h>
			<angle>0.0</angle>
		</robndbox>
		<extra/>
	</object>
	<object>
		<name>4</name>
		<pose>Unspecified</pose>
		<truncated>0</truncated>
		<difficult>0</difficult>
		<robndbox>
			<cx>895.4558</cx>
			<cy>258.5</cy>
			<w>39.0</w>
			<h>57.0</h>
			<angle>0.0</angle>
		</robndbox>
		<extra/>
	</object>
	<object>
		<name>0</name>
		<pose>Unspecified</pose>
		<truncated>0</truncated>
		<difficult>0</difficult>
		<robndbox>
			<cx>1054.4558</cx>
			<cy>441.0</cy>
			<w>33.0</w>
			<h>58.0</h>
			<angle>0.0</angle>
		</robndbox>
		<extra/>
	</object>
	<object>
		<name>0</name>
		<pose>Unspecified</pose>
		<truncated>0</truncated>
		<difficult>0</difficult>
		<robndbox>
			<cx>1018.4558</cx>
			<cy>441.0</cy>
			<w>33.0</w>
			<h>58.0</h>
			<angle>0.0</angle>
		</robndbox>
		<extra/>
	</object>
	<object>
		<name>5</name>
		<pose>Unspecified</pose>
		<truncated>0</truncated>
		<difficult>0</difficult>
		<robndbox>
			<cx>982.9779</cx>
			<cy>441.0</cy>
			<w>37.9558</w>
			<h>58.0</h>
			<angle>0.0</angle>
		</robndbox>
		<extra/>
	</object>
	<object>
		<name>6</name>
		<pose>Unspecified</pose>
		<truncated>0</truncated>
		<difficult>0</difficult>
		<robndbox>
			<cx>929.4779</cx>
			<cy>620.0</cy>
			<w>36.9558</w>
			<h>58.0</h>
			<angle>0.0</angle>
		</robndbox>
		<extra/>
	</object>
	<object>
		<name>0</name>
		<pose>Unspecified</pose>
		<truncated>0</truncated>
		<difficult>0</difficult>
		<robndbox>
			<cx>965.4558</cx>
			<cy>620.0</cy>
			<w>35.0</w>
			<h>58.0</h>
			<angle>0.0</angle>
		</robndbox>
		<extra/>
	</object>
	<object>
		<name>0</name>
		<pose>Unspecified</pose>
		<truncated>0</truncated>
		<difficult>0</difficult>
		<robndbox>
			<cx>1001.4558</cx>
			<cy>620.0</cy>
			<w>35.0</w>
			<h>58.0</h>
			<angle>0.0</angle>
		</robndbox>
		<extra/>
	</object>
	<object>
		<name>needle</name>
		<pose>Unspecified</pose>
		<truncated>0</truncated>
		<difficult>0</difficult>
		<robndbox>
			<cx>566.8496</cx>
			<cy>596.9953</cy>
			<w>50.0433</w>
			<h>220.9499</h>
			<angle>4.061839</angle>
		</robndbox>
		<extra/>
	</object>
</annotation>
