<annotation>
	<folder>images</folder>
	<filename>2eceed03-7cd0-4dfe-b216-6e6f57adb4e6.jpg</filename>
	<path>C:\Users\yaman\Documents\images\2eceed03-7cd0-4dfe-b216-6e6f57adb4e6.jpg</path>
	<source>
		<database>Unknown</database>
	</source>
	<size>
		<width>700</width>
		<height>700</height>
		<depth>3</depth>
	</size>
	<segmented>0</segmented>
	<object>
		<name>scale</name>
		<pose>Unspecified</pose>
		<truncated>0</truncated>
		<difficult>0</difficult>
		<robndbox>
			<cx>163.2738</cx>
			<cy>283.2489</cy>
			<w>15.5387</w>
			<h>16.2787</h>
			<angle>0.737815</angle>
		</robndbox>
		<extra/>
	</object>
	<object>
		<name>scale</name>
		<pose>Unspecified</pose>
		<truncated>0</truncated>
		<difficult>0</difficult>
		<robndbox>
			<cx>171.2738</cx>
			<cy>275.2489</cy>
			<w>15.5387</w>
			<h>16.2787</h>
			<angle>0.78743</angle>
		</robndbox>
		<extra/>
	</object>
	<object>
		<name>scale</name>
		<pose>Unspecified</pose>
		<truncated>0</truncated>
		<difficult>0</difficult>
		<robndbox>
			<cx>178.2738</cx>
			<cy>268.2489</cy>
			<w>15.5387</w>
			<h>16.2787</h>
			<angle>0.78743</angle>
		</robndbox>
		<extra/>
	</object>
	<object>
		<name>scale</name>
		<pose>Unspecified</pose>
		<truncated>0</truncated>
		<difficult>0</difficult>
		<robndbox>
			<cx>186.2738</cx>
			<cy>260.2489</cy>
			<w>15.5387</w>
			<h>16.2787</h>
			<angle>0.872618</angle>
		</robndbox>
		<extra/>
	</object>
	<object>
		<name>scale</name>
		<pose>Unspecified</pose>
		<truncated>0</truncated>
		<difficult>0</difficult>
		<robndbox>
			<cx>194.2738</cx>
			<cy>253.2489</cy>
			<w>15.5387</w>
			<h>16.2787</h>
			<angle>0.872618</angle>
		</robndbox>
		<extra/>
	</object>
	<object>
		<name>scale</name>
		<pose>Unspecified</pose>
		<truncated>0</truncated>
		<difficult>0</difficult>
		<robndbox>
			<cx>202.2738</cx>
			<cy>247.2489</cy>
			<w>15.5387</w>
			<h>16.2787</h>
			<angle>0.956889</angle>
		</robndbox>
		<extra/>
	</object>
	<object>
		<name>scale</name>
		<pose>Unspecified</pose>
		<truncated>0</truncated>
		<difficult>0</difficult>
		<robndbox>
			<cx>212.2738</cx>
			<cy>241.2489</cy>
			<w>15.5387</w>
			<h>16.2787</h>
			<angle>0.956889</angle>
		</robndbox>
		<extra/>
	</object>
	<object>
		<name>scale</name>
		<pose>Unspecified</pose>
		<truncated>0</truncated>
		<difficult>0</difficult>
		<robndbox>
			<cx>221.2738</cx>
			<cy>234.2489</cy>
			<w>15.5387</w>
			<h>16.2787</h>
			<angle>1.021551</angle>
		</robndbox>
		<extra/>
	</object>
	<object>
		<name>scale</name>
		<pose>Unspecified</pose>
		<truncated>0</truncated>
		<difficult>0</difficult>
		<robndbox>
			<cx>231.2738</cx>
			<cy>229.2489</cy>
			<w>15.5387</w>
			<h>16.2787</h>
			<angle>1.059723</angle>
		</robndbox>
		<extra/>
	</object>
	<object>
		<name>scale</name>
		<pose>Unspecified</pose>
		<truncated>0</truncated>
		<difficult>0</difficult>
		<robndbox>
			<cx>241.2738</cx>
			<cy>224.2489</cy>
			<w>15.5387</w>
			<h>16.2787</h>
			<angle>1.141877</angle>
		</robndbox>
		<extra/>
	</object>
	<object>
		<name>scale</name>
		<pose>Unspecified</pose>
		<truncated>0</truncated>
		<difficult>0</difficult>
		<robndbox>
			<cx>250.2738</cx>
			<cy>219.2489</cy>
			<w>15.5387</w>
			<h>16.2787</h>
			<angle>1.141877</angle>
		</robndbox>
		<extra/>
	</object>
	<object>
		<name>scale</name>
		<pose>Unspecified</pose>
		<truncated>0</truncated>
		<difficult>0</difficult>
		<robndbox>
			<cx>261.2738</cx>
			<cy>215.2489</cy>
			<w>15.5387</w>
			<h>16.2787</h>
			<angle>1.225621</angle>
		</robndbox>
		<extra/>
	</object>
	<object>
		<name>scale</name>
		<pose>Unspecified</pose>
		<truncated>0</truncated>
		<difficult>0</difficult>
		<robndbox>
			<cx>271.2738</cx>
			<cy>212.2489</cy>
			<w>15.5387</w>
			<h>16.2787</h>
			<angle>1.300816</angle>
		</robndbox>
		<extra/>
	</object>
	<object>
		<name>scale</name>
		<pose>Unspecified</pose>
		<truncated>0</truncated>
		<difficult>0</difficult>
		<robndbox>
			<cx>282.2738</cx>
			<cy>209.2489</cy>
			<w>15.5387</w>
			<h>16.2787</h>
			<angle>1.300816</angle>
		</robndbox>
		<extra/>
	</object>
	<object>
		<name>scale</name>
		<pose>Unspecified</pose>
		<truncated>0</truncated>
		<difficult>0</difficult>
		<robndbox>
			<cx>293.2738</cx>
			<cy>205.2489</cy>
			<w>15.5387</w>
			<h>16.2787</h>
			<angle>1.300816</angle>
		</robndbox>
		<extra/>
	</object>
	<object>
		<name>scale</name>
		<pose>Unspecified</pose>
		<truncated>0</truncated>
		<difficult>0</difficult>
		<robndbox>
			<cx>302.2738</cx>
			<cy>202.2489</cy>
			<w>15.5387</w>
			<h>16.2787</h>
			<angle>1.392724</angle>
		</robndbox>
		<extra/>
	</object>
	<object>
		<name>scale</name>
		<pose>Unspecified</pose>
		<truncated>0</truncated>
		<difficult>0</difficult>
		<robndbox>
			<cx>314.2738</cx>
			<cy>200.2489</cy>
			<w>15.5387</w>
			<h>16.2787</h>
			<angle>1.415415</angle>
		</robndbox>
		<extra/>
	</object>
	<object>
		<name>scale</name>
		<pose>Unspecified</pose>
		<truncated>0</truncated>
		<difficult>0</difficult>
		<robndbox>
			<cx>324.2738</cx>
			<cy>198.2489</cy>
			<w>15.5387</w>
			<h>16.2787</h>
			<angle>1.473096</angle>
		</robndbox>
		<extra/>
	</object>
	<object>
		<name>scale</name>
		<pose>Unspecified</pose>
		<truncated>0</truncated>
		<difficult>0</difficult>
		<robndbox>
			<cx>335.2738</cx>
			<cy>197.2489</cy>
			<w>15.5387</w>
			<h>16.2787</h>
			<angle>1.534938</angle>
		</robndbox>
		<extra/>
	</object>
	<object>
		<name>scale</name>
		<pose>Unspecified</pose>
		<truncated>0</truncated>
		<difficult>0</difficult>
		<robndbox>
			<cx>346.2738</cx>
			<cy>196.2489</cy>
			<w>15.5387</w>
			<h>16.2787</h>
			<angle>1.534938</angle>
		</robndbox>
		<extra/>
	</object>
	<object>
		<name>scale</name>
		<pose>Unspecified</pose>
		<truncated>0</truncated>
		<difficult>0</difficult>
		<robndbox>
			<cx>356.2738</cx>
			<cy>196.2489</cy>
			<w>15.5387</w>
			<h>16.2787</h>
			<angle>1.534938</angle>
		</robndbox>
		<extra/>
	</object>
	<object>
		<name>scale</name>
		<pose>Unspecified</pose>
		<truncated>0</truncated>
		<difficult>0</difficult>
		<robndbox>
			<cx>367.2738</cx>
			<cy>196.2489</cy>
			<w>15.5387</w>
			<h>16.2787</h>
			<angle>1.595472</angle>
		</robndbox>
		<extra/>
	</object>
	<object>
		<name>scale</name>
		<pose>Unspecified</pose>
		<truncated>0</truncated>
		<difficult>0</difficult>
		<robndbox>
			<cx>377.2738</cx>
			<cy>196.2489</cy>
			<w>15.5387</w>
			<h>16.2787</h>
			<angle>1.595472</angle>
		</robndbox>
		<extra/>
	</object>
	<object>
		<name>scale</name>
		<pose>Unspecified</pose>
		<truncated>0</truncated>
		<difficult>0</difficult>
		<robndbox>
			<cx>388.2738</cx>
			<cy>197.2489</cy>
			<w>15.5387</w>
			<h>16.2787</h>
			<angle>1.697636</angle>
		</robndbox>
		<extra/>
	</object>
	<object>
		<name>scale</name>
		<pose>Unspecified</pose>
		<truncated>0</truncated>
		<difficult>0</difficult>
		<robndbox>
			<cx>399.2738</cx>
			<cy>198.2489</cy>
			<w>15.5387</w>
			<h>16.2787</h>
			<angle>1.697636</angle>
		</robndbox>
		<extra/>
	</object>
	<object>
		<name>scale</name>
		<pose>Unspecified</pose>
		<truncated>0</truncated>
		<difficult>0</difficult>
		<robndbox>
			<cx>408.2738</cx>
			<cy>200.2489</cy>
			<w>15.5387</w>
			<h>16.2787</h>
			<angle>1.740706</angle>
		</robndbox>
		<extra/>
	</object>
	<object>
		<name>scale</name>
		<pose>Unspecified</pose>
		<truncated>0</truncated>
		<difficult>0</difficult>
		<robndbox>
			<cx>419.2738</cx>
			<cy>202.2489</cy>
			<w>15.5387</w>
			<h>16.2787</h>
			<angle>1.820393</angle>
		</robndbox>
		<extra/>
	</object>
	<object>
		<name>scale</name>
		<pose>Unspecified</pose>
		<truncated>0</truncated>
		<difficult>0</difficult>
		<robndbox>
			<cx>429.2738</cx>
			<cy>204.2489</cy>
			<w>15.5387</w>
			<h>16.2787</h>
			<angle>1.820393</angle>
		</robndbox>
		<extra/>
	</object>
	<object>
		<name>scale</name>
		<pose>Unspecified</pose>
		<truncated>0</truncated>
		<difficult>0</difficult>
		<robndbox>
			<cx>438.2738</cx>
			<cy>207.2489</cy>
			<w>15.5387</w>
			<h>16.2787</h>
			<angle>1.848462</angle>
		</robndbox>
		<extra/>
	</object>
	<object>
		<name>scale</name>
		<pose>Unspecified</pose>
		<truncated>0</truncated>
		<difficult>0</difficult>
		<robndbox>
			<cx>448.2738</cx>
			<cy>210.2489</cy>
			<w>15.5387</w>
			<h>16.2787</h>
			<angle>1.926015</angle>
		</robndbox>
		<extra/>
	</object>
	<object>
		<name>scale</name>
		<pose>Unspecified</pose>
		<truncated>0</truncated>
		<difficult>0</difficult>
		<robndbox>
			<cx>457.2738</cx>
			<cy>214.2489</cy>
			<w>15.5387</w>
			<h>16.2787</h>
			<angle>1.926015</angle>
		</robndbox>
		<extra/>
	</object>
	<object>
		<name>scale</name>
		<pose>Unspecified</pose>
		<truncated>0</truncated>
		<difficult>0</difficult>
		<robndbox>
			<cx>466.2738</cx>
			<cy>217.2489</cy>
			<w>15.5387</w>
			<h>16.2787</h>
			<angle>2.014435</angle>
		</robndbox>
		<extra/>
	</object>
	<object>
		<name>scale</name>
		<pose>Unspecified</pose>
		<truncated>0</truncated>
		<difficult>0</difficult>
		<robndbox>
			<cx>474.2738</cx>
			<cy>221.2489</cy>
			<w>15.5387</w>
			<h>16.2787</h>
			<angle>2.014435</angle>
		</robndbox>
		<extra/>
	</object>
	<object>
		<name>scale</name>
		<pose>Unspecified</pose>
		<truncated>0</truncated>
		<difficult>0</difficult>
		<robndbox>
			<cx>484.2738</cx>
			<cy>226.2489</cy>
			<w>15.5387</w>
			<h>16.2787</h>
			<angle>2.072379</angle>
		</robndbox>
		<extra/>
	</object>
	<object>
		<name>scale</name>
		<pose>Unspecified</pose>
		<truncated>0</truncated>
		<difficult>0</difficult>
		<robndbox>
			<cx>492.2738</cx>
			<cy>231.2489</cy>
			<w>15.5387</w>
			<h>16.2787</h>
			<angle>2.131103</angle>
		</robndbox>
		<extra/>
	</object>
	<object>
		<name>scale</name>
		<pose>Unspecified</pose>
		<truncated>0</truncated>
		<difficult>0</difficult>
		<robndbox>
			<cx>499.8654</cx>
			<cy>235.1439</cy>
			<w>15.8112</w>
			<h>15.4807</h>
			<angle>2.15148</angle>
		</robndbox>
		<extra/>
	</object>
	<object>
		<name>scale</name>
		<pose>Unspecified</pose>
		<truncated>0</truncated>
		<difficult>0</difficult>
		<robndbox>
			<cx>507.7617</cx>
			<cy>240.6653</cy>
			<w>15.1115</w>
			<h>14.7955</h>
			<angle>2.132348</angle>
		</robndbox>
		<extra/>
	</object>
	<object>
		<name>scale</name>
		<pose>Unspecified</pose>
		<truncated>0</truncated>
		<difficult>0</difficult>
		<robndbox>
			<cx>515.1457</cx>
			<cy>246.0724</cy>
			<w>16.5196</w>
			<h>14.6814</h>
			<angle>2.226384</angle>
		</robndbox>
		<extra/>
	</object>
	<object>
		<name>scale</name>
		<pose>Unspecified</pose>
		<truncated>0</truncated>
		<difficult>0</difficult>
		<robndbox>
			<cx>522.1457</cx>
			<cy>251.0724</cy>
			<w>16.5196</w>
			<h>14.6814</h>
			<angle>2.310681</angle>
		</robndbox>
		<extra/>
	</object>
	<object>
		<name>scale</name>
		<pose>Unspecified</pose>
		<truncated>0</truncated>
		<difficult>0</difficult>
		<robndbox>
			<cx>529.1457</cx>
			<cy>258.0724</cy>
			<w>16.5196</w>
			<h>14.6814</h>
			<angle>2.310681</angle>
		</robndbox>
		<extra/>
	</object>
	<object>
		<name>4</name>
		<pose>Unspecified</pose>
		<truncated>0</truncated>
		<difficult>0</difficult>
		<robndbox>
			<cx>514.5</cx>
			<cy>293.5</cy>
			<w>19.0</w>
			<h>35.0</h>
			<angle>0.0</angle>
		</robndbox>
		<extra/>
	</object>
	<object>
		<name>0</name>
		<pose>Unspecified</pose>
		<truncated>0</truncated>
		<difficult>0</difficult>
		<robndbox>
			<cx>533.5</cx>
			<cy>293.5</cy>
			<w>19.0</w>
			<h>35.0</h>
			<angle>0.0</angle>
		</robndbox>
		<extra/>
	</object>
	<object>
		<name>0</name>
		<pose>Unspecified</pose>
		<truncated>0</truncated>
		<difficult>0</difficult>
		<robndbox>
			<cx>473.5</cx>
			<cy>177.5</cy>
			<w>19.0</w>
			<h>35.0</h>
			<angle>0.0</angle>
		</robndbox>
		<extra/>
	</object>
	<object>
		<name>3</name>
		<pose>Unspecified</pose>
		<truncated>0</truncated>
		<difficult>0</difficult>
		<robndbox>
			<cx>454.5</cx>
			<cy>177.5</cy>
			<w>19.0</w>
			<h>35.0</h>
			<angle>0.0</angle>
		</robndbox>
		<extra/>
	</object>
	<object>
		<name>0</name>
		<pose>Unspecified</pose>
		<truncated>0</truncated>
		<difficult>0</difficult>
		<robndbox>
			<cx>359.5</cx>
			<cy>160.5</cy>
			<w>19.0</w>
			<h>35.0</h>
			<angle>0.0</angle>
		</robndbox>
		<extra/>
	</object>
	<object>
		<name>2</name>
		<pose>Unspecified</pose>
		<truncated>0</truncated>
		<difficult>0</difficult>
		<robndbox>
			<cx>340.5</cx>
			<cy>161.5</cy>
			<w>19.0</w>
			<h>35.0</h>
			<angle>0.0</angle>
		</robndbox>
		<extra/>
	</object>
	<object>
		<name>0</name>
		<pose>Unspecified</pose>
		<truncated>0</truncated>
		<difficult>0</difficult>
		<robndbox>
			<cx>240.5</cx>
			<cy>186.5</cy>
			<w>19.0</w>
			<h>35.0</h>
			<angle>6.237996</angle>
		</robndbox>
		<extra/>
	</object>
	<object>
		<name>1</name>
		<pose>Unspecified</pose>
		<truncated>0</truncated>
		<difficult>0</difficult>
		<robndbox>
			<cx>221.5</cx>
			<cy>187.5</cy>
			<w>19.0</w>
			<h>35.0</h>
			<angle>6.237996</angle>
		</robndbox>
		<extra/>
	</object>
	<object>
		<name>0</name>
		<pose>Unspecified</pose>
		<truncated>0</truncated>
		<difficult>0</difficult>
		<robndbox>
			<cx>171.5</cx>
			<cy>318.5</cy>
			<w>19.0</w>
			<h>35.0</h>
			<angle>6.237996</angle>
		</robndbox>
		<extra/>
	</object>
	<object>
		<name>needle</name>
		<pose>Unspecified</pose>
		<truncated>0</truncated>
		<difficult>0</difficult>
		<robndbox>
			<cx>215.5193</cx>
			<cy>345.5235</cy>
			<w>14.2102</w>
			<h>168.251</h>
			<angle>5.379617</angle>
		</robndbox>
		<extra/>
	</object>
</annotation>
