<annotation>
	<folder>images</folder>
	<filename>3aa173bc-b0a1-4fe5-aeca-8579be7c46f2.jpg</filename>
	<path>C:\Users\yaman\Documents\images\3aa173bc-b0a1-4fe5-aeca-8579be7c46f2.jpg</path>
	<source>
		<database>Unknown</database>
	</source>
	<size>
		<width>468</width>
		<height>410</height>
		<depth>3</depth>
	</size>
	<segmented>0</segmented>
	<object>
		<name>scale</name>
		<pose>Unspecified</pose>
		<truncated>0</truncated>
		<difficult>0</difficult>
		<robndbox>
			<cx>158.0</cx>
			<cy>274.0</cy>
			<w>16.0</w>
			<h>10.0</h>
			<angle>0.0</angle>
		</robndbox>
		<extra/>
	</object>
	<object>
		<name>scale</name>
		<pose>Unspecified</pose>
		<truncated>0</truncated>
		<difficult>0</difficult>
		<robndbox>
			<cx>158.0</cx>
			<cy>268.0</cy>
			<w>16.0</w>
			<h>10.0</h>
			<angle>0.084902</angle>
		</robndbox>
		<extra/>
	</object>
	<object>
		<name>scale</name>
		<pose>Unspecified</pose>
		<truncated>0</truncated>
		<difficult>0</difficult>
		<robndbox>
			<cx>158.0</cx>
			<cy>262.0</cy>
			<w>16.0</w>
			<h>10.0</h>
			<angle>0.084902</angle>
		</robndbox>
		<extra/>
	</object>
	<object>
		<name>scale</name>
		<pose>Unspecified</pose>
		<truncated>0</truncated>
		<difficult>0</difficult>
		<robndbox>
			<cx>159.0</cx>
			<cy>255.0</cy>
			<w>16.0</w>
			<h>10.0</h>
			<angle>0.150027</angle>
		</robndbox>
		<extra/>
	</object>
	<object>
		<name>scale</name>
		<pose>Unspecified</pose>
		<truncated>0</truncated>
		<difficult>0</difficult>
		<robndbox>
			<cx>160.0</cx>
			<cy>249.0</cy>
			<w>16.0</w>
			<h>10.0</h>
			<angle>0.150027</angle>
		</robndbox>
		<extra/>
	</object>
	<object>
		<name>scale</name>
		<pose>Unspecified</pose>
		<truncated>0</truncated>
		<difficult>0</difficult>
		<robndbox>
			<cx>162.3011</cx>
			<cy>238.1839</cy>
			<w>17.0473</w>
			<h>18.0589</h>
			<angle>0.243157</angle>
		</robndbox>
		<extra/>
	</object>
	<object>
		<name>scale</name>
		<pose>Unspecified</pose>
		<truncated>0</truncated>
		<difficult>0</difficult>
		<robndbox>
			<cx>166.3011</cx>
			<cy>224.1839</cy>
			<w>17.0473</w>
			<h>18.0589</h>
			<angle>0.243157</angle>
		</robndbox>
		<extra/>
	</object>
	<object>
		<name>scale</name>
		<pose>Unspecified</pose>
		<truncated>0</truncated>
		<difficult>0</difficult>
		<robndbox>
			<cx>170.7213</cx>
			<cy>210.8777</cy>
			<w>17.7156</w>
			<h>17.2621</h>
			<angle>0.355232</angle>
		</robndbox>
		<extra/>
	</object>
	<object>
		<name>scale</name>
		<pose>Unspecified</pose>
		<truncated>0</truncated>
		<difficult>0</difficult>
		<robndbox>
			<cx>176.5422</cx>
			<cy>197.3775</cy>
			<w>17.8627</w>
			<h>16.9996</h>
			<angle>0.483165</angle>
		</robndbox>
		<extra/>
	</object>
	<object>
		<name>scale</name>
		<pose>Unspecified</pose>
		<truncated>0</truncated>
		<difficult>0</difficult>
		<robndbox>
			<cx>182.7213</cx>
			<cy>183.8777</cy>
			<w>17.7156</w>
			<h>17.2621</h>
			<angle>0.483165</angle>
		</robndbox>
		<extra/>
	</object>
	<object>
		<name>scale</name>
		<pose>Unspecified</pose>
		<truncated>0</truncated>
		<difficult>0</difficult>
		<robndbox>
			<cx>190.7213</cx>
			<cy>170.8777</cy>
			<w>17.7156</w>
			<h>17.2621</h>
			<angle>0.534209</angle>
		</robndbox>
		<extra/>
	</object>
	<object>
		<name>scale</name>
		<pose>Unspecified</pose>
		<truncated>0</truncated>
		<difficult>0</difficult>
		<robndbox>
			<cx>199.2557</cx>
			<cy>159.4233</cy>
			<w>18.0677</w>
			<h>18.6202</h>
			<angle>0.689234</angle>
		</robndbox>
		<extra/>
	</object>
	<object>
		<name>scale</name>
		<pose>Unspecified</pose>
		<truncated>0</truncated>
		<difficult>0</difficult>
		<robndbox>
			<cx>208.8078</cx>
			<cy>148.2254</cy>
			<w>18.5878</w>
			<h>17.5687</h>
			<angle>0.767252</angle>
		</robndbox>
		<extra/>
	</object>
	<object>
		<name>scale</name>
		<pose>Unspecified</pose>
		<truncated>0</truncated>
		<difficult>0</difficult>
		<robndbox>
			<cx>219.2557</cx>
			<cy>137.4233</cy>
			<w>18.0677</w>
			<h>18.6202</h>
			<angle>0.84239</angle>
		</robndbox>
		<extra/>
	</object>
	<object>
		<name>scale</name>
		<pose>Unspecified</pose>
		<truncated>0</truncated>
		<difficult>0</difficult>
		<robndbox>
			<cx>231.2557</cx>
			<cy>127.4233</cy>
			<w>18.0677</w>
			<h>18.6202</h>
			<angle>0.845676</angle>
		</robndbox>
		<extra/>
	</object>
	<object>
		<name>scale</name>
		<pose>Unspecified</pose>
		<truncated>0</truncated>
		<difficult>0</difficult>
		<robndbox>
			<cx>242.8838</cx>
			<cy>118.9724</cy>
			<w>18.4842</w>
			<h>17.3609</h>
			<angle>0.914673</angle>
		</robndbox>
		<extra/>
	</object>
	<object>
		<name>scale</name>
		<pose>Unspecified</pose>
		<truncated>0</truncated>
		<difficult>0</difficult>
		<robndbox>
			<cx>254.2557</cx>
			<cy>110.4233</cy>
			<w>18.0677</w>
			<h>18.6202</h>
			<angle>0.999951</angle>
		</robndbox>
		<extra/>
	</object>
	<object>
		<name>scale</name>
		<pose>Unspecified</pose>
		<truncated>0</truncated>
		<difficult>0</difficult>
		<robndbox>
			<cx>266.2557</cx>
			<cy>103.4233</cy>
			<w>18.0677</w>
			<h>18.6202</h>
			<angle>1.074068</angle>
		</robndbox>
		<extra/>
	</object>
	<object>
		<name>scale</name>
		<pose>Unspecified</pose>
		<truncated>0</truncated>
		<difficult>0</difficult>
		<robndbox>
			<cx>279.2557</cx>
			<cy>97.4233</cy>
			<w>18.0677</w>
			<h>18.6202</h>
			<angle>1.212937</angle>
		</robndbox>
		<extra/>
	</object>
	<object>
		<name>scale</name>
		<pose>Unspecified</pose>
		<truncated>0</truncated>
		<difficult>0</difficult>
		<robndbox>
			<cx>293.2557</cx>
			<cy>92.4233</cy>
			<w>18.0677</w>
			<h>18.6202</h>
			<angle>1.212937</angle>
		</robndbox>
		<extra/>
	</object>
	<object>
		<name>scale</name>
		<pose>Unspecified</pose>
		<truncated>0</truncated>
		<difficult>0</difficult>
		<robndbox>
			<cx>304.9</cx>
			<cy>89.0</cy>
			<w>18.449</w>
			<h>14.9878</h>
			<angle>1.276862</angle>
		</robndbox>
		<extra/>
	</object>
	<object>
		<name>scale</name>
		<pose>Unspecified</pose>
		<truncated>0</truncated>
		<difficult>0</difficult>
		<robndbox>
			<cx>316.8704</cx>
			<cy>86.257</cy>
			<w>18.5257</w>
			<h>15.4319</h>
			<angle>1.347246</angle>
		</robndbox>
		<extra/>
	</object>
	<object>
		<name>scale</name>
		<pose>Unspecified</pose>
		<truncated>0</truncated>
		<difficult>0</difficult>
		<robndbox>
			<cx>327.859</cx>
			<cy>84.5602</cy>
			<w>18.6504</w>
			<h>15.1288</h>
			<angle>1.460957</angle>
		</robndbox>
		<extra/>
	</object>
	<object>
		<name>scale</name>
		<pose>Unspecified</pose>
		<truncated>0</truncated>
		<difficult>0</difficult>
		<robndbox>
			<cx>339.2067</cx>
			<cy>83.8505</cy>
			<w>19.2663</w>
			<h>16.8713</h>
			<angle>1.507235</angle>
		</robndbox>
		<extra/>
	</object>
	<object>
		<name>scale</name>
		<pose>Unspecified</pose>
		<truncated>0</truncated>
		<difficult>0</difficult>
		<robndbox>
			<cx>350.3774</cx>
			<cy>82.9124</cy>
			<w>19.2846</w>
			<h>16.8543</h>
			<angle>1.507235</angle>
		</robndbox>
		<extra/>
	</object>
	<object>
		<name>A</name>
		<pose>Unspecified</pose>
		<truncated>0</truncated>
		<difficult>0</difficult>
		<robndbox>
			<cx>186.0</cx>
			<cy>106.0</cy>
			<w>24.0</w>
			<h>32.0</h>
			<angle>0.0</angle>
		</robndbox>
		<extra/>
	</object>
	<object>
		<name>3</name>
		<pose>Unspecified</pose>
		<truncated>0</truncated>
		<difficult>0</difficult>
		<robndbox>
			<cx>254.0</cx>
			<cy>157.0</cy>
			<w>10.0</w>
			<h>20.0</h>
			<angle>0.0</angle>
		</robndbox>
		<extra/>
	</object>
	<object>
		<name>0</name>
		<pose>Unspecified</pose>
		<truncated>0</truncated>
		<difficult>0</difficult>
		<robndbox>
			<cx>264.0</cx>
			<cy>157.0</cy>
			<w>10.0</w>
			<h>20.0</h>
			<angle>0.0</angle>
		</robndbox>
		<extra/>
	</object>
	<object>
		<name>4</name>
		<pose>Unspecified</pose>
		<truncated>0</truncated>
		<difficult>0</difficult>
		<robndbox>
			<cx>305.0</cx>
			<cy>131.0</cy>
			<w>10.0</w>
			<h>20.0</h>
			<angle>0.0</angle>
		</robndbox>
		<extra/>
	</object>
	<object>
		<name>0</name>
		<pose>Unspecified</pose>
		<truncated>0</truncated>
		<difficult>0</difficult>
		<robndbox>
			<cx>315.0</cx>
			<cy>131.0</cy>
			<w>10.0</w>
			<h>20.0</h>
			<angle>0.0</angle>
		</robndbox>
		<extra/>
	</object>
	<object>
		<name>5</name>
		<pose>Unspecified</pose>
		<truncated>0</truncated>
		<difficult>0</difficult>
		<robndbox>
			<cx>351.0</cx>
			<cy>122.0</cy>
			<w>10.0</w>
			<h>20.0</h>
			<angle>0.0</angle>
		</robndbox>
		<extra/>
	</object>
	<object>
		<name>0</name>
		<pose>Unspecified</pose>
		<truncated>0</truncated>
		<difficult>0</difficult>
		<robndbox>
			<cx>361.0</cx>
			<cy>122.0</cy>
			<w>10.0</w>
			<h>20.0</h>
			<angle>0.0</angle>
		</robndbox>
		<extra/>
	</object>
	<object>
		<name>2</name>
		<pose>Unspecified</pose>
		<truncated>0</truncated>
		<difficult>0</difficult>
		<robndbox>
			<cx>217.0</cx>
			<cy>200.0</cy>
			<w>10.0</w>
			<h>20.0</h>
			<angle>0.0</angle>
		</robndbox>
		<extra/>
	</object>
	<object>
		<name>0</name>
		<pose>Unspecified</pose>
		<truncated>0</truncated>
		<difficult>0</difficult>
		<robndbox>
			<cx>226.0</cx>
			<cy>200.0</cy>
			<w>10.0</w>
			<h>20.0</h>
			<angle>0.0</angle>
		</robndbox>
		<extra/>
	</object>
	<object>
		<name>0</name>
		<pose>Unspecified</pose>
		<truncated>0</truncated>
		<difficult>0</difficult>
		<robndbox>
			<cx>204.0</cx>
			<cy>251.0</cy>
			<w>10.0</w>
			<h>20.0</h>
			<angle>0.0</angle>
		</robndbox>
		<extra/>
	</object>
	<object>
		<name>1</name>
		<pose>Unspecified</pose>
		<truncated>0</truncated>
		<difficult>0</difficult>
		<robndbox>
			<cx>195.0</cx>
			<cy>251.0</cy>
			<w>8.0</w>
			<h>20.0</h>
			<angle>0.0</angle>
		</robndbox>
		<extra/>
	</object>
	<object>
		<name>0</name>
		<pose>Unspecified</pose>
		<truncated>0</truncated>
		<difficult>0</difficult>
		<robndbox>
			<cx>194.0</cx>
			<cy>278.0</cy>
			<w>10.0</w>
			<h>20.0</h>
			<angle>0.0</angle>
		</robndbox>
		<extra/>
	</object>
	<object>
		<name>needle</name>
		<pose>Unspecified</pose>
		<truncated>0</truncated>
		<difficult>0</difficult>
		<robndbox>
			<cx>234.4995</cx>
			<cy>276.2725</cy>
			<w>13.9693</w>
			<h>160.2248</h>
			<angle>4.77867</angle>
		</robndbox>
		<extra/>
	</object>
</annotation>
