<annotation>
	<folder>images</folder>
	<filename>3b184a9a-994f-4fe6-8f96-2d5eedafbca7.jpg</filename>
	<path>C:\Users\yaman\Documents\images\3b184a9a-994f-4fe6-8f96-2d5eedafbca7.jpg</path>
	<source>
		<database>Unknown</database>
	</source>
	<size>
		<width>474</width>
		<height>474</height>
		<depth>3</depth>
	</size>
	<segmented>0</segmented>
	<object>
		<name>scale</name>
		<pose>Unspecified</pose>
		<truncated>0</truncated>
		<difficult>0</difficult>
		<robndbox>
			<cx>119.146</cx>
			<cy>294.7351</cy>
			<w>14.9619</w>
			<h>14.3938</h>
			<angle>5.83708</angle>
		</robndbox>
		<extra/>
	</object>
	<object>
		<name>scale</name>
		<pose>Unspecified</pose>
		<truncated>0</truncated>
		<difficult>0</difficult>
		<robndbox>
			<cx>115.146</cx>
			<cy>283.7351</cy>
			<w>14.9619</w>
			<h>14.3938</h>
			<angle>5.925602</angle>
		</robndbox>
		<extra/>
	</object>
	<object>
		<name>scale</name>
		<pose>Unspecified</pose>
		<truncated>0</truncated>
		<difficult>0</difficult>
		<robndbox>
			<cx>111.146</cx>
			<cy>274.7351</cy>
			<w>14.9619</w>
			<h>14.3938</h>
			<angle>5.925602</angle>
		</robndbox>
		<extra/>
	</object>
	<object>
		<name>scale</name>
		<pose>Unspecified</pose>
		<truncated>0</truncated>
		<difficult>0</difficult>
		<robndbox>
			<cx>107.9518</cx>
			<cy>263.8474</cy>
			<w>15.0708</w>
			<h>16.208</h>
			<angle>6.007839</angle>
		</robndbox>
		<extra/>
	</object>
	<object>
		<name>scale</name>
		<pose>Unspecified</pose>
		<truncated>0</truncated>
		<difficult>0</difficult>
		<robndbox>
			<cx>106.0829</cx>
			<cy>254.3454</cy>
			<w>14.9633</w>
			<h>17.2322</h>
			<angle>6.130365</angle>
		</robndbox>
		<extra/>
	</object>
	<object>
		<name>scale</name>
		<pose>Unspecified</pose>
		<truncated>0</truncated>
		<difficult>0</difficult>
		<robndbox>
			<cx>105.1703</cx>
			<cy>240.9814</cy>
			<w>15.099</w>
			<h>18.5089</h>
			<angle>6.252515</angle>
		</robndbox>
		<extra/>
	</object>
	<object>
		<name>scale</name>
		<pose>Unspecified</pose>
		<truncated>0</truncated>
		<difficult>0</difficult>
		<robndbox>
			<cx>105.1703</cx>
			<cy>228.9814</cy>
			<w>15.099</w>
			<h>18.5089</h>
			<angle>0.020912</angle>
		</robndbox>
		<extra/>
	</object>
	<object>
		<name>scale</name>
		<pose>Unspecified</pose>
		<truncated>0</truncated>
		<difficult>0</difficult>
		<robndbox>
			<cx>105.7033</cx>
			<cy>215.1974</cy>
			<w>13.9999</w>
			<h>18.8478</h>
			<angle>0.08594</angle>
		</robndbox>
		<extra/>
	</object>
	<object>
		<name>scale</name>
		<pose>Unspecified</pose>
		<truncated>0</truncated>
		<difficult>0</difficult>
		<robndbox>
			<cx>107.1551</cx>
			<cy>206.4951</cy>
			<w>13.8509</w>
			<h>13.2327</h>
			<angle>0.151537</angle>
		</robndbox>
		<extra/>
	</object>
	<object>
		<name>scale</name>
		<pose>Unspecified</pose>
		<truncated>0</truncated>
		<difficult>0</difficult>
		<robndbox>
			<cx>110.0</cx>
			<cy>194.0</cy>
			<w>14.5733</w>
			<h>7.7214</h>
			<angle>0.24225</angle>
		</robndbox>
		<extra/>
	</object>
	<object>
		<name>scale</name>
		<pose>Unspecified</pose>
		<truncated>0</truncated>
		<difficult>0</difficult>
		<robndbox>
			<cx>109.0</cx>
			<cy>199.0</cy>
			<w>14.5733</w>
			<h>7.7214</h>
			<angle>0.24225</angle>
		</robndbox>
		<extra/>
	</object>
	<object>
		<name>scale</name>
		<pose>Unspecified</pose>
		<truncated>0</truncated>
		<difficult>0</difficult>
		<robndbox>
			<cx>112.0</cx>
			<cy>190.0</cy>
			<w>14.5733</w>
			<h>7.7214</h>
			<angle>0.29817</angle>
		</robndbox>
		<extra/>
	</object>
	<object>
		<name>scale</name>
		<pose>Unspecified</pose>
		<truncated>0</truncated>
		<difficult>0</difficult>
		<robndbox>
			<cx>114.5541</cx>
			<cy>183.7664</cy>
			<w>15.4333</w>
			<h>9.4734</h>
			<angle>0.374942</angle>
		</robndbox>
		<extra/>
	</object>
	<object>
		<name>scale</name>
		<pose>Unspecified</pose>
		<truncated>0</truncated>
		<difficult>0</difficult>
		<robndbox>
			<cx>116.5541</cx>
			<cy>178.7664</cy>
			<w>15.4333</w>
			<h>9.4734</h>
			<angle>0.374942</angle>
		</robndbox>
		<extra/>
	</object>
	<object>
		<name>scale</name>
		<pose>Unspecified</pose>
		<truncated>0</truncated>
		<difficult>0</difficult>
		<robndbox>
			<cx>119.2683</cx>
			<cy>172.7923</cy>
			<w>14.9443</w>
			<h>9.1732</h>
			<angle>0.460034</angle>
		</robndbox>
		<extra/>
	</object>
	<object>
		<name>scale</name>
		<pose>Unspecified</pose>
		<truncated>0</truncated>
		<difficult>0</difficult>
		<robndbox>
			<cx>122.2683</cx>
			<cy>166.7923</cy>
			<w>14.9443</w>
			<h>9.1732</h>
			<angle>0.574308</angle>
		</robndbox>
		<extra/>
	</object>
	<object>
		<name>scale</name>
		<pose>Unspecified</pose>
		<truncated>0</truncated>
		<difficult>0</difficult>
		<robndbox>
			<cx>125.2683</cx>
			<cy>161.7923</cy>
			<w>14.9443</w>
			<h>9.1732</h>
			<angle>0.574308</angle>
		</robndbox>
		<extra/>
	</object>
	<object>
		<name>scale</name>
		<pose>Unspecified</pose>
		<truncated>0</truncated>
		<difficult>0</difficult>
		<robndbox>
			<cx>129.7516</cx>
			<cy>154.7919</cy>
			<w>14.6689</w>
			<h>11.3781</h>
			<angle>0.574308</angle>
		</robndbox>
		<extra/>
	</object>
	<object>
		<name>scale</name>
		<pose>Unspecified</pose>
		<truncated>0</truncated>
		<difficult>0</difficult>
		<robndbox>
			<cx>133.2661</cx>
			<cy>151.5253</cy>
			<w>16.2337</w>
			<h>10.7871</h>
			<angle>0.635224</angle>
		</robndbox>
		<extra/>
	</object>
	<object>
		<name>scale</name>
		<pose>Unspecified</pose>
		<truncated>0</truncated>
		<difficult>0</difficult>
		<robndbox>
			<cx>138.8153</cx>
			<cy>145.5327</cy>
			<w>15.576</w>
			<h>10.1703</h>
			<angle>0.736853</angle>
		</robndbox>
		<extra/>
	</object>
	<object>
		<name>scale</name>
		<pose>Unspecified</pose>
		<truncated>0</truncated>
		<difficult>0</difficult>
		<robndbox>
			<cx>143.8153</cx>
			<cy>140.5327</cy>
			<w>15.576</w>
			<h>10.1703</h>
			<angle>0.736853</angle>
		</robndbox>
		<extra/>
	</object>
	<object>
		<name>scale</name>
		<pose>Unspecified</pose>
		<truncated>0</truncated>
		<difficult>0</difficult>
		<robndbox>
			<cx>148.8153</cx>
			<cy>135.5327</cy>
			<w>15.576</w>
			<h>10.1703</h>
			<angle>0.786591</angle>
		</robndbox>
		<extra/>
	</object>
	<object>
		<name>scale</name>
		<pose>Unspecified</pose>
		<truncated>0</truncated>
		<difficult>0</difficult>
		<robndbox>
			<cx>154.9505</cx>
			<cy>130.9391</cy>
			<w>14.8449</w>
			<h>11.1441</h>
			<angle>0.867866</angle>
		</robndbox>
		<extra/>
	</object>
	<object>
		<name>scale</name>
		<pose>Unspecified</pose>
		<truncated>0</truncated>
		<difficult>0</difficult>
		<robndbox>
			<cx>159.9505</cx>
			<cy>126.9391</cy>
			<w>14.8449</w>
			<h>11.1441</h>
			<angle>0.921928</angle>
		</robndbox>
		<extra/>
	</object>
	<object>
		<name>scale</name>
		<pose>Unspecified</pose>
		<truncated>0</truncated>
		<difficult>0</difficult>
		<robndbox>
			<cx>166.9505</cx>
			<cy>122.9391</cy>
			<w>14.8449</w>
			<h>11.1441</h>
			<angle>0.999495</angle>
		</robndbox>
		<extra/>
	</object>
	<object>
		<name>scale</name>
		<pose>Unspecified</pose>
		<truncated>0</truncated>
		<difficult>0</difficult>
		<robndbox>
			<cx>172.9505</cx>
			<cy>118.9391</cy>
			<w>14.8449</w>
			<h>11.1441</h>
			<angle>1.064687</angle>
		</robndbox>
		<extra/>
	</object>
	<object>
		<name>scale</name>
		<pose>Unspecified</pose>
		<truncated>0</truncated>
		<difficult>0</difficult>
		<robndbox>
			<cx>179.9505</cx>
			<cy>114.9391</cy>
			<w>14.8449</w>
			<h>11.1441</h>
			<angle>1.118342</angle>
		</robndbox>
		<extra/>
	</object>
	<object>
		<name>scale</name>
		<pose>Unspecified</pose>
		<truncated>0</truncated>
		<difficult>0</difficult>
		<robndbox>
			<cx>187.8471</cx>
			<cy>111.8497</cy>
			<w>15.4681</w>
			<h>12.835</h>
			<angle>1.237281</angle>
		</robndbox>
		<extra/>
	</object>
	<object>
		<name>scale</name>
		<pose>Unspecified</pose>
		<truncated>0</truncated>
		<difficult>0</difficult>
		<robndbox>
			<cx>194.8471</cx>
			<cy>109.8497</cy>
			<w>15.4681</w>
			<h>12.835</h>
			<angle>1.316673</angle>
		</robndbox>
		<extra/>
	</object>
	<object>
		<name>scale</name>
		<pose>Unspecified</pose>
		<truncated>0</truncated>
		<difficult>0</difficult>
		<robndbox>
			<cx>203.8471</cx>
			<cy>106.8497</cy>
			<w>15.4681</w>
			<h>12.835</h>
			<angle>1.412607</angle>
		</robndbox>
		<extra/>
	</object>
	<object>
		<name>scale</name>
		<pose>Unspecified</pose>
		<truncated>0</truncated>
		<difficult>0</difficult>
		<robndbox>
			<cx>211.8471</cx>
			<cy>104.8497</cy>
			<w>15.4681</w>
			<h>12.835</h>
			<angle>1.477848</angle>
		</robndbox>
		<extra/>
	</object>
	<object>
		<name>scale</name>
		<pose>Unspecified</pose>
		<truncated>0</truncated>
		<difficult>0</difficult>
		<robndbox>
			<cx>220.8471</cx>
			<cy>103.8497</cy>
			<w>15.4681</w>
			<h>12.835</h>
			<angle>1.543113</angle>
		</robndbox>
		<extra/>
	</object>
	<object>
		<name>scale</name>
		<pose>Unspecified</pose>
		<truncated>0</truncated>
		<difficult>0</difficult>
		<robndbox>
			<cx>229.8471</cx>
			<cy>102.8497</cy>
			<w>15.4681</w>
			<h>12.835</h>
			<angle>1.543113</angle>
		</robndbox>
		<extra/>
	</object>
	<object>
		<name>scale</name>
		<pose>Unspecified</pose>
		<truncated>0</truncated>
		<difficult>0</difficult>
		<robndbox>
			<cx>237.8471</cx>
			<cy>103.8497</cy>
			<w>15.4681</w>
			<h>12.835</h>
			<angle>1.638299</angle>
		</robndbox>
		<extra/>
	</object>
	<object>
		<name>scale</name>
		<pose>Unspecified</pose>
		<truncated>0</truncated>
		<difficult>0</difficult>
		<robndbox>
			<cx>246.8471</cx>
			<cy>103.8497</cy>
			<w>15.4681</w>
			<h>12.835</h>
			<angle>1.709993</angle>
		</robndbox>
		<extra/>
	</object>
	<object>
		<name>scale</name>
		<pose>Unspecified</pose>
		<truncated>0</truncated>
		<difficult>0</difficult>
		<robndbox>
			<cx>255.8471</cx>
			<cy>104.8497</cy>
			<w>15.4681</w>
			<h>12.835</h>
			<angle>1.784199</angle>
		</robndbox>
		<extra/>
	</object>
	<object>
		<name>scale</name>
		<pose>Unspecified</pose>
		<truncated>0</truncated>
		<difficult>0</difficult>
		<robndbox>
			<cx>264.8471</cx>
			<cy>106.8497</cy>
			<w>15.4681</w>
			<h>12.835</h>
			<angle>1.86815</angle>
		</robndbox>
		<extra/>
	</object>
	<object>
		<name>scale</name>
		<pose>Unspecified</pose>
		<truncated>0</truncated>
		<difficult>0</difficult>
		<robndbox>
			<cx>275.4886</cx>
			<cy>110.2874</cy>
			<w>15.3432</w>
			<h>16.2304</h>
			<angle>1.985702</angle>
		</robndbox>
		<extra/>
	</object>
	<object>
		<name>scale</name>
		<pose>Unspecified</pose>
		<truncated>0</truncated>
		<difficult>0</difficult>
		<robndbox>
			<cx>283.4886</cx>
			<cy>114.2874</cy>
			<w>15.3432</w>
			<h>16.2304</h>
			<angle>1.985702</angle>
		</robndbox>
		<extra/>
	</object>
	<object>
		<name>scale</name>
		<pose>Unspecified</pose>
		<truncated>0</truncated>
		<difficult>0</difficult>
		<robndbox>
			<cx>294.1409</cx>
			<cy>119.2952</cy>
			<w>15.7036</w>
			<h>15.6354</h>
			<angle>2.09302</angle>
		</robndbox>
		<extra/>
	</object>
	<object>
		<name>scale</name>
		<pose>Unspecified</pose>
		<truncated>0</truncated>
		<difficult>0</difficult>
		<robndbox>
			<cx>303.1409</cx>
			<cy>123.2952</cy>
			<w>15.7036</w>
			<h>15.6354</h>
			<angle>2.114438</angle>
		</robndbox>
		<extra/>
	</object>
	<object>
		<name>scale</name>
		<pose>Unspecified</pose>
		<truncated>0</truncated>
		<difficult>0</difficult>
		<robndbox>
			<cx>311.1409</cx>
			<cy>129.2952</cy>
			<w>15.7036</w>
			<h>15.6354</h>
			<angle>2.196498</angle>
		</robndbox>
		<extra/>
	</object>
	<object>
		<name>scale</name>
		<pose>Unspecified</pose>
		<truncated>0</truncated>
		<difficult>0</difficult>
		<robndbox>
			<cx>320.1409</cx>
			<cy>136.2952</cy>
			<w>15.7036</w>
			<h>15.6354</h>
			<angle>2.280748</angle>
		</robndbox>
		<extra/>
	</object>
	<object>
		<name>scale</name>
		<pose>Unspecified</pose>
		<truncated>0</truncated>
		<difficult>0</difficult>
		<robndbox>
			<cx>327.6319</cx>
			<cy>143.6079</cy>
			<w>15.4414</w>
			<h>16.7697</h>
			<angle>2.365104</angle>
		</robndbox>
		<extra/>
	</object>
	<object>
		<name>scale</name>
		<pose>Unspecified</pose>
		<truncated>0</truncated>
		<difficult>0</difficult>
		<robndbox>
			<cx>334.6319</cx>
			<cy>152.6079</cy>
			<w>15.4414</w>
			<h>16.7697</h>
			<angle>2.448353</angle>
		</robndbox>
		<extra/>
	</object>
	<object>
		<name>scale</name>
		<pose>Unspecified</pose>
		<truncated>0</truncated>
		<difficult>0</difficult>
		<robndbox>
			<cx>341.6319</cx>
			<cy>161.6079</cy>
			<w>15.4414</w>
			<h>16.7697</h>
			<angle>2.528341</angle>
		</robndbox>
		<extra/>
	</object>
	<object>
		<name>scale</name>
		<pose>Unspecified</pose>
		<truncated>0</truncated>
		<difficult>0</difficult>
		<robndbox>
			<cx>346.6319</cx>
			<cy>171.6079</cy>
			<w>15.4414</w>
			<h>16.7697</h>
			<angle>2.62445</angle>
		</robndbox>
		<extra/>
	</object>
	<object>
		<name>scale</name>
		<pose>Unspecified</pose>
		<truncated>0</truncated>
		<difficult>0</difficult>
		<robndbox>
			<cx>352.8076</cx>
			<cy>183.3036</cy>
			<w>15.7713</w>
			<h>18.1664</h>
			<angle>2.662233</angle>
		</robndbox>
		<extra/>
	</object>
	<object>
		<name>scale</name>
		<pose>Unspecified</pose>
		<truncated>0</truncated>
		<difficult>0</difficult>
		<robndbox>
			<cx>355.8076</cx>
			<cy>193.3036</cy>
			<w>15.7713</w>
			<h>18.1664</h>
			<angle>2.816632</angle>
		</robndbox>
		<extra/>
	</object>
	<object>
		<name>scale</name>
		<pose>Unspecified</pose>
		<truncated>0</truncated>
		<difficult>0</difficult>
		<robndbox>
			<cx>358.8076</cx>
			<cy>205.3036</cy>
			<w>15.7713</w>
			<h>18.1664</h>
			<angle>2.887518</angle>
		</robndbox>
		<extra/>
	</object>
	<object>
		<name>scale</name>
		<pose>Unspecified</pose>
		<truncated>0</truncated>
		<difficult>0</difficult>
		<robndbox>
			<cx>360.8076</cx>
			<cy>218.3036</cy>
			<w>15.7713</w>
			<h>18.1664</h>
			<angle>2.993434</angle>
		</robndbox>
		<extra/>
	</object>
	<object>
		<name>scale</name>
		<pose>Unspecified</pose>
		<truncated>0</truncated>
		<difficult>0</difficult>
		<robndbox>
			<cx>361.8076</cx>
			<cy>230.3036</cy>
			<w>15.7713</w>
			<h>18.1664</h>
			<angle>3.164054</angle>
		</robndbox>
		<extra/>
	</object>
	<object>
		<name>scale</name>
		<pose>Unspecified</pose>
		<truncated>0</truncated>
		<difficult>0</difficult>
		<robndbox>
			<cx>360.8076</cx>
			<cy>243.3036</cy>
			<w>15.7713</w>
			<h>18.1664</h>
			<angle>3.217751</angle>
		</robndbox>
		<extra/>
	</object>
	<object>
		<name>scale</name>
		<pose>Unspecified</pose>
		<truncated>0</truncated>
		<difficult>0</difficult>
		<robndbox>
			<cx>359.8076</cx>
			<cy>255.3036</cy>
			<w>15.7713</w>
			<h>18.1664</h>
			<angle>3.332083</angle>
		</robndbox>
		<extra/>
	</object>
	<object>
		<name>scale</name>
		<pose>Unspecified</pose>
		<truncated>0</truncated>
		<difficult>0</difficult>
		<robndbox>
			<cx>356.8076</cx>
			<cy>269.3036</cy>
			<w>15.7713</w>
			<h>18.1664</h>
			<angle>3.512378</angle>
		</robndbox>
		<extra/>
	</object>
	<object>
		<name>scale</name>
		<pose>Unspecified</pose>
		<truncated>0</truncated>
		<difficult>0</difficult>
		<robndbox>
			<cx>351.8076</cx>
			<cy>283.3036</cy>
			<w>15.7713</w>
			<h>18.1664</h>
			<angle>3.618889</angle>
		</robndbox>
		<extra/>
	</object>
	<object>
		<name>scale</name>
		<pose>Unspecified</pose>
		<truncated>0</truncated>
		<difficult>0</difficult>
		<robndbox>
			<cx>345.8076</cx>
			<cy>294.3036</cy>
			<w>15.7713</w>
			<h>18.1664</h>
			<angle>3.694061</angle>
		</robndbox>
		<extra/>
	</object>
	<object>
		<name>scale</name>
		<pose>Unspecified</pose>
		<truncated>0</truncated>
		<difficult>0</difficult>
		<robndbox>
			<cx>336.9558</cx>
			<cy>307.0415</cy>
			<w>16.2205</w>
			<h>20.3212</h>
			<angle>3.818912</angle>
		</robndbox>
		<extra/>
	</object>
	<object>
		<name>2</name>
		<pose>Unspecified</pose>
		<truncated>0</truncated>
		<difficult>0</difficult>
		<robndbox>
			<cx>157.0</cx>
			<cy>163.0</cy>
			<w>22.0</w>
			<h>32.0</h>
			<angle>0.0</angle>
		</robndbox>
		<extra/>
	</object>
	<object>
		<name>3</name>
		<pose>Unspecified</pose>
		<truncated>0</truncated>
		<difficult>0</difficult>
		<robndbox>
			<cx>179.0</cx>
			<cy>163.0</cy>
			<w>22.0</w>
			<h>32.0</h>
			<angle>0.0</angle>
		</robndbox>
		<extra/>
	</object>
	<object>
		<name>0</name>
		<pose>Unspecified</pose>
		<truncated>0</truncated>
		<difficult>0</difficult>
		<robndbox>
			<cx>201.0</cx>
			<cy>163.0</cy>
			<w>22.0</w>
			<h>32.0</h>
			<angle>0.0</angle>
		</robndbox>
		<extra/>
	</object>
	<object>
		<name>2</name>
		<pose>Unspecified</pose>
		<truncated>0</truncated>
		<difficult>0</difficult>
		<robndbox>
			<cx>241.0</cx>
			<cy>153.0</cy>
			<w>22.0</w>
			<h>32.0</h>
			<angle>0.0</angle>
		</robndbox>
		<extra/>
	</object>
	<object>
		<name>4</name>
		<pose>Unspecified</pose>
		<truncated>0</truncated>
		<difficult>0</difficult>
		<robndbox>
			<cx>263.0</cx>
			<cy>153.0</cy>
			<w>22.0</w>
			<h>32.0</h>
			<angle>0.0</angle>
		</robndbox>
		<extra/>
	</object>
	<object>
		<name>0</name>
		<pose>Unspecified</pose>
		<truncated>0</truncated>
		<difficult>0</difficult>
		<robndbox>
			<cx>285.0</cx>
			<cy>153.0</cy>
			<w>22.0</w>
			<h>32.0</h>
			<angle>0.0</angle>
		</robndbox>
		<extra/>
	</object>
	<object>
		<name>2</name>
		<pose>Unspecified</pose>
		<truncated>0</truncated>
		<difficult>0</difficult>
		<robndbox>
			<cx>288.0</cx>
			<cy>211.0</cy>
			<w>22.0</w>
			<h>32.0</h>
			<angle>0.0</angle>
		</robndbox>
		<extra/>
	</object>
	<object>
		<name>6</name>
		<pose>Unspecified</pose>
		<truncated>0</truncated>
		<difficult>0</difficult>
		<robndbox>
			<cx>310.0</cx>
			<cy>211.0</cy>
			<w>22.0</w>
			<h>32.0</h>
			<angle>0.0</angle>
		</robndbox>
		<extra/>
	</object>
	<object>
		<name>0</name>
		<pose>Unspecified</pose>
		<truncated>0</truncated>
		<difficult>0</difficult>
		<robndbox>
			<cx>332.0</cx>
			<cy>211.0</cy>
			<w>22.0</w>
			<h>32.0</h>
			<angle>0.0</angle>
		</robndbox>
		<extra/>
	</object>
	<object>
		<name>1</name>
		<pose>Unspecified</pose>
		<truncated>0</truncated>
		<difficult>0</difficult>
		<robndbox>
			<cx>134.5</cx>
			<cy>217.0</cy>
			<w>17.0</w>
			<h>32.0</h>
			<angle>0.0</angle>
		</robndbox>
		<extra/>
	</object>
	<object>
		<name>8</name>
		<pose>Unspecified</pose>
		<truncated>0</truncated>
		<difficult>0</difficult>
		<robndbox>
			<cx>154.0</cx>
			<cy>217.0</cy>
			<w>22.0</w>
			<h>32.0</h>
			<angle>0.0</angle>
		</robndbox>
		<extra/>
	</object>
	<object>
		<name>0</name>
		<pose>Unspecified</pose>
		<truncated>0</truncated>
		<difficult>0</difficult>
		<robndbox>
			<cx>176.0</cx>
			<cy>217.0</cy>
			<w>22.0</w>
			<h>32.0</h>
			<angle>0.0</angle>
		</robndbox>
		<extra/>
	</object>
	<object>
		<name>0</name>
		<pose>Unspecified</pose>
		<truncated>0</truncated>
		<difficult>0</difficult>
		<robndbox>
			<cx>159.0</cx>
			<cy>254.5</cy>
			<w>14.0</w>
			<h>21.0</h>
			<angle>0.0</angle>
		</robndbox>
		<extra/>
	</object>
	<object>
		<name>6</name>
		<pose>Unspecified</pose>
		<truncated>0</truncated>
		<difficult>0</difficult>
		<robndbox>
			<cx>145.0</cx>
			<cy>254.5</cy>
			<w>14.0</w>
			<h>21.0</h>
			<angle>0.0</angle>
		</robndbox>
		<extra/>
	</object>
	<object>
		<name>1</name>
		<pose>Unspecified</pose>
		<truncated>0</truncated>
		<difficult>0</difficult>
		<robndbox>
			<cx>132.5</cx>
			<cy>254.5</cy>
			<w>11.0</w>
			<h>21.0</h>
			<angle>0.0</angle>
		</robndbox>
		<extra/>
	</object>
	<object>
		<name>0</name>
		<pose>Unspecified</pose>
		<truncated>0</truncated>
		<difficult>0</difficult>
		<robndbox>
			<cx>170.0</cx>
			<cy>287.5</cy>
			<w>14.0</w>
			<h>21.0</h>
			<angle>0.0</angle>
		</robndbox>
		<extra/>
	</object>
	<object>
		<name>4</name>
		<pose>Unspecified</pose>
		<truncated>0</truncated>
		<difficult>0</difficult>
		<robndbox>
			<cx>156.0</cx>
			<cy>287.5</cy>
			<w>14.0</w>
			<h>21.0</h>
			<angle>0.0</angle>
		</robndbox>
		<extra/>
	</object>
	<object>
		<name>1</name>
		<pose>Unspecified</pose>
		<truncated>0</truncated>
		<difficult>0</difficult>
		<robndbox>
			<cx>144.5</cx>
			<cy>287.5</cy>
			<w>9.0</w>
			<h>21.0</h>
			<angle>0.0</angle>
		</robndbox>
		<extra/>
	</object>
	<object>
		<name>0</name>
		<pose>Unspecified</pose>
		<truncated>0</truncated>
		<difficult>0</difficult>
		<robndbox>
			<cx>323.0</cx>
			<cy>289.5</cy>
			<w>14.0</w>
			<h>21.0</h>
			<angle>0.0</angle>
		</robndbox>
		<extra/>
	</object>
	<object>
		<name>8</name>
		<pose>Unspecified</pose>
		<truncated>0</truncated>
		<difficult>0</difficult>
		<robndbox>
			<cx>308.0</cx>
			<cy>289.5</cy>
			<w>14.0</w>
			<h>21.0</h>
			<angle>0.0</angle>
		</robndbox>
		<extra/>
	</object>
	<object>
		<name>2</name>
		<pose>Unspecified</pose>
		<truncated>0</truncated>
		<difficult>0</difficult>
		<robndbox>
			<cx>294.0</cx>
			<cy>289.5</cy>
			<w>14.0</w>
			<h>21.0</h>
			<angle>0.0</angle>
		</robndbox>
		<extra/>
	</object>
	<object>
		<name>needle</name>
		<pose>Unspecified</pose>
		<truncated>0</truncated>
		<difficult>0</difficult>
		<robndbox>
			<cx>206.0</cx>
			<cy>248.0</cy>
			<w>25.9669</w>
			<h>196.697</h>
			<angle>4.194095</angle>
		</robndbox>
		<extra/>
	</object>
</annotation>
