<annotation>
	<folder>drive-download-20220120T141758Z-001</folder>
	<filename>3f402f8e-4fae-4fe9-8c0a-8af5bab88987.jpg</filename>
	<path>C:\Users\yaman\Downloads\drive-download-20220120T141758Z-001\3f402f8e-4fae-4fe9-8c0a-8af5bab88987.jpg</path>
	<source>
		<database>Unknown</database>
	</source>
	<size>
		<width>1000</width>
		<height>1000</height>
		<depth>3</depth>
	</size>
	<segmented>0</segmented>
	<object>
		<name>scale</name>
		<pose>Unspecified</pose>
		<truncated>0</truncated>
		<difficult>0</difficult>
		<robndbox>
			<cx>241.402</cx>
			<cy>384.9393</cy>
			<w>26.2023</w>
			<h>30.4071</h>
			<angle>5.542127</angle>
		</robndbox>
		<extra/>
	</object>
	<object>
		<name>scale</name>
		<pose>Unspecified</pose>
		<truncated>0</truncated>
		<difficult>0</difficult>
		<robndbox>
			<cx>257.402</cx>
			<cy>371.9393</cy>
			<w>26.2023</w>
			<h>30.4071</h>
			<angle>5.61829</angle>
		</robndbox>
		<extra/>
	</object>
	<object>
		<name>scale</name>
		<pose>Unspecified</pose>
		<truncated>0</truncated>
		<difficult>0</difficult>
		<robndbox>
			<cx>272.402</cx>
			<cy>358.9393</cy>
			<w>26.2023</w>
			<h>30.4071</h>
			<angle>5.664563</angle>
		</robndbox>
		<extra/>
	</object>
	<object>
		<name>scale</name>
		<pose>Unspecified</pose>
		<truncated>0</truncated>
		<difficult>0</difficult>
		<robndbox>
			<cx>289.402</cx>
			<cy>347.9393</cy>
			<w>26.2023</w>
			<h>30.4071</h>
			<angle>5.709807</angle>
		</robndbox>
		<extra/>
	</object>
	<object>
		<name>scale</name>
		<pose>Unspecified</pose>
		<truncated>0</truncated>
		<difficult>0</difficult>
		<robndbox>
			<cx>324.402</cx>
			<cy>326.9393</cy>
			<w>26.2023</w>
			<h>30.4071</h>
			<angle>5.796659</angle>
		</robndbox>
		<extra/>
	</object>
	<object>
		<name>scale</name>
		<pose>Unspecified</pose>
		<truncated>0</truncated>
		<difficult>0</difficult>
		<robndbox>
			<cx>307.402</cx>
			<cy>336.9393</cy>
			<w>26.2023</w>
			<h>30.4071</h>
			<angle>5.753879</angle>
		</robndbox>
		<extra/>
	</object>
	<object>
		<name>scale</name>
		<pose>Unspecified</pose>
		<truncated>0</truncated>
		<difficult>0</difficult>
		<robndbox>
			<cx>343.402</cx>
			<cy>316.9393</cy>
			<w>26.2023</w>
			<h>30.4071</h>
			<angle>5.856704</angle>
		</robndbox>
		<extra/>
	</object>
	<object>
		<name>scale</name>
		<pose>Unspecified</pose>
		<truncated>0</truncated>
		<difficult>0</difficult>
		<robndbox>
			<cx>362.402</cx>
			<cy>308.9393</cy>
			<w>26.2023</w>
			<h>30.4071</h>
			<angle>5.899119</angle>
		</robndbox>
		<extra/>
	</object>
	<object>
		<name>scale</name>
		<pose>Unspecified</pose>
		<truncated>0</truncated>
		<difficult>0</difficult>
		<robndbox>
			<cx>381.402</cx>
			<cy>301.9393</cy>
			<w>26.2023</w>
			<h>30.4071</h>
			<angle>5.984773</angle>
		</robndbox>
		<extra/>
	</object>
	<object>
		<name>scale</name>
		<pose>Unspecified</pose>
		<truncated>0</truncated>
		<difficult>0</difficult>
		<robndbox>
			<cx>401.9236</cx>
			<cy>294.7968</cy>
			<w>27.2837</w>
			<h>30.3984</h>
			<angle>6.024469</angle>
		</robndbox>
		<extra/>
	</object>
	<object>
		<name>scale</name>
		<pose>Unspecified</pose>
		<truncated>0</truncated>
		<difficult>0</difficult>
		<robndbox>
			<cx>420.9236</cx>
			<cy>289.7968</cy>
			<w>27.2837</w>
			<h>30.3984</h>
			<angle>6.093127</angle>
		</robndbox>
		<extra/>
	</object>
	<object>
		<name>scale</name>
		<pose>Unspecified</pose>
		<truncated>0</truncated>
		<difficult>0</difficult>
		<robndbox>
			<cx>441.402</cx>
			<cy>285.9393</cy>
			<w>26.2023</w>
			<h>30.4071</h>
			<angle>6.135967</angle>
		</robndbox>
		<extra/>
	</object>
	<object>
		<name>scale</name>
		<pose>Unspecified</pose>
		<truncated>0</truncated>
		<difficult>0</difficult>
		<robndbox>
			<cx>462.402</cx>
			<cy>282.9393</cy>
			<w>26.2023</w>
			<h>30.4071</h>
			<angle>6.157258</angle>
		</robndbox>
		<extra/>
	</object>
	<object>
		<name>scale</name>
		<pose>Unspecified</pose>
		<truncated>0</truncated>
		<difficult>0</difficult>
		<robndbox>
			<cx>483.402</cx>
			<cy>280.9393</cy>
			<w>26.2023</w>
			<h>30.4071</h>
			<angle>6.224644</angle>
		</robndbox>
		<extra/>
	</object>
	<object>
		<name>scale</name>
		<pose>Unspecified</pose>
		<truncated>0</truncated>
		<difficult>0</difficult>
		<robndbox>
			<cx>503.9762</cx>
			<cy>280.0216</cy>
			<w>27.3467</w>
			<h>30.598</h>
			<angle>6.260039</angle>
		</robndbox>
		<extra/>
	</object>
	<object>
		<name>scale</name>
		<pose>Unspecified</pose>
		<truncated>0</truncated>
		<difficult>0</difficult>
		<robndbox>
			<cx>523.9762</cx>
			<cy>280.0216</cy>
			<w>27.3467</w>
			<h>30.598</h>
			<angle>0.045475</angle>
		</robndbox>
		<extra/>
	</object>
	<object>
		<name>scale</name>
		<pose>Unspecified</pose>
		<truncated>0</truncated>
		<difficult>0</difficult>
		<robndbox>
			<cx>545.402</cx>
			<cy>280.9393</cy>
			<w>26.2023</w>
			<h>30.4071</h>
			<angle>0.095816</angle>
		</robndbox>
		<extra/>
	</object>
	<object>
		<name>scale</name>
		<pose>Unspecified</pose>
		<truncated>0</truncated>
		<difficult>0</difficult>
		<robndbox>
			<cx>565.402</cx>
			<cy>283.9393</cy>
			<w>26.2023</w>
			<h>30.4071</h>
			<angle>0.1554</angle>
		</robndbox>
		<extra/>
	</object>
	<object>
		<name>scale</name>
		<pose>Unspecified</pose>
		<truncated>0</truncated>
		<difficult>0</difficult>
		<robndbox>
			<cx>587.402</cx>
			<cy>287.9393</cy>
			<w>26.2023</w>
			<h>30.4071</h>
			<angle>0.20381</angle>
		</robndbox>
		<extra/>
	</object>
	<object>
		<name>scale</name>
		<pose>Unspecified</pose>
		<truncated>0</truncated>
		<difficult>0</difficult>
		<robndbox>
			<cx>608.0136</cx>
			<cy>291.597</cy>
			<w>27.6883</w>
			<h>31.4159</h>
			<angle>0.22523</angle>
		</robndbox>
		<extra/>
	</object>
	<object>
		<name>scale</name>
		<pose>Unspecified</pose>
		<truncated>0</truncated>
		<difficult>0</difficult>
		<robndbox>
			<cx>627.0136</cx>
			<cy>297.597</cy>
			<w>27.6883</w>
			<h>31.4159</h>
			<angle>0.307533</angle>
		</robndbox>
		<extra/>
	</object>
	<object>
		<name>scale</name>
		<pose>Unspecified</pose>
		<truncated>0</truncated>
		<difficult>0</difficult>
		<robndbox>
			<cx>647.402</cx>
			<cy>304.9393</cy>
			<w>26.2023</w>
			<h>30.4071</h>
			<angle>0.37231</angle>
		</robndbox>
		<extra/>
	</object>
	<object>
		<name>scale</name>
		<pose>Unspecified</pose>
		<truncated>0</truncated>
		<difficult>0</difficult>
		<robndbox>
			<cx>666.402</cx>
			<cy>311.9393</cy>
			<w>26.2023</w>
			<h>30.4071</h>
			<angle>0.393501</angle>
		</robndbox>
		<extra/>
	</object>
	<object>
		<name>scale</name>
		<pose>Unspecified</pose>
		<truncated>0</truncated>
		<difficult>0</difficult>
		<robndbox>
			<cx>685.402</cx>
			<cy>319.9393</cy>
			<w>26.2023</w>
			<h>30.4071</h>
			<angle>0.451462</angle>
		</robndbox>
		<extra/>
	</object>
	<object>
		<name>scale</name>
		<pose>Unspecified</pose>
		<truncated>0</truncated>
		<difficult>0</difficult>
		<robndbox>
			<cx>703.7404</cx>
			<cy>330.1283</cy>
			<w>26.9775</w>
			<h>30.4028</h>
			<angle>0.514616</angle>
		</robndbox>
		<extra/>
	</object>
	<object>
		<name>scale</name>
		<pose>Unspecified</pose>
		<truncated>0</truncated>
		<difficult>0</difficult>
		<robndbox>
			<cx>720.7404</cx>
			<cy>341.1283</cy>
			<w>26.9775</w>
			<h>30.4028</h>
			<angle>0.577831</angle>
		</robndbox>
		<extra/>
	</object>
	<object>
		<name>scale</name>
		<pose>Unspecified</pose>
		<truncated>0</truncated>
		<difficult>0</difficult>
		<robndbox>
			<cx>754.402</cx>
			<cy>363.9393</cy>
			<w>26.2023</w>
			<h>30.4071</h>
			<angle>0.676222</angle>
		</robndbox>
		<extra/>
	</object>
	<object>
		<name>scale</name>
		<pose>Unspecified</pose>
		<truncated>0</truncated>
		<difficult>0</difficult>
		<robndbox>
			<cx>736.402</cx>
			<cy>350.9393</cy>
			<w>26.2023</w>
			<h>30.4071</h>
			<angle>0.603698</angle>
		</robndbox>
		<extra/>
	</object>
	<object>
		<name>scale</name>
		<pose>Unspecified</pose>
		<truncated>0</truncated>
		<difficult>0</difficult>
		<robndbox>
			<cx>770.402</cx>
			<cy>377.9393</cy>
			<w>26.2023</w>
			<h>30.4071</h>
			<angle>0.703078</angle>
		</robndbox>
		<extra/>
	</object>
	<object>
		<name>scale</name>
		<pose>Unspecified</pose>
		<truncated>0</truncated>
		<difficult>0</difficult>
		<robndbox>
			<cx>785.9021</cx>
			<cy>391.4369</cy>
			<w>27.6113</w>
			<h>30.4798</h>
			<angle>0.782136</angle>
		</robndbox>
		<extra/>
	</object>
	<object>
		<name>2</name>
		<pose>Unspecified</pose>
		<truncated>0</truncated>
		<difficult>0</difficult>
		<robndbox>
			<cx>620.5</cx>
			<cy>241.0</cy>
			<w>21.0</w>
			<h>36.0</h>
			<angle>0.293352</angle>
		</robndbox>
		<extra/>
	</object>
	<object>
		<name>0</name>
		<pose>Unspecified</pose>
		<truncated>0</truncated>
		<difficult>0</difficult>
		<robndbox>
			<cx>640.5</cx>
			<cy>246.0</cy>
			<w>21.0</w>
			<h>36.0</h>
			<angle>0.293352</angle>
		</robndbox>
		<extra/>
	</object>
	<object>
		<name>3</name>
		<pose>Unspecified</pose>
		<truncated>0</truncated>
		<difficult>0</difficult>
		<robndbox>
			<cx>823.5</cx>
			<cy>356.0</cy>
			<w>21.0</w>
			<h>36.0</h>
			<angle>0.760631</angle>
		</robndbox>
		<extra/>
	</object>
	<object>
		<name>0</name>
		<pose>Unspecified</pose>
		<truncated>0</truncated>
		<difficult>0</difficult>
		<robndbox>
			<cx>837.5</cx>
			<cy>370.0</cy>
			<w>21.0</w>
			<h>36.0</h>
			<angle>0.749389</angle>
		</robndbox>
		<extra/>
	</object>
	<object>
		<name>1</name>
		<pose>Unspecified</pose>
		<truncated>0</truncated>
		<difficult>0</difficult>
		<robndbox>
			<cx>389.1139</cx>
			<cy>243.4911</cy>
			<w>18.06</w>
			<h>35.9192</h>
			<angle>5.984155</angle>
		</robndbox>
		<extra/>
	</object>
	<object>
		<name>0</name>
		<pose>Unspecified</pose>
		<truncated>0</truncated>
		<difficult>0</difficult>
		<robndbox>
			<cx>409.0969</cx>
			<cy>237.9943</cy>
			<w>22.1428</w>
			<h>36.1381</h>
			<angle>5.984155</angle>
		</robndbox>
		<extra/>
	</object>
	<object>
		<name>0</name>
		<pose>Unspecified</pose>
		<truncated>0</truncated>
		<difficult>0</difficult>
		<robndbox>
			<cx>194.0969</cx>
			<cy>352.9943</cy>
			<w>22.1428</w>
			<h>36.1381</h>
			<angle>5.529728</angle>
		</robndbox>
		<extra/>
	</object>
	<object>
		<name>V</name>
		<pose>Unspecified</pose>
		<truncated>0</truncated>
		<difficult>0</difficult>
		<robndbox>
			<cx>514.0</cx>
			<cy>395.0</cy>
			<w>52.0</w>
			<h>82.0</h>
			<angle>0.0</angle>
		</robndbox>
		<extra/>
	</object>
	<object>
		<name>needle</name>
		<pose>Unspecified</pose>
		<truncated>0</truncated>
		<difficult>0</difficult>
		<robndbox>
			<cx>325.9509</cx>
			<cy>485.0602</cy>
			<w>17.6918</w>
			<h>307.7795</h>
			<angle>5.536348</angle>
		</robndbox>
		<extra/>
	</object>
</annotation>
