<annotation>
	<folder>images</folder>
	<filename>4b91a45d-8fbe-48d7-a4d4-de7c7d8dc1f9.jpg</filename>
	<path>C:\Users\yaman\Documents\images\4b91a45d-8fbe-48d7-a4d4-de7c7d8dc1f9.jpg</path>
	<source>
		<database>Unknown</database>
	</source>
	<size>
		<width>800</width>
		<height>800</height>
		<depth>3</depth>
	</size>
	<segmented>0</segmented>
	<object>
		<name>scale</name>
		<pose>Unspecified</pose>
		<truncated>0</truncated>
		<difficult>0</difficult>
		<robndbox>
			<cx>231.7152</cx>
			<cy>327.5081</cy>
			<w>11.8014</w>
			<h>14.8807</h>
			<angle>5.582689</angle>
		</robndbox>
		<extra/>
	</object>
	<object>
		<name>scale</name>
		<pose>Unspecified</pose>
		<truncated>0</truncated>
		<difficult>0</difficult>
		<robndbox>
			<cx>237.7152</cx>
			<cy>322.5081</cy>
			<w>11.8014</w>
			<h>14.8807</h>
			<angle>5.582689</angle>
		</robndbox>
		<extra/>
	</object>
	<object>
		<name>scale</name>
		<pose>Unspecified</pose>
		<truncated>0</truncated>
		<difficult>0</difficult>
		<robndbox>
			<cx>243.7152</cx>
			<cy>316.5081</cy>
			<w>11.8014</w>
			<h>14.8807</h>
			<angle>5.542205</angle>
		</robndbox>
		<extra/>
	</object>
	<object>
		<name>scale</name>
		<pose>Unspecified</pose>
		<truncated>0</truncated>
		<difficult>0</difficult>
		<robndbox>
			<cx>248.7152</cx>
			<cy>312.5081</cy>
			<w>11.8014</w>
			<h>14.8807</h>
			<angle>5.645091</angle>
		</robndbox>
		<extra/>
	</object>
	<object>
		<name>scale</name>
		<pose>Unspecified</pose>
		<truncated>0</truncated>
		<difficult>0</difficult>
		<robndbox>
			<cx>255.7152</cx>
			<cy>307.5081</cy>
			<w>11.8014</w>
			<h>14.8807</h>
			<angle>5.645091</angle>
		</robndbox>
		<extra/>
	</object>
	<object>
		<name>scale</name>
		<pose>Unspecified</pose>
		<truncated>0</truncated>
		<difficult>0</difficult>
		<robndbox>
			<cx>261.7152</cx>
			<cy>303.5081</cy>
			<w>11.8014</w>
			<h>14.8807</h>
			<angle>5.742609</angle>
		</robndbox>
		<extra/>
	</object>
	<object>
		<name>scale</name>
		<pose>Unspecified</pose>
		<truncated>0</truncated>
		<difficult>0</difficult>
		<robndbox>
			<cx>268.7152</cx>
			<cy>298.5081</cy>
			<w>11.8014</w>
			<h>14.8807</h>
			<angle>5.645091</angle>
		</robndbox>
		<extra/>
	</object>
	<object>
		<name>scale</name>
		<pose>Unspecified</pose>
		<truncated>0</truncated>
		<difficult>0</difficult>
		<robndbox>
			<cx>274.7152</cx>
			<cy>294.5081</cy>
			<w>11.8014</w>
			<h>14.8807</h>
			<angle>5.742609</angle>
		</robndbox>
		<extra/>
	</object>
	<object>
		<name>scale</name>
		<pose>Unspecified</pose>
		<truncated>0</truncated>
		<difficult>0</difficult>
		<robndbox>
			<cx>281.7152</cx>
			<cy>290.5081</cy>
			<w>11.8014</w>
			<h>14.8807</h>
			<angle>5.742609</angle>
		</robndbox>
		<extra/>
	</object>
	<object>
		<name>scale</name>
		<pose>Unspecified</pose>
		<truncated>0</truncated>
		<difficult>0</difficult>
		<robndbox>
			<cx>288.7152</cx>
			<cy>286.5081</cy>
			<w>11.8014</w>
			<h>14.8807</h>
			<angle>5.833481</angle>
		</robndbox>
		<extra/>
	</object>
	<object>
		<name>scale</name>
		<pose>Unspecified</pose>
		<truncated>0</truncated>
		<difficult>0</difficult>
		<robndbox>
			<cx>294.7152</cx>
			<cy>283.5081</cy>
			<w>11.8014</w>
			<h>14.8807</h>
			<angle>5.833481</angle>
		</robndbox>
		<extra/>
	</object>
	<object>
		<name>scale</name>
		<pose>Unspecified</pose>
		<truncated>0</truncated>
		<difficult>0</difficult>
		<robndbox>
			<cx>301.7152</cx>
			<cy>280.5081</cy>
			<w>11.8014</w>
			<h>14.8807</h>
			<angle>5.86592</angle>
		</robndbox>
		<extra/>
	</object>
	<object>
		<name>scale</name>
		<pose>Unspecified</pose>
		<truncated>0</truncated>
		<difficult>0</difficult>
		<robndbox>
			<cx>309.7152</cx>
			<cy>276.5081</cy>
			<w>11.8014</w>
			<h>14.8807</h>
			<angle>5.922152</angle>
		</robndbox>
		<extra/>
	</object>
	<object>
		<name>scale</name>
		<pose>Unspecified</pose>
		<truncated>0</truncated>
		<difficult>0</difficult>
		<robndbox>
			<cx>316.7152</cx>
			<cy>274.5081</cy>
			<w>11.8014</w>
			<h>14.8807</h>
			<angle>5.922152</angle>
		</robndbox>
		<extra/>
	</object>
	<object>
		<name>scale</name>
		<pose>Unspecified</pose>
		<truncated>0</truncated>
		<difficult>0</difficult>
		<robndbox>
			<cx>324.7152</cx>
			<cy>271.5081</cy>
			<w>11.8014</w>
			<h>14.8807</h>
			<angle>5.922152</angle>
		</robndbox>
		<extra/>
	</object>
	<object>
		<name>scale</name>
		<pose>Unspecified</pose>
		<truncated>0</truncated>
		<difficult>0</difficult>
		<robndbox>
			<cx>331.7152</cx>
			<cy>269.5081</cy>
			<w>11.8014</w>
			<h>14.8807</h>
			<angle>6.025095</angle>
		</robndbox>
		<extra/>
	</object>
	<object>
		<name>scale</name>
		<pose>Unspecified</pose>
		<truncated>0</truncated>
		<difficult>0</difficult>
		<robndbox>
			<cx>338.7152</cx>
			<cy>267.5081</cy>
			<w>11.8014</w>
			<h>14.8807</h>
			<angle>6.025095</angle>
		</robndbox>
		<extra/>
	</object>
	<object>
		<name>scale</name>
		<pose>Unspecified</pose>
		<truncated>0</truncated>
		<difficult>0</difficult>
		<robndbox>
			<cx>346.7152</cx>
			<cy>265.5081</cy>
			<w>11.8014</w>
			<h>14.8807</h>
			<angle>6.025095</angle>
		</robndbox>
		<extra/>
	</object>
	<object>
		<name>scale</name>
		<pose>Unspecified</pose>
		<truncated>0</truncated>
		<difficult>0</difficult>
		<robndbox>
			<cx>354.7152</cx>
			<cy>263.5081</cy>
			<w>11.8014</w>
			<h>14.8807</h>
			<angle>6.073044</angle>
		</robndbox>
		<extra/>
	</object>
	<object>
		<name>scale</name>
		<pose>Unspecified</pose>
		<truncated>0</truncated>
		<difficult>0</difficult>
		<robndbox>
			<cx>361.7152</cx>
			<cy>261.5081</cy>
			<w>11.8014</w>
			<h>14.8807</h>
			<angle>6.119557</angle>
		</robndbox>
		<extra/>
	</object>
	<object>
		<name>scale</name>
		<pose>Unspecified</pose>
		<truncated>0</truncated>
		<difficult>0</difficult>
		<robndbox>
			<cx>368.7152</cx>
			<cy>260.5081</cy>
			<w>11.8014</w>
			<h>14.8807</h>
			<angle>6.174424</angle>
		</robndbox>
		<extra/>
	</object>
	<object>
		<name>scale</name>
		<pose>Unspecified</pose>
		<truncated>0</truncated>
		<difficult>0</difficult>
		<robndbox>
			<cx>376.7152</cx>
			<cy>259.5081</cy>
			<w>11.8014</w>
			<h>14.8807</h>
			<angle>6.264361</angle>
		</robndbox>
		<extra/>
	</object>
	<object>
		<name>scale</name>
		<pose>Unspecified</pose>
		<truncated>0</truncated>
		<difficult>0</difficult>
		<robndbox>
			<cx>384.7152</cx>
			<cy>258.5081</cy>
			<w>11.8014</w>
			<h>14.8807</h>
			<angle>6.264361</angle>
		</robndbox>
		<extra/>
	</object>
	<object>
		<name>scale</name>
		<pose>Unspecified</pose>
		<truncated>0</truncated>
		<difficult>0</difficult>
		<robndbox>
			<cx>392.7152</cx>
			<cy>258.5081</cy>
			<w>11.8014</w>
			<h>14.8807</h>
			<angle>6.264361</angle>
		</robndbox>
		<extra/>
	</object>
	<object>
		<name>scale</name>
		<pose>Unspecified</pose>
		<truncated>0</truncated>
		<difficult>0</difficult>
		<robndbox>
			<cx>400.7152</cx>
			<cy>258.5081</cy>
			<w>11.8014</w>
			<h>14.8807</h>
			<angle>6.264361</angle>
		</robndbox>
		<extra/>
	</object>
	<object>
		<name>scale</name>
		<pose>Unspecified</pose>
		<truncated>0</truncated>
		<difficult>0</difficult>
		<robndbox>
			<cx>408.7152</cx>
			<cy>258.5081</cy>
			<w>11.8014</w>
			<h>14.8807</h>
			<angle>0.051358</angle>
		</robndbox>
		<extra/>
	</object>
	<object>
		<name>scale</name>
		<pose>Unspecified</pose>
		<truncated>0</truncated>
		<difficult>0</difficult>
		<robndbox>
			<cx>415.7152</cx>
			<cy>258.5081</cy>
			<w>11.8014</w>
			<h>14.8807</h>
			<angle>0.051358</angle>
		</robndbox>
		<extra/>
	</object>
	<object>
		<name>scale</name>
		<pose>Unspecified</pose>
		<truncated>0</truncated>
		<difficult>0</difficult>
		<robndbox>
			<cx>423.7152</cx>
			<cy>258.5081</cy>
			<w>11.8014</w>
			<h>14.8807</h>
			<angle>0.134822</angle>
		</robndbox>
		<extra/>
	</object>
	<object>
		<name>scale</name>
		<pose>Unspecified</pose>
		<truncated>0</truncated>
		<difficult>0</difficult>
		<robndbox>
			<cx>431.7152</cx>
			<cy>259.5081</cy>
			<w>11.8014</w>
			<h>14.8807</h>
			<angle>0.134822</angle>
		</robndbox>
		<extra/>
	</object>
	<object>
		<name>scale</name>
		<pose>Unspecified</pose>
		<truncated>0</truncated>
		<difficult>0</difficult>
		<robndbox>
			<cx>439.7152</cx>
			<cy>260.5081</cy>
			<w>11.8014</w>
			<h>14.8807</h>
			<angle>0.134822</angle>
		</robndbox>
		<extra/>
	</object>
	<object>
		<name>scale</name>
		<pose>Unspecified</pose>
		<truncated>0</truncated>
		<difficult>0</difficult>
		<robndbox>
			<cx>446.7152</cx>
			<cy>262.5081</cy>
			<w>11.8014</w>
			<h>14.8807</h>
			<angle>0.214779</angle>
		</robndbox>
		<extra/>
	</object>
	<object>
		<name>scale</name>
		<pose>Unspecified</pose>
		<truncated>0</truncated>
		<difficult>0</difficult>
		<robndbox>
			<cx>454.7152</cx>
			<cy>263.5081</cy>
			<w>11.8014</w>
			<h>14.8807</h>
			<angle>0.214779</angle>
		</robndbox>
		<extra/>
	</object>
	<object>
		<name>scale</name>
		<pose>Unspecified</pose>
		<truncated>0</truncated>
		<difficult>0</difficult>
		<robndbox>
			<cx>462.7152</cx>
			<cy>265.5081</cy>
			<w>11.8014</w>
			<h>14.8807</h>
			<angle>0.214779</angle>
		</robndbox>
		<extra/>
	</object>
	<object>
		<name>scale</name>
		<pose>Unspecified</pose>
		<truncated>0</truncated>
		<difficult>0</difficult>
		<robndbox>
			<cx>469.7152</cx>
			<cy>267.5081</cy>
			<w>11.8014</w>
			<h>14.8807</h>
			<angle>0.310741</angle>
		</robndbox>
		<extra/>
	</object>
	<object>
		<name>scale</name>
		<pose>Unspecified</pose>
		<truncated>0</truncated>
		<difficult>0</difficult>
		<robndbox>
			<cx>477.7152</cx>
			<cy>269.5081</cy>
			<w>11.8014</w>
			<h>14.8807</h>
			<angle>0.310741</angle>
		</robndbox>
		<extra/>
	</object>
	<object>
		<name>scale</name>
		<pose>Unspecified</pose>
		<truncated>0</truncated>
		<difficult>0</difficult>
		<robndbox>
			<cx>484.7152</cx>
			<cy>271.5081</cy>
			<w>11.8014</w>
			<h>14.8807</h>
			<angle>0.373059</angle>
		</robndbox>
		<extra/>
	</object>
	<object>
		<name>scale</name>
		<pose>Unspecified</pose>
		<truncated>0</truncated>
		<difficult>0</difficult>
		<robndbox>
			<cx>492.7152</cx>
			<cy>274.5081</cy>
			<w>11.8014</w>
			<h>14.8807</h>
			<angle>0.373059</angle>
		</robndbox>
		<extra/>
	</object>
	<object>
		<name>scale</name>
		<pose>Unspecified</pose>
		<truncated>0</truncated>
		<difficult>0</difficult>
		<robndbox>
			<cx>498.7152</cx>
			<cy>277.5081</cy>
			<w>11.8014</w>
			<h>14.8807</h>
			<angle>0.535956</angle>
		</robndbox>
		<extra/>
	</object>
	<object>
		<name>scale</name>
		<pose>Unspecified</pose>
		<truncated>0</truncated>
		<difficult>0</difficult>
		<robndbox>
			<cx>506.7152</cx>
			<cy>280.5081</cy>
			<w>11.8014</w>
			<h>14.8807</h>
			<angle>0.475285</angle>
		</robndbox>
		<extra/>
	</object>
	<object>
		<name>scale</name>
		<pose>Unspecified</pose>
		<truncated>0</truncated>
		<difficult>0</difficult>
		<robndbox>
			<cx>513.7152</cx>
			<cy>284.5081</cy>
			<w>11.8014</w>
			<h>14.8807</h>
			<angle>0.424399</angle>
		</robndbox>
		<extra/>
	</object>
	<object>
		<name>scale</name>
		<pose>Unspecified</pose>
		<truncated>0</truncated>
		<difficult>0</difficult>
		<robndbox>
			<cx>520.7152</cx>
			<cy>287.5081</cy>
			<w>11.8014</w>
			<h>14.8807</h>
			<angle>0.548646</angle>
		</robndbox>
		<extra/>
	</object>
	<object>
		<name>scale</name>
		<pose>Unspecified</pose>
		<truncated>0</truncated>
		<difficult>0</difficult>
		<robndbox>
			<cx>527.7152</cx>
			<cy>291.5081</cy>
			<w>11.8014</w>
			<h>14.8807</h>
			<angle>0.548646</angle>
		</robndbox>
		<extra/>
	</object>
	<object>
		<name>scale</name>
		<pose>Unspecified</pose>
		<truncated>0</truncated>
		<difficult>0</difficult>
		<robndbox>
			<cx>534.7152</cx>
			<cy>295.5081</cy>
			<w>11.8014</w>
			<h>14.8807</h>
			<angle>0.621804</angle>
		</robndbox>
		<extra/>
	</object>
	<object>
		<name>scale</name>
		<pose>Unspecified</pose>
		<truncated>0</truncated>
		<difficult>0</difficult>
		<robndbox>
			<cx>540.7152</cx>
			<cy>299.5081</cy>
			<w>11.8014</w>
			<h>14.8807</h>
			<angle>0.621804</angle>
		</robndbox>
		<extra/>
	</object>
	<object>
		<name>scale</name>
		<pose>Unspecified</pose>
		<truncated>0</truncated>
		<difficult>0</difficult>
		<robndbox>
			<cx>546.7152</cx>
			<cy>303.5081</cy>
			<w>11.8014</w>
			<h>14.8807</h>
			<angle>0.621804</angle>
		</robndbox>
		<extra/>
	</object>
	<object>
		<name>scale</name>
		<pose>Unspecified</pose>
		<truncated>0</truncated>
		<difficult>0</difficult>
		<robndbox>
			<cx>553.7152</cx>
			<cy>308.5081</cy>
			<w>11.8014</w>
			<h>14.8807</h>
			<angle>0.730759</angle>
		</robndbox>
		<extra/>
	</object>
	<object>
		<name>scale</name>
		<pose>Unspecified</pose>
		<truncated>0</truncated>
		<difficult>0</difficult>
		<robndbox>
			<cx>559.7152</cx>
			<cy>313.5081</cy>
			<w>11.8014</w>
			<h>14.8807</h>
			<angle>0.730759</angle>
		</robndbox>
		<extra/>
	</object>
	<object>
		<name>scale</name>
		<pose>Unspecified</pose>
		<truncated>0</truncated>
		<difficult>0</difficult>
		<robndbox>
			<cx>565.7152</cx>
			<cy>318.5081</cy>
			<w>11.8014</w>
			<h>14.8807</h>
			<angle>0.730759</angle>
		</robndbox>
		<extra/>
	</object>
	<object>
		<name>scale</name>
		<pose>Unspecified</pose>
		<truncated>0</truncated>
		<difficult>0</difficult>
		<robndbox>
			<cx>571.7152</cx>
			<cy>323.5081</cy>
			<w>11.8014</w>
			<h>14.8807</h>
			<angle>0.747926</angle>
		</robndbox>
		<extra/>
	</object>
	<object>
		<name>scale</name>
		<pose>Unspecified</pose>
		<truncated>0</truncated>
		<difficult>0</difficult>
		<robndbox>
			<cx>576.7152</cx>
			<cy>328.5081</cy>
			<w>11.8014</w>
			<h>14.8807</h>
			<angle>0.849711</angle>
		</robndbox>
		<extra/>
	</object>
	<object>
		<name>0</name>
		<pose>Unspecified</pose>
		<truncated>0</truncated>
		<difficult>0</difficult>
		<robndbox>
			<cx>203.0</cx>
			<cy>303.5</cy>
			<w>14.0</w>
			<h>23.0</h>
			<angle>5.464573</angle>
		</robndbox>
		<extra/>
	</object>
	<object>
		<name>2</name>
		<pose>Unspecified</pose>
		<truncated>0</truncated>
		<difficult>0</difficult>
		<robndbox>
			<cx>275.1693</cx>
			<cy>251.8861</cy>
			<w>14.8864</w>
			<h>22.0856</h>
			<angle>5.782456</angle>
		</robndbox>
		<extra/>
	</object>
	<object>
		<name>4</name>
		<pose>Unspecified</pose>
		<truncated>0</truncated>
		<difficult>0</difficult>
		<robndbox>
			<cx>358.3951</cx>
			<cy>224.6729</cy>
			<w>15.2388</w>
			<h>23.2206</h>
			<angle>6.180979</angle>
		</robndbox>
		<extra/>
	</object>
	<object>
		<name>6</name>
		<pose>Unspecified</pose>
		<truncated>0</truncated>
		<difficult>0</difficult>
		<robndbox>
			<cx>449.3951</cx>
			<cy>224.6729</cy>
			<w>15.2388</w>
			<h>23.2206</h>
			<angle>0.120183</angle>
		</robndbox>
		<extra/>
	</object>
	<object>
		<name>8</name>
		<pose>Unspecified</pose>
		<truncated>0</truncated>
		<difficult>0</difficult>
		<robndbox>
			<cx>534.3951</cx>
			<cy>252.6729</cy>
			<w>15.2388</w>
			<h>23.2206</h>
			<angle>0.483166</angle>
		</robndbox>
		<extra/>
	</object>
	<object>
		<name>1</name>
		<pose>Unspecified</pose>
		<truncated>0</truncated>
		<difficult>0</difficult>
		<robndbox>
			<cx>600.0421</cx>
			<cy>299.0959</cy>
			<w>11.2949</w>
			<h>21.8237</h>
			<angle>0.727791</angle>
		</robndbox>
		<extra/>
	</object>
	<object>
		<name>0</name>
		<pose>Unspecified</pose>
		<truncated>0</truncated>
		<difficult>0</difficult>
		<robndbox>
			<cx>610.3951</cx>
			<cy>308.6729</cy>
			<w>15.2388</w>
			<h>23.2206</h>
			<angle>0.83021</angle>
		</robndbox>
		<extra/>
	</object>
	<object>
		<name>A</name>
		<pose>Unspecified</pose>
		<truncated>0</truncated>
		<difficult>0</difficult>
		<robndbox>
			<cx>405.0</cx>
			<cy>321.0</cy>
			<w>38.0</w>
			<h>50.0</h>
			<angle>0.0</angle>
		</robndbox>
		<extra/>
	</object>
	<object>
		<name>needle</name>
		<pose>Unspecified</pose>
		<truncated>0</truncated>
		<difficult>0</difficult>
		<robndbox>
			<cx>282.6016</cx>
			<cy>381.399</cy>
			<w>10.5765</w>
			<h>180.0673</h>
			<angle>5.463829</angle>
		</robndbox>
		<extra/>
	</object>
</annotation>
