<annotation>
	<folder>drive-download-20220120T141758Z-001</folder>
	<filename>4bdfa332-38ca-41ba-9b3f-cae7b27173ee.jpg</filename>
	<path>C:\Users\yaman\Downloads\drive-download-20220120T141758Z-001\4bdfa332-38ca-41ba-9b3f-cae7b27173ee.jpg</path>
	<source>
		<database>Unknown</database>
	</source>
	<size>
		<width>800</width>
		<height>800</height>
		<depth>3</depth>
	</size>
	<segmented>0</segmented>
	<object>
		<name>scale</name>
		<pose>Unspecified</pose>
		<truncated>0</truncated>
		<difficult>0</difficult>
		<robndbox>
			<cx>243.9312</cx>
			<cy>317.894</cy>
			<w>13.0033</w>
			<h>22.7558</h>
			<angle>5.631776</angle>
		</robndbox>
		<extra/>
	</object>
	<object>
		<name>scale</name>
		<pose>Unspecified</pose>
		<truncated>0</truncated>
		<difficult>0</difficult>
		<robndbox>
			<cx>250.9312</cx>
			<cy>310.894</cy>
			<w>13.0033</w>
			<h>22.7558</h>
			<angle>5.631776</angle>
		</robndbox>
		<extra/>
	</object>
	<object>
		<name>scale</name>
		<pose>Unspecified</pose>
		<truncated>0</truncated>
		<difficult>0</difficult>
		<robndbox>
			<cx>258.9312</cx>
			<cy>304.894</cy>
			<w>13.0033</w>
			<h>22.7558</h>
			<angle>5.682669</angle>
		</robndbox>
		<extra/>
	</object>
	<object>
		<name>scale</name>
		<pose>Unspecified</pose>
		<truncated>0</truncated>
		<difficult>0</difficult>
		<robndbox>
			<cx>265.8095</cx>
			<cy>299.4277</cy>
			<w>12.6599</w>
			<h>21.8552</h>
			<angle>5.663743</angle>
		</robndbox>
		<extra/>
	</object>
	<object>
		<name>scale</name>
		<pose>Unspecified</pose>
		<truncated>0</truncated>
		<difficult>0</difficult>
		<robndbox>
			<cx>273.8055</cx>
			<cy>294.6462</cy>
			<w>13.0334</w>
			<h>22.2009</h>
			<angle>5.759485</angle>
		</robndbox>
		<extra/>
	</object>
	<object>
		<name>scale</name>
		<pose>Unspecified</pose>
		<truncated>0</truncated>
		<difficult>0</difficult>
		<robndbox>
			<cx>282.052</cx>
			<cy>289.7558</cy>
			<w>13.3414</w>
			<h>22.6132</h>
			<angle>5.829958</angle>
		</robndbox>
		<extra/>
	</object>
	<object>
		<name>scale</name>
		<pose>Unspecified</pose>
		<truncated>0</truncated>
		<difficult>0</difficult>
		<robndbox>
			<cx>289.552</cx>
			<cy>285.7558</cy>
			<w>12.4424</w>
			<h>22.1753</h>
			<angle>5.829958</angle>
		</robndbox>
		<extra/>
	</object>
	<object>
		<name>scale</name>
		<pose>Unspecified</pose>
		<truncated>0</truncated>
		<difficult>0</difficult>
		<robndbox>
			<cx>297.552</cx>
			<cy>281.7558</cy>
			<w>12.4424</w>
			<h>22.1753</h>
			<angle>5.888515</angle>
		</robndbox>
		<extra/>
	</object>
	<object>
		<name>scale</name>
		<pose>Unspecified</pose>
		<truncated>0</truncated>
		<difficult>0</difficult>
		<robndbox>
			<cx>306.552</cx>
			<cy>277.7558</cy>
			<w>12.4424</w>
			<h>22.1753</h>
			<angle>5.962219</angle>
		</robndbox>
		<extra/>
	</object>
	<object>
		<name>scale</name>
		<pose>Unspecified</pose>
		<truncated>0</truncated>
		<difficult>0</difficult>
		<robndbox>
			<cx>315.552</cx>
			<cy>274.7558</cy>
			<w>12.4424</w>
			<h>22.1753</h>
			<angle>5.962219</angle>
		</robndbox>
		<extra/>
	</object>
	<object>
		<name>scale</name>
		<pose>Unspecified</pose>
		<truncated>0</truncated>
		<difficult>0</difficult>
		<robndbox>
			<cx>323.552</cx>
			<cy>271.7558</cy>
			<w>12.4424</w>
			<h>22.1753</h>
			<angle>6.033891</angle>
		</robndbox>
		<extra/>
	</object>
	<object>
		<name>scale</name>
		<pose>Unspecified</pose>
		<truncated>0</truncated>
		<difficult>0</difficult>
		<robndbox>
			<cx>332.2965</cx>
			<cy>269.7134</cy>
			<w>12.3579</w>
			<h>22.361</h>
			<angle>6.081176</angle>
		</robndbox>
		<extra/>
	</object>
	<object>
		<name>scale</name>
		<pose>Unspecified</pose>
		<truncated>0</truncated>
		<difficult>0</difficult>
		<robndbox>
			<cx>341.1782</cx>
			<cy>267.8088</cy>
			<w>12.6121</w>
			<h>22.2107</h>
			<angle>6.104629</angle>
		</robndbox>
		<extra/>
	</object>
	<object>
		<name>scale</name>
		<pose>Unspecified</pose>
		<truncated>0</truncated>
		<difficult>0</difficult>
		<robndbox>
			<cx>350.7518</cx>
			<cy>266.0126</cy>
			<w>13.1427</w>
			<h>21.648</h>
			<angle>6.169999</angle>
		</robndbox>
		<extra/>
	</object>
	<object>
		<name>scale</name>
		<pose>Unspecified</pose>
		<truncated>0</truncated>
		<difficult>0</difficult>
		<robndbox>
			<cx>359.7518</cx>
			<cy>265.0126</cy>
			<w>13.1427</w>
			<h>21.648</h>
			<angle>6.184929</angle>
		</robndbox>
		<extra/>
	</object>
	<object>
		<name>scale</name>
		<pose>Unspecified</pose>
		<truncated>0</truncated>
		<difficult>0</difficult>
		<robndbox>
			<cx>368.7518</cx>
			<cy>264.0126</cy>
			<w>13.1427</w>
			<h>21.648</h>
			<angle>6.250507</angle>
		</robndbox>
		<extra/>
	</object>
	<object>
		<name>scale</name>
		<pose>Unspecified</pose>
		<truncated>0</truncated>
		<difficult>0</difficult>
		<robndbox>
			<cx>378.7518</cx>
			<cy>264.0126</cy>
			<w>13.1427</w>
			<h>21.648</h>
			<angle>6.250507</angle>
		</robndbox>
		<extra/>
	</object>
	<object>
		<name>scale</name>
		<pose>Unspecified</pose>
		<truncated>0</truncated>
		<difficult>0</difficult>
		<robndbox>
			<cx>387.7518</cx>
			<cy>264.0126</cy>
			<w>13.1427</w>
			<h>21.648</h>
			<angle>0.048827</angle>
		</robndbox>
		<extra/>
	</object>
	<object>
		<name>scale</name>
		<pose>Unspecified</pose>
		<truncated>0</truncated>
		<difficult>0</difficult>
		<robndbox>
			<cx>396.7518</cx>
			<cy>264.0126</cy>
			<w>13.1427</w>
			<h>21.648</h>
			<angle>0.048827</angle>
		</robndbox>
		<extra/>
	</object>
	<object>
		<name>scale</name>
		<pose>Unspecified</pose>
		<truncated>0</truncated>
		<difficult>0</difficult>
		<robndbox>
			<cx>406.7518</cx>
			<cy>265.0126</cy>
			<w>13.1427</w>
			<h>21.648</h>
			<angle>0.114402</angle>
		</robndbox>
		<extra/>
	</object>
	<object>
		<name>scale</name>
		<pose>Unspecified</pose>
		<truncated>0</truncated>
		<difficult>0</difficult>
		<robndbox>
			<cx>415.7518</cx>
			<cy>267.0126</cy>
			<w>13.1427</w>
			<h>21.648</h>
			<angle>0.156131</angle>
		</robndbox>
		<extra/>
	</object>
	<object>
		<name>scale</name>
		<pose>Unspecified</pose>
		<truncated>0</truncated>
		<difficult>0</difficult>
		<robndbox>
			<cx>424.7518</cx>
			<cy>269.0126</cy>
			<w>13.1427</w>
			<h>21.648</h>
			<angle>0.166086</angle>
		</robndbox>
		<extra/>
	</object>
	<object>
		<name>scale</name>
		<pose>Unspecified</pose>
		<truncated>0</truncated>
		<difficult>0</difficult>
		<robndbox>
			<cx>434.7518</cx>
			<cy>271.0126</cy>
			<w>13.1427</w>
			<h>21.648</h>
			<angle>0.166086</angle>
		</robndbox>
		<extra/>
	</object>
	<object>
		<name>scale</name>
		<pose>Unspecified</pose>
		<truncated>0</truncated>
		<difficult>0</difficult>
		<robndbox>
			<cx>443.7518</cx>
			<cy>273.0126</cy>
			<w>13.1427</w>
			<h>21.648</h>
			<angle>0.224799</angle>
		</robndbox>
		<extra/>
	</object>
	<object>
		<name>scale</name>
		<pose>Unspecified</pose>
		<truncated>0</truncated>
		<difficult>0</difficult>
		<robndbox>
			<cx>452.7518</cx>
			<cy>276.0126</cy>
			<w>13.1427</w>
			<h>21.648</h>
			<angle>0.351402</angle>
		</robndbox>
		<extra/>
	</object>
	<object>
		<name>scale</name>
		<pose>Unspecified</pose>
		<truncated>0</truncated>
		<difficult>0</difficult>
		<robndbox>
			<cx>461.7518</cx>
			<cy>280.0126</cy>
			<w>13.1427</w>
			<h>21.648</h>
			<angle>0.351402</angle>
		</robndbox>
		<extra/>
	</object>
	<object>
		<name>scale</name>
		<pose>Unspecified</pose>
		<truncated>0</truncated>
		<difficult>0</difficult>
		<robndbox>
			<cx>470.7518</cx>
			<cy>284.0126</cy>
			<w>13.1427</w>
			<h>21.648</h>
			<angle>0.403434</angle>
		</robndbox>
		<extra/>
	</object>
	<object>
		<name>scale</name>
		<pose>Unspecified</pose>
		<truncated>0</truncated>
		<difficult>0</difficult>
		<robndbox>
			<cx>479.7518</cx>
			<cy>288.0126</cy>
			<w>13.1427</w>
			<h>21.648</h>
			<angle>0.403434</angle>
		</robndbox>
		<extra/>
	</object>
	<object>
		<name>scale</name>
		<pose>Unspecified</pose>
		<truncated>0</truncated>
		<difficult>0</difficult>
		<robndbox>
			<cx>487.7518</cx>
			<cy>293.0126</cy>
			<w>13.1427</w>
			<h>21.648</h>
			<angle>0.448872</angle>
		</robndbox>
		<extra/>
	</object>
	<object>
		<name>scale</name>
		<pose>Unspecified</pose>
		<truncated>0</truncated>
		<difficult>0</difficult>
		<robndbox>
			<cx>496.7518</cx>
			<cy>298.0126</cy>
			<w>13.1427</w>
			<h>21.648</h>
			<angle>0.474529</angle>
		</robndbox>
		<extra/>
	</object>
	<object>
		<name>scale</name>
		<pose>Unspecified</pose>
		<truncated>0</truncated>
		<difficult>0</difficult>
		<robndbox>
			<cx>504.7518</cx>
			<cy>303.0126</cy>
			<w>13.1427</w>
			<h>21.648</h>
			<angle>0.590838</angle>
		</robndbox>
		<extra/>
	</object>
	<object>
		<name>scale</name>
		<pose>Unspecified</pose>
		<truncated>0</truncated>
		<difficult>0</difficult>
		<robndbox>
			<cx>512.7518</cx>
			<cy>309.0126</cy>
			<w>13.1427</w>
			<h>21.648</h>
			<angle>0.590838</angle>
		</robndbox>
		<extra/>
	</object>
	<object>
		<name>scale</name>
		<pose>Unspecified</pose>
		<truncated>0</truncated>
		<difficult>0</difficult>
		<robndbox>
			<cx>520.7518</cx>
			<cy>315.0126</cy>
			<w>13.1427</w>
			<h>21.648</h>
			<angle>0.652342</angle>
		</robndbox>
		<extra/>
	</object>
	<object>
		<name>scale</name>
		<pose>Unspecified</pose>
		<truncated>0</truncated>
		<difficult>0</difficult>
		<robndbox>
			<cx>528.7518</cx>
			<cy>322.0126</cy>
			<w>13.1427</w>
			<h>21.648</h>
			<angle>0.670028</angle>
		</robndbox>
		<extra/>
	</object>
	<object>
		<name>scale</name>
		<pose>Unspecified</pose>
		<truncated>0</truncated>
		<difficult>0</difficult>
		<robndbox>
			<cx>536.323</cx>
			<cy>328.8426</cy>
			<w>15.1208</w>
			<h>22.0322</h>
			<angle>0.752346</angle>
		</robndbox>
		<extra/>
	</object>
	<object>
		<name>scale</name>
		<pose>Unspecified</pose>
		<truncated>0</truncated>
		<difficult>0</difficult>
		<robndbox>
			<cx>542.6853</cx>
			<cy>335.4831</cy>
			<w>15.083</w>
			<h>21.0122</h>
			<angle>0.752346</angle>
		</robndbox>
		<extra/>
	</object>
	<object>
		<name>scale</name>
		<pose>Unspecified</pose>
		<truncated>0</truncated>
		<difficult>0</difficult>
		<robndbox>
			<cx>549.3546</cx>
			<cy>343.3482</cy>
			<w>14.4697</w>
			<h>21.2855</h>
			<angle>0.781041</angle>
		</robndbox>
		<extra/>
	</object>
	<object>
		<name>scale</name>
		<pose>Unspecified</pose>
		<truncated>0</truncated>
		<difficult>0</difficult>
		<robndbox>
			<cx>555.1162</cx>
			<cy>349.1456</cy>
			<w>9.6217</w>
			<h>21.213</h>
			<angle>0.781041</angle>
		</robndbox>
		<extra/>
	</object>
	<object>
		<name>2</name>
		<pose>Unspecified</pose>
		<truncated>0</truncated>
		<difficult>0</difficult>
		<robndbox>
			<cx>302.5043</cx>
			<cy>250.5566</cy>
			<w>17.6148</w>
			<h>28.6424</h>
			<angle>5.941788</angle>
		</robndbox>
		<extra/>
	</object>
	<object>
		<name>4</name>
		<pose>Unspecified</pose>
		<truncated>0</truncated>
		<difficult>0</difficult>
		<robndbox>
			<cx>403.5189</cx>
			<cy>236.7636</cy>
			<w>17.3296</w>
			<h>29.5436</h>
			<angle>0.058872</angle>
		</robndbox>
		<extra/>
	</object>
	<object>
		<name>6</name>
		<pose>Unspecified</pose>
		<truncated>0</truncated>
		<difficult>0</difficult>
		<robndbox>
			<cx>506.247</cx>
			<cy>272.2388</cy>
			<w>17.8879</w>
			<h>28.266</h>
			<angle>0.455236</angle>
		</robndbox>
		<extra/>
	</object>
	<object>
		<name>7</name>
		<pose>Unspecified</pose>
		<truncated>0</truncated>
		<difficult>0</difficult>
		<robndbox>
			<cx>522.247</cx>
			<cy>368.2388</cy>
			<w>17.8879</w>
			<h>28.266</h>
			<angle>0.838233</angle>
		</robndbox>
		<extra/>
	</object>
	<object>
		<name>5</name>
		<pose>Unspecified</pose>
		<truncated>0</truncated>
		<difficult>0</difficult>
		<robndbox>
			<cx>533.247</cx>
			<cy>383.2388</cy>
			<w>17.8879</w>
			<h>28.266</h>
			<angle>0.838233</angle>
		</robndbox>
		<extra/>
	</object>
	<object>
		<name>0</name>
		<pose>Unspecified</pose>
		<truncated>0</truncated>
		<difficult>0</difficult>
		<robndbox>
			<cx>520.247</cx>
			<cy>282.2388</cy>
			<w>17.8879</w>
			<h>28.266</h>
			<angle>0.473726</angle>
		</robndbox>
		<extra/>
	</object>
	<object>
		<name>0</name>
		<pose>Unspecified</pose>
		<truncated>0</truncated>
		<difficult>0</difficult>
		<robndbox>
			<cx>419.5789</cx>
			<cy>239.1246</cy>
			<w>17.6379</w>
			<h>29.0164</h>
			<angle>0.042054</angle>
		</robndbox>
		<extra/>
	</object>
	<object>
		<name>0</name>
		<pose>Unspecified</pose>
		<truncated>0</truncated>
		<difficult>0</difficult>
		<robndbox>
			<cx>318.2975</cx>
			<cy>245.0923</cy>
			<w>17.1251</w>
			<h>28.7758</h>
			<angle>5.958739</angle>
		</robndbox>
		<extra/>
	</object>
	<object>
		<name>0</name>
		<pose>Unspecified</pose>
		<truncated>0</truncated>
		<difficult>0</difficult>
		<robndbox>
			<cx>266.2975</cx>
			<cy>351.0923</cy>
			<w>17.1251</w>
			<h>28.7758</h>
			<angle>5.624557</angle>
		</robndbox>
		<extra/>
	</object>
	<object>
		<name>V</name>
		<pose>Unspecified</pose>
		<truncated>0</truncated>
		<difficult>0</difficult>
		<robndbox>
			<cx>397.0</cx>
			<cy>334.5</cy>
			<w>36.0</w>
			<h>59.0</h>
			<angle>0.056735</angle>
		</robndbox>
		<extra/>
	</object>
	<object>
		<name>needle</name>
		<pose>Unspecified</pose>
		<truncated>0</truncated>
		<difficult>0</difficult>
		<robndbox>
			<cx>297.6638</cx>
			<cy>387.0437</cy>
			<w>18.887</w>
			<h>197.4335</h>
			<angle>5.607933</angle>
		</robndbox>
		<extra/>
	</object>
</annotation>
