<annotation>
	<folder>drive-download-20220120T141758Z-001</folder>
	<filename>4bee1280-51c2-41ea-b618-e508085cc4aa.jpg</filename>
	<path>C:\Users\yaman\Downloads\drive-download-20220120T141758Z-001\4bee1280-51c2-41ea-b618-e508085cc4aa.jpg</path>
	<source>
		<database>Unknown</database>
	</source>
	<size>
		<width>600</width>
		<height>600</height>
		<depth>3</depth>
	</size>
	<segmented>0</segmented>
	<object>
		<name>scale</name>
		<pose>Unspecified</pose>
		<truncated>0</truncated>
		<difficult>0</difficult>
		<robndbox>
			<cx>165.701</cx>
			<cy>419.643</cy>
			<w>27.9454</w>
			<h>26.6341</h>
			<angle>5.540305</angle>
		</robndbox>
		<extra/>
	</object>
	<object>
		<name>scale</name>
		<pose>Unspecified</pose>
		<truncated>0</truncated>
		<difficult>0</difficult>
		<robndbox>
			<cx>152.7218</cx>
			<cy>403.3342</cy>
			<w>27.1533</w>
			<h>25.5003</h>
			<angle>5.643337</angle>
		</robndbox>
		<extra/>
	</object>
	<object>
		<name>scale</name>
		<pose>Unspecified</pose>
		<truncated>0</truncated>
		<difficult>0</difficult>
		<robndbox>
			<cx>140.7218</cx>
			<cy>385.3342</cy>
			<w>27.1533</w>
			<h>25.5003</h>
			<angle>5.766628</angle>
		</robndbox>
		<extra/>
	</object>
	<object>
		<name>scale</name>
		<pose>Unspecified</pose>
		<truncated>0</truncated>
		<difficult>0</difficult>
		<robndbox>
			<cx>131.6278</cx>
			<cy>366.1986</cy>
			<w>27.0872</w>
			<h>25.8235</h>
			<angle>5.878867</angle>
		</robndbox>
		<extra/>
	</object>
	<object>
		<name>scale</name>
		<pose>Unspecified</pose>
		<truncated>0</truncated>
		<difficult>0</difficult>
		<robndbox>
			<cx>125.3327</cx>
			<cy>346.5191</cy>
			<w>26.8485</w>
			<h>27.2858</h>
			<angle>6.035344</angle>
		</robndbox>
		<extra/>
	</object>
	<object>
		<name>scale</name>
		<pose>Unspecified</pose>
		<truncated>0</truncated>
		<difficult>0</difficult>
		<robndbox>
			<cx>121.3252</cx>
			<cy>326.3402</cy>
			<w>26.6357</w>
			<h>25.6575</h>
			<angle>6.162385</angle>
		</robndbox>
		<extra/>
	</object>
	<object>
		<name>scale</name>
		<pose>Unspecified</pose>
		<truncated>0</truncated>
		<difficult>0</difficult>
		<robndbox>
			<cx>119.3252</cx>
			<cy>304.3402</cy>
			<w>26.6357</w>
			<h>25.6575</h>
			<angle>6.233306</angle>
		</robndbox>
		<extra/>
	</object>
	<object>
		<name>scale</name>
		<pose>Unspecified</pose>
		<truncated>0</truncated>
		<difficult>0</difficult>
		<robndbox>
			<cx>119.3252</cx>
			<cy>284.3402</cy>
			<w>26.6357</w>
			<h>25.6575</h>
			<angle>0.053452</angle>
		</robndbox>
		<extra/>
	</object>
	<object>
		<name>scale</name>
		<pose>Unspecified</pose>
		<truncated>0</truncated>
		<difficult>0</difficult>
		<robndbox>
			<cx>122.3252</cx>
			<cy>263.3402</cy>
			<w>26.6357</w>
			<h>25.6575</h>
			<angle>0.153723</angle>
		</robndbox>
		<extra/>
	</object>
	<object>
		<name>scale</name>
		<pose>Unspecified</pose>
		<truncated>0</truncated>
		<difficult>0</difficult>
		<robndbox>
			<cx>126.6967</cx>
			<cy>242.3636</cy>
			<w>26.905</w>
			<h>27.7297</h>
			<angle>0.234255</angle>
		</robndbox>
		<extra/>
	</object>
	<object>
		<name>scale</name>
		<pose>Unspecified</pose>
		<truncated>0</truncated>
		<difficult>0</difficult>
		<robndbox>
			<cx>133.6967</cx>
			<cy>224.3636</cy>
			<w>26.905</w>
			<h>27.7297</h>
			<angle>0.427047</angle>
		</robndbox>
		<extra/>
	</object>
	<object>
		<name>scale</name>
		<pose>Unspecified</pose>
		<truncated>0</truncated>
		<difficult>0</difficult>
		<robndbox>
			<cx>155.6967</cx>
			<cy>188.3636</cy>
			<w>26.905</w>
			<h>27.7297</h>
			<angle>0.647333</angle>
		</robndbox>
		<extra/>
	</object>
	<object>
		<name>scale</name>
		<pose>Unspecified</pose>
		<truncated>0</truncated>
		<difficult>0</difficult>
		<robndbox>
			<cx>143.6967</cx>
			<cy>206.3636</cy>
			<w>26.905</w>
			<h>27.7297</h>
			<angle>0.554563</angle>
		</robndbox>
		<extra/>
	</object>
	<object>
		<name>scale</name>
		<pose>Unspecified</pose>
		<truncated>0</truncated>
		<difficult>0</difficult>
		<robndbox>
			<cx>169.6967</cx>
			<cy>172.3636</cy>
			<w>26.905</w>
			<h>27.7297</h>
			<angle>0.754028</angle>
		</robndbox>
		<extra/>
	</object>
	<object>
		<name>scale</name>
		<pose>Unspecified</pose>
		<truncated>0</truncated>
		<difficult>0</difficult>
		<robndbox>
			<cx>185.6967</cx>
			<cy>157.3636</cy>
			<w>26.905</w>
			<h>27.7297</h>
			<angle>0.807668</angle>
		</robndbox>
		<extra/>
	</object>
	<object>
		<name>scale</name>
		<pose>Unspecified</pose>
		<truncated>0</truncated>
		<difficult>0</difficult>
		<robndbox>
			<cx>201.6967</cx>
			<cy>146.3636</cy>
			<w>26.905</w>
			<h>27.7297</h>
			<angle>1.017178</angle>
		</robndbox>
		<extra/>
	</object>
	<object>
		<name>scale</name>
		<pose>Unspecified</pose>
		<truncated>0</truncated>
		<difficult>0</difficult>
		<robndbox>
			<cx>220.6967</cx>
			<cy>136.3636</cy>
			<w>26.905</w>
			<h>27.7297</h>
			<angle>1.133194</angle>
		</robndbox>
		<extra/>
	</object>
	<object>
		<name>scale</name>
		<pose>Unspecified</pose>
		<truncated>0</truncated>
		<difficult>0</difficult>
		<robndbox>
			<cx>240.6967</cx>
			<cy>129.3636</cy>
			<w>26.905</w>
			<h>27.7297</h>
			<angle>1.228423</angle>
		</robndbox>
		<extra/>
	</object>
	<object>
		<name>scale</name>
		<pose>Unspecified</pose>
		<truncated>0</truncated>
		<difficult>0</difficult>
		<robndbox>
			<cx>261.6967</cx>
			<cy>123.3636</cy>
			<w>26.905</w>
			<h>27.7297</h>
			<angle>1.341719</angle>
		</robndbox>
		<extra/>
	</object>
	<object>
		<name>scale</name>
		<pose>Unspecified</pose>
		<truncated>0</truncated>
		<difficult>0</difficult>
		<robndbox>
			<cx>281.6967</cx>
			<cy>120.3636</cy>
			<w>26.905</w>
			<h>27.7297</h>
			<angle>1.493874</angle>
		</robndbox>
		<extra/>
	</object>
	<object>
		<name>scale</name>
		<pose>Unspecified</pose>
		<truncated>0</truncated>
		<difficult>0</difficult>
		<robndbox>
			<cx>302.6967</cx>
			<cy>120.3636</cy>
			<w>26.905</w>
			<h>27.7297</h>
			<angle>1.590642</angle>
		</robndbox>
		<extra/>
	</object>
	<object>
		<name>scale</name>
		<pose>Unspecified</pose>
		<truncated>0</truncated>
		<difficult>0</difficult>
		<robndbox>
			<cx>323.0888</cx>
			<cy>121.4275</cy>
			<w>27.2268</w>
			<h>26.5504</h>
			<angle>1.732438</angle>
		</robndbox>
		<extra/>
	</object>
	<object>
		<name>scale</name>
		<pose>Unspecified</pose>
		<truncated>0</truncated>
		<difficult>0</difficult>
		<robndbox>
			<cx>344.0888</cx>
			<cy>126.4275</cy>
			<w>27.2268</w>
			<h>26.5504</h>
			<angle>1.814732</angle>
		</robndbox>
		<extra/>
	</object>
	<object>
		<name>scale</name>
		<pose>Unspecified</pose>
		<truncated>0</truncated>
		<difficult>0</difficult>
		<robndbox>
			<cx>363.0888</cx>
			<cy>133.4275</cy>
			<w>27.2268</w>
			<h>26.5504</h>
			<angle>1.972312</angle>
		</robndbox>
		<extra/>
	</object>
	<object>
		<name>scale</name>
		<pose>Unspecified</pose>
		<truncated>0</truncated>
		<difficult>0</difficult>
		<robndbox>
			<cx>382.5234</cx>
			<cy>141.6992</cy>
			<w>27.3385</w>
			<h>27.5694</h>
			<angle>2.069629</angle>
		</robndbox>
		<extra/>
	</object>
	<object>
		<name>scale</name>
		<pose>Unspecified</pose>
		<truncated>0</truncated>
		<difficult>0</difficult>
		<robndbox>
			<cx>399.5234</cx>
			<cy>152.6992</cy>
			<w>27.3385</w>
			<h>27.5694</h>
			<angle>2.184503</angle>
		</robndbox>
		<extra/>
	</object>
	<object>
		<name>scale</name>
		<pose>Unspecified</pose>
		<truncated>0</truncated>
		<difficult>0</difficult>
		<robndbox>
			<cx>416.0888</cx>
			<cy>166.4275</cy>
			<w>27.2268</w>
			<h>26.5504</h>
			<angle>2.290657</angle>
		</robndbox>
		<extra/>
	</object>
	<object>
		<name>scale</name>
		<pose>Unspecified</pose>
		<truncated>0</truncated>
		<difficult>0</difficult>
		<robndbox>
			<cx>431.0888</cx>
			<cy>181.4275</cy>
			<w>27.2268</w>
			<h>26.5504</h>
			<angle>2.443418</angle>
		</robndbox>
		<extra/>
	</object>
	<object>
		<name>scale</name>
		<pose>Unspecified</pose>
		<truncated>0</truncated>
		<difficult>0</difficult>
		<robndbox>
			<cx>443.0888</cx>
			<cy>198.4275</cy>
			<w>27.2268</w>
			<h>26.5504</h>
			<angle>2.566719</angle>
		</robndbox>
		<extra/>
	</object>
	<object>
		<name>scale</name>
		<pose>Unspecified</pose>
		<truncated>0</truncated>
		<difficult>0</difficult>
		<robndbox>
			<cx>454.0888</cx>
			<cy>216.4275</cy>
			<w>27.2268</w>
			<h>26.5504</h>
			<angle>2.645794</angle>
		</robndbox>
		<extra/>
	</object>
	<object>
		<name>scale</name>
		<pose>Unspecified</pose>
		<truncated>0</truncated>
		<difficult>0</difficult>
		<robndbox>
			<cx>462.0888</cx>
			<cy>234.4275</cy>
			<w>27.2268</w>
			<h>26.5504</h>
			<angle>2.804769</angle>
		</robndbox>
		<extra/>
	</object>
	<object>
		<name>scale</name>
		<pose>Unspecified</pose>
		<truncated>0</truncated>
		<difficult>0</difficult>
		<robndbox>
			<cx>468.0888</cx>
			<cy>255.4275</cy>
			<w>27.2268</w>
			<h>26.5504</h>
			<angle>2.898812</angle>
		</robndbox>
		<extra/>
	</object>
	<object>
		<name>scale</name>
		<pose>Unspecified</pose>
		<truncated>0</truncated>
		<difficult>0</difficult>
		<robndbox>
			<cx>472.0888</cx>
			<cy>275.4275</cy>
			<w>27.2268</w>
			<h>26.5504</h>
			<angle>3.050251</angle>
		</robndbox>
		<extra/>
	</object>
	<object>
		<name>scale</name>
		<pose>Unspecified</pose>
		<truncated>0</truncated>
		<difficult>0</difficult>
		<robndbox>
			<cx>473.0888</cx>
			<cy>296.4275</cy>
			<w>27.2268</w>
			<h>26.5504</h>
			<angle>3.130145</angle>
		</robndbox>
		<extra/>
	</object>
	<object>
		<name>scale</name>
		<pose>Unspecified</pose>
		<truncated>0</truncated>
		<difficult>0</difficult>
		<robndbox>
			<cx>472.0888</cx>
			<cy>318.4275</cy>
			<w>27.2268</w>
			<h>26.5504</h>
			<angle>3.202786</angle>
		</robndbox>
		<extra/>
	</object>
	<object>
		<name>scale</name>
		<pose>Unspecified</pose>
		<truncated>0</truncated>
		<difficult>0</difficult>
		<robndbox>
			<cx>469.0888</cx>
			<cy>337.4275</cy>
			<w>27.2268</w>
			<h>26.5504</h>
			<angle>3.3729</angle>
		</robndbox>
		<extra/>
	</object>
	<object>
		<name>scale</name>
		<pose>Unspecified</pose>
		<truncated>0</truncated>
		<difficult>0</difficult>
		<robndbox>
			<cx>463.0888</cx>
			<cy>358.4275</cy>
			<w>27.2268</w>
			<h>26.5504</h>
			<angle>3.501987</angle>
		</robndbox>
		<extra/>
	</object>
	<object>
		<name>scale</name>
		<pose>Unspecified</pose>
		<truncated>0</truncated>
		<difficult>0</difficult>
		<robndbox>
			<cx>455.0888</cx>
			<cy>377.4275</cy>
			<w>27.2268</w>
			<h>26.5504</h>
			<angle>3.635856</angle>
		</robndbox>
		<extra/>
	</object>
	<object>
		<name>scale</name>
		<pose>Unspecified</pose>
		<truncated>0</truncated>
		<difficult>0</difficult>
		<robndbox>
			<cx>444.0888</cx>
			<cy>395.4275</cy>
			<w>27.2268</w>
			<h>26.5504</h>
			<angle>3.732133</angle>
		</robndbox>
		<extra/>
	</object>
	<object>
		<name>scale</name>
		<pose>Unspecified</pose>
		<truncated>0</truncated>
		<difficult>0</difficult>
		<robndbox>
			<cx>431.0888</cx>
			<cy>412.4275</cy>
			<w>27.2268</w>
			<h>26.5504</h>
			<angle>3.832464</angle>
		</robndbox>
		<extra/>
	</object>
	<object>
		<name>4</name>
		<pose>Unspecified</pose>
		<truncated>0</truncated>
		<difficult>0</difficult>
		<robndbox>
			<cx>293.5</cx>
			<cy>161.5</cy>
			<w>29.0</w>
			<h>25.0</h>
			<angle>0.0</angle>
		</robndbox>
		<extra/>
	</object>
	<object>
		<name>5</name>
		<pose>Unspecified</pose>
		<truncated>0</truncated>
		<difficult>0</difficult>
		<robndbox>
			<cx>366.5</cx>
			<cy>185.5</cy>
			<w>29.0</w>
			<h>25.0</h>
			<angle>0.0</angle>
		</robndbox>
		<extra/>
	</object>
	<object>
		<name>6</name>
		<pose>Unspecified</pose>
		<truncated>0</truncated>
		<difficult>0</difficult>
		<robndbox>
			<cx>417.5</cx>
			<cy>244.5</cy>
			<w>29.0</w>
			<h>25.0</h>
			<angle>0.0</angle>
		</robndbox>
		<extra/>
	</object>
	<object>
		<name>7</name>
		<pose>Unspecified</pose>
		<truncated>0</truncated>
		<difficult>0</difficult>
		<robndbox>
			<cx>429.5</cx>
			<cy>321.5</cy>
			<w>29.0</w>
			<h>25.0</h>
			<angle>0.0</angle>
		</robndbox>
		<extra/>
	</object>
	<object>
		<name>8</name>
		<pose>Unspecified</pose>
		<truncated>0</truncated>
		<difficult>0</difficult>
		<robndbox>
			<cx>392.5</cx>
			<cy>389.5</cy>
			<w>29.0</w>
			<h>25.0</h>
			<angle>0.0</angle>
		</robndbox>
		<extra/>
	</object>
	<object>
		<name>0</name>
		<pose>Unspecified</pose>
		<truncated>0</truncated>
		<difficult>0</difficult>
		<robndbox>
			<cx>204.5</cx>
			<cy>393.5</cy>
			<w>29.0</w>
			<h>25.0</h>
			<angle>0.0</angle>
		</robndbox>
		<extra/>
	</object>
	<object>
		<name>1</name>
		<pose>Unspecified</pose>
		<truncated>0</truncated>
		<difficult>0</difficult>
		<robndbox>
			<cx>161.0</cx>
			<cy>328.5</cy>
			<w>24.0</w>
			<h>25.0</h>
			<angle>0.0</angle>
		</robndbox>
		<extra/>
	</object>
	<object>
		<name>2</name>
		<pose>Unspecified</pose>
		<truncated>0</truncated>
		<difficult>0</difficult>
		<robndbox>
			<cx>172.5</cx>
			<cy>250.5</cy>
			<w>29.0</w>
			<h>25.0</h>
			<angle>0.0</angle>
		</robndbox>
		<extra/>
	</object>
	<object>
		<name>3</name>
		<pose>Unspecified</pose>
		<truncated>0</truncated>
		<difficult>0</difficult>
		<robndbox>
			<cx>219.5</cx>
			<cy>189.5</cy>
			<w>29.0</w>
			<h>25.0</h>
			<angle>0.0</angle>
		</robndbox>
		<extra/>
	</object>
	<object>
		<name>needle</name>
		<pose>Unspecified</pose>
		<truncated>0</truncated>
		<difficult>0</difficult>
		<robndbox>
			<cx>240.8449</cx>
			<cy>297.0468</cy>
			<w>23.9638</w>
			<h>221.739</h>
			<angle>4.685108</angle>
		</robndbox>
		<extra/>
	</object>
</annotation>
