<annotation>
	<folder>images</folder>
	<filename>4c5ec2dc-1de3-4665-9eab-5f2253741f30.jpg</filename>
	<path>C:\Users\yaman\Documents\images\4c5ec2dc-1de3-4665-9eab-5f2253741f30.jpg</path>
	<source>
		<database>Unknown</database>
	</source>
	<size>
		<width>1280</width>
		<height>1040</height>
		<depth>3</depth>
	</size>
	<segmented>0</segmented>
	<object>
		<name>scale</name>
		<pose>Unspecified</pose>
		<truncated>0</truncated>
		<difficult>0</difficult>
		<robndbox>
			<cx>444.1147</cx>
			<cy>411.3581</cy>
			<w>47.6214</w>
			<h>26.6671</h>
			<angle>0.832694</angle>
		</robndbox>
		<extra/>
	</object>
	<object>
		<name>scale</name>
		<pose>Unspecified</pose>
		<truncated>0</truncated>
		<difficult>0</difficult>
		<robndbox>
			<cx>532.5349</cx>
			<cy>375.8732</cy>
			<w>47.7701</w>
			<h>24.8049</h>
			<angle>1.146329</angle>
		</robndbox>
		<extra/>
	</object>
	<object>
		<name>scale</name>
		<pose>Unspecified</pose>
		<truncated>0</truncated>
		<difficult>0</difficult>
		<robndbox>
			<cx>567.957</cx>
			<cy>366.6827</cy>
			<w>48.942</w>
			<h>23.4062</h>
			<angle>1.238639</angle>
		</robndbox>
		<extra/>
	</object>
	<object>
		<name>scale</name>
		<pose>Unspecified</pose>
		<truncated>0</truncated>
		<difficult>0</difficult>
		<robndbox>
			<cx>585.0569</cx>
			<cy>363.1862</cy>
			<w>47.918</w>
			<h>23.3337</h>
			<angle>1.304213</angle>
		</robndbox>
		<extra/>
	</object>
	<object>
		<name>scale</name>
		<pose>Unspecified</pose>
		<truncated>0</truncated>
		<difficult>0</difficult>
		<robndbox>
			<cx>549.957</cx>
			<cy>370.6827</cy>
			<w>48.942</w>
			<h>23.4062</h>
			<angle>1.201851</angle>
		</robndbox>
		<extra/>
	</object>
	<object>
		<name>scale</name>
		<pose>Unspecified</pose>
		<truncated>0</truncated>
		<difficult>0</difficult>
		<robndbox>
			<cx>514.1036</cx>
			<cy>379.7368</cy>
			<w>47.4042</w>
			<h>24.5463</h>
			<angle>1.096947</angle>
		</robndbox>
		<extra/>
	</object>
	<object>
		<name>scale</name>
		<pose>Unspecified</pose>
		<truncated>0</truncated>
		<difficult>0</difficult>
		<robndbox>
			<cx>496.4443</cx>
			<cy>385.5859</cy>
			<w>49.6517</w>
			<h>24.1711</h>
			<angle>1.009589</angle>
		</robndbox>
		<extra/>
	</object>
	<object>
		<name>scale</name>
		<pose>Unspecified</pose>
		<truncated>0</truncated>
		<difficult>0</difficult>
		<robndbox>
			<cx>478.4443</cx>
			<cy>392.5859</cy>
			<w>49.6517</w>
			<h>24.1711</h>
			<angle>0.94038</angle>
		</robndbox>
		<extra/>
	</object>
	<object>
		<name>scale</name>
		<pose>Unspecified</pose>
		<truncated>0</truncated>
		<difficult>0</difficult>
		<robndbox>
			<cx>460.2371</cx>
			<cy>400.4006</cy>
			<w>50.3558</w>
			<h>25.6394</h>
			<angle>0.894004</angle>
		</robndbox>
		<extra/>
	</object>
	<object>
		<name>scale</name>
		<pose>Unspecified</pose>
		<truncated>0</truncated>
		<difficult>0</difficult>
		<robndbox>
			<cx>601.8848</cx>
			<cy>360.4193</cy>
			<w>47.5176</w>
			<h>23.0032</h>
			<angle>1.392879</angle>
		</robndbox>
		<extra/>
	</object>
	<object>
		<name>scale</name>
		<pose>Unspecified</pose>
		<truncated>0</truncated>
		<difficult>0</difficult>
		<robndbox>
			<cx>619.1791</cx>
			<cy>359.0266</cy>
			<w>46.2265</w>
			<h>23.6223</h>
			<angle>1.486406</angle>
		</robndbox>
		<extra/>
	</object>
	<object>
		<name>scale</name>
		<pose>Unspecified</pose>
		<truncated>0</truncated>
		<difficult>0</difficult>
		<robndbox>
			<cx>637.1791</cx>
			<cy>358.0266</cy>
			<w>46.2265</w>
			<h>23.6223</h>
			<angle>1.515464</angle>
		</robndbox>
		<extra/>
	</object>
	<object>
		<name>scale</name>
		<pose>Unspecified</pose>
		<truncated>0</truncated>
		<difficult>0</difficult>
		<robndbox>
			<cx>655.1791</cx>
			<cy>358.0266</cy>
			<w>46.2265</w>
			<h>23.6223</h>
			<angle>1.551257</angle>
		</robndbox>
		<extra/>
	</object>
	<object>
		<name>scale</name>
		<pose>Unspecified</pose>
		<truncated>0</truncated>
		<difficult>0</difficult>
		<robndbox>
			<cx>672.3586</cx>
			<cy>357.8691</cy>
			<w>45.9062</w>
			<h>23.9764</h>
			<angle>1.585846</angle>
		</robndbox>
		<extra/>
	</object>
	<object>
		<name>scale</name>
		<pose>Unspecified</pose>
		<truncated>0</truncated>
		<difficult>0</difficult>
		<robndbox>
			<cx>690.3586</cx>
			<cy>358.8691</cy>
			<w>45.9062</w>
			<h>23.9764</h>
			<angle>1.686314</angle>
		</robndbox>
		<extra/>
	</object>
	<object>
		<name>scale</name>
		<pose>Unspecified</pose>
		<truncated>0</truncated>
		<difficult>0</difficult>
		<robndbox>
			<cx>707.3586</cx>
			<cy>360.8691</cy>
			<w>45.9062</w>
			<h>23.9764</h>
			<angle>1.717982</angle>
		</robndbox>
		<extra/>
	</object>
	<object>
		<name>scale</name>
		<pose>Unspecified</pose>
		<truncated>0</truncated>
		<difficult>0</difficult>
		<robndbox>
			<cx>725.3586</cx>
			<cy>363.8691</cy>
			<w>45.9062</w>
			<h>23.9764</h>
			<angle>1.771858</angle>
		</robndbox>
		<extra/>
	</object>
	<object>
		<name>scale</name>
		<pose>Unspecified</pose>
		<truncated>0</truncated>
		<difficult>0</difficult>
		<robndbox>
			<cx>742.3586</cx>
			<cy>366.8691</cy>
			<w>45.9062</w>
			<h>23.9764</h>
			<angle>1.854275</angle>
		</robndbox>
		<extra/>
	</object>
	<object>
		<name>scale</name>
		<pose>Unspecified</pose>
		<truncated>0</truncated>
		<difficult>0</difficult>
		<robndbox>
			<cx>760.5207</cx>
			<cy>370.6857</cy>
			<w>44.8478</w>
			<h>25.9235</h>
			<angle>1.863957</angle>
		</robndbox>
		<extra/>
	</object>
	<object>
		<name>scale</name>
		<pose>Unspecified</pose>
		<truncated>0</truncated>
		<difficult>0</difficult>
		<robndbox>
			<cx>777.5207</cx>
			<cy>375.6857</cy>
			<w>44.8478</w>
			<h>25.9235</h>
			<angle>1.921321</angle>
		</robndbox>
		<extra/>
	</object>
	<object>
		<name>scale</name>
		<pose>Unspecified</pose>
		<truncated>0</truncated>
		<difficult>0</difficult>
		<robndbox>
			<cx>796.1232</cx>
			<cy>379.1385</cy>
			<w>48.6464</w>
			<h>27.1782</h>
			<angle>2.084706</angle>
		</robndbox>
		<extra/>
	</object>
	<object>
		<name>scale</name>
		<pose>Unspecified</pose>
		<truncated>0</truncated>
		<difficult>0</difficult>
		<robndbox>
			<cx>813.2894</cx>
			<cy>386.5181</cy>
			<w>50.6438</w>
			<h>26.4582</h>
			<angle>2.112142</angle>
		</robndbox>
		<extra/>
	</object>
	<object>
		<name>scale</name>
		<pose>Unspecified</pose>
		<truncated>0</truncated>
		<difficult>0</difficult>
		<robndbox>
			<cx>831.2837</cx>
			<cy>392.6524</cy>
			<w>49.9218</w>
			<h>27.6641</h>
			<angle>2.192142</angle>
		</robndbox>
		<extra/>
	</object>
	<object>
		<name>scale</name>
		<pose>Unspecified</pose>
		<truncated>0</truncated>
		<difficult>0</difficult>
		<robndbox>
			<cx>848.6181</cx>
			<cy>401.7452</cy>
			<w>52.6305</w>
			<h>25.5155</h>
			<angle>2.207298</angle>
		</robndbox>
		<extra/>
	</object>
	<object>
		<name>scale</name>
		<pose>Unspecified</pose>
		<truncated>0</truncated>
		<difficult>0</difficult>
		<robndbox>
			<cx>866.3014</cx>
			<cy>410.9977</cy>
			<w>47.9221</w>
			<h>26.9567</h>
			<angle>2.283839</angle>
		</robndbox>
		<extra/>
	</object>
	<object>
		<name>3</name>
		<pose>Unspecified</pose>
		<truncated>0</truncated>
		<difficult>0</difficult>
		<robndbox>
			<cx>697.0</cx>
			<cy>297.5</cy>
			<w>22.0</w>
			<h>31.0</h>
			<angle>0.0</angle>
		</robndbox>
		<extra/>
	</object>
	<object>
		<name>2</name>
		<pose>Unspecified</pose>
		<truncated>0</truncated>
		<difficult>0</difficult>
		<robndbox>
			<cx>593.5</cx>
			<cy>297.0</cy>
			<w>23.0</w>
			<h>32.0</h>
			<angle>0.0</angle>
		</robndbox>
		<extra/>
	</object>
	<object>
		<name>0</name>
		<pose>Unspecified</pose>
		<truncated>0</truncated>
		<difficult>0</difficult>
		<robndbox>
			<cx>820.5</cx>
			<cy>318.0</cy>
			<w>23.0</w>
			<h>32.0</h>
			<angle>0.0</angle>
		</robndbox>
		<extra/>
	</object>
	<object>
		<name>0</name>
		<pose>Unspecified</pose>
		<truncated>0</truncated>
		<difficult>0</difficult>
		<robndbox>
			<cx>616.5</cx>
			<cy>297.0</cy>
			<w>23.0</w>
			<h>32.0</h>
			<angle>0.0</angle>
		</robndbox>
		<extra/>
	</object>
	<object>
		<name>0</name>
		<pose>Unspecified</pose>
		<truncated>0</truncated>
		<difficult>0</difficult>
		<robndbox>
			<cx>508.5</cx>
			<cy>318.5</cy>
			<w>23.0</w>
			<h>31.0</h>
			<angle>0.0</angle>
		</robndbox>
		<extra/>
	</object>
	<object>
		<name>0</name>
		<pose>Unspecified</pose>
		<truncated>0</truncated>
		<difficult>0</difficult>
		<robndbox>
			<cx>719.5</cx>
			<cy>297.5</cy>
			<w>23.0</w>
			<h>31.0</h>
			<angle>0.0</angle>
		</robndbox>
		<extra/>
	</object>
	<object>
		<name>1</name>
		<pose>Unspecified</pose>
		<truncated>0</truncated>
		<difficult>0</difficult>
		<robndbox>
			<cx>485.0</cx>
			<cy>318.5</cy>
			<w>20.0</w>
			<h>31.0</h>
			<angle>0.0</angle>
		</robndbox>
		<extra/>
	</object>
	<object>
		<name>4</name>
		<pose>Unspecified</pose>
		<truncated>0</truncated>
		<difficult>0</difficult>
		<robndbox>
			<cx>797.5</cx>
			<cy>318.0</cy>
			<w>23.0</w>
			<h>32.0</h>
			<angle>0.0</angle>
		</robndbox>
		<extra/>
	</object>
	<object>
		<name>5</name>
		<pose>Unspecified</pose>
		<truncated>0</truncated>
		<difficult>0</difficult>
		<robndbox>
			<cx>889.5</cx>
			<cy>363.0</cy>
			<w>23.0</w>
			<h>32.0</h>
			<angle>0.0</angle>
		</robndbox>
		<extra/>
	</object>
	<object>
		<name>0</name>
		<pose>Unspecified</pose>
		<truncated>0</truncated>
		<difficult>0</difficult>
		<robndbox>
			<cx>912.0</cx>
			<cy>363.0</cy>
			<w>24.0</w>
			<h>32.0</h>
			<angle>0.0</angle>
		</robndbox>
		<extra/>
	</object>
	<object>
		<name>0</name>
		<pose>Unspecified</pose>
		<truncated>0</truncated>
		<difficult>0</difficult>
		<robndbox>
			<cx>398.5</cx>
			<cy>363.5</cy>
			<w>23.0</w>
			<h>31.0</h>
			<angle>0.0</angle>
		</robndbox>
		<extra/>
	</object>
	<object>
		<name>needle</name>
		<pose>Unspecified</pose>
		<truncated>0</truncated>
		<difficult>0</difficult>
		<robndbox>
			<cx>503.4018</cx>
			<cy>484.2191</cy>
			<w>11.3136</w>
			<h>229.6986</h>
			<angle>5.492754</angle>
		</robndbox>
		<extra/>
	</object>
</annotation>
