<annotation>
	<folder>drive-download-20220120T141758Z-001</folder>
	<filename>4c827b2c-e7a9-4d24-a319-c0973f740203.jpg</filename>
	<path>C:\Users\yaman\Documents\drive-download-20220120T141758Z-001\4c827b2c-e7a9-4d24-a319-c0973f740203.jpg</path>
	<source>
		<database>Unknown</database>
	</source>
	<size>
		<width>1620</width>
		<height>1080</height>
		<depth>3</depth>
	</size>
	<segmented>0</segmented>
	<object>
		<name>scale</name>
		<pose>Unspecified</pose>
		<truncated>0</truncated>
		<difficult>0</difficult>
		<robndbox>
			<cx>578.8977</cx>
			<cy>448.6823</cy>
			<w>17.99</w>
			<h>13.9134</h>
			<angle>0.815399</angle>
		</robndbox>
		<extra/>
	</object>
	<object>
		<name>scale</name>
		<pose>Unspecified</pose>
		<truncated>0</truncated>
		<difficult>0</difficult>
		<robndbox>
			<cx>586.8977</cx>
			<cy>441.6823</cy>
			<w>17.99</w>
			<h>13.9134</h>
			<angle>0.815399</angle>
		</robndbox>
		<extra/>
	</object>
	<object>
		<name>scale</name>
		<pose>Unspecified</pose>
		<truncated>0</truncated>
		<difficult>0</difficult>
		<robndbox>
			<cx>593.8977</cx>
			<cy>435.6823</cy>
			<w>17.99</w>
			<h>13.9134</h>
			<angle>0.90345</angle>
		</robndbox>
		<extra/>
	</object>
	<object>
		<name>scale</name>
		<pose>Unspecified</pose>
		<truncated>0</truncated>
		<difficult>0</difficult>
		<robndbox>
			<cx>602.8977</cx>
			<cy>428.6823</cy>
			<w>17.99</w>
			<h>13.9134</h>
			<angle>0.904184</angle>
		</robndbox>
		<extra/>
	</object>
	<object>
		<name>scale</name>
		<pose>Unspecified</pose>
		<truncated>0</truncated>
		<difficult>0</difficult>
		<robndbox>
			<cx>610.8977</cx>
			<cy>422.6823</cy>
			<w>17.99</w>
			<h>13.9134</h>
			<angle>0.90345</angle>
		</robndbox>
		<extra/>
	</object>
	<object>
		<name>scale</name>
		<pose>Unspecified</pose>
		<truncated>0</truncated>
		<difficult>0</difficult>
		<robndbox>
			<cx>618.8977</cx>
			<cy>416.6823</cy>
			<w>17.99</w>
			<h>13.9134</h>
			<angle>0.991641</angle>
		</robndbox>
		<extra/>
	</object>
	<object>
		<name>scale</name>
		<pose>Unspecified</pose>
		<truncated>0</truncated>
		<difficult>0</difficult>
		<robndbox>
			<cx>627.8977</cx>
			<cy>410.6823</cy>
			<w>17.99</w>
			<h>13.9134</h>
			<angle>0.991641</angle>
		</robndbox>
		<extra/>
	</object>
	<object>
		<name>scale</name>
		<pose>Unspecified</pose>
		<truncated>0</truncated>
		<difficult>0</difficult>
		<robndbox>
			<cx>636.8977</cx>
			<cy>405.6823</cy>
			<w>17.99</w>
			<h>13.9134</h>
			<angle>0.991641</angle>
		</robndbox>
		<extra/>
	</object>
	<object>
		<name>scale</name>
		<pose>Unspecified</pose>
		<truncated>0</truncated>
		<difficult>0</difficult>
		<robndbox>
			<cx>645.8977</cx>
			<cy>399.6823</cy>
			<w>17.99</w>
			<h>13.9134</h>
			<angle>1.06535</angle>
		</robndbox>
		<extra/>
	</object>
	<object>
		<name>scale</name>
		<pose>Unspecified</pose>
		<truncated>0</truncated>
		<difficult>0</difficult>
		<robndbox>
			<cx>654.8977</cx>
			<cy>394.6823</cy>
			<w>17.99</w>
			<h>13.9134</h>
			<angle>1.126732</angle>
		</robndbox>
		<extra/>
	</object>
	<object>
		<name>scale</name>
		<pose>Unspecified</pose>
		<truncated>0</truncated>
		<difficult>0</difficult>
		<robndbox>
			<cx>664.8977</cx>
			<cy>390.6823</cy>
			<w>17.99</w>
			<h>13.9134</h>
			<angle>1.163137</angle>
		</robndbox>
		<extra/>
	</object>
	<object>
		<name>scale</name>
		<pose>Unspecified</pose>
		<truncated>0</truncated>
		<difficult>0</difficult>
		<robndbox>
			<cx>674.8977</cx>
			<cy>386.6823</cy>
			<w>17.99</w>
			<h>13.9134</h>
			<angle>1.163137</angle>
		</robndbox>
		<extra/>
	</object>
	<object>
		<name>scale</name>
		<pose>Unspecified</pose>
		<truncated>0</truncated>
		<difficult>0</difficult>
		<robndbox>
			<cx>684.8977</cx>
			<cy>382.6823</cy>
			<w>17.99</w>
			<h>13.9134</h>
			<angle>1.163137</angle>
		</robndbox>
		<extra/>
	</object>
	<object>
		<name>scale</name>
		<pose>Unspecified</pose>
		<truncated>0</truncated>
		<difficult>0</difficult>
		<robndbox>
			<cx>693.8977</cx>
			<cy>378.6823</cy>
			<w>17.99</w>
			<h>13.9134</h>
			<angle>1.244157</angle>
		</robndbox>
		<extra/>
	</object>
	<object>
		<name>scale</name>
		<pose>Unspecified</pose>
		<truncated>0</truncated>
		<difficult>0</difficult>
		<robndbox>
			<cx>703.8977</cx>
			<cy>375.6823</cy>
			<w>17.99</w>
			<h>13.9134</h>
			<angle>1.244157</angle>
		</robndbox>
		<extra/>
	</object>
	<object>
		<name>scale</name>
		<pose>Unspecified</pose>
		<truncated>0</truncated>
		<difficult>0</difficult>
		<robndbox>
			<cx>713.8977</cx>
			<cy>371.6823</cy>
			<w>17.99</w>
			<h>13.9134</h>
			<angle>1.320903</angle>
		</robndbox>
		<extra/>
	</object>
	<object>
		<name>scale</name>
		<pose>Unspecified</pose>
		<truncated>0</truncated>
		<difficult>0</difficult>
		<robndbox>
			<cx>723.8977</cx>
			<cy>369.6823</cy>
			<w>17.99</w>
			<h>13.9134</h>
			<angle>1.290937</angle>
		</robndbox>
		<extra/>
	</object>
	<object>
		<name>scale</name>
		<pose>Unspecified</pose>
		<truncated>0</truncated>
		<difficult>0</difficult>
		<robndbox>
			<cx>733.8977</cx>
			<cy>366.6823</cy>
			<w>17.99</w>
			<h>13.9134</h>
			<angle>1.320903</angle>
		</robndbox>
		<extra/>
	</object>
	<object>
		<name>scale</name>
		<pose>Unspecified</pose>
		<truncated>0</truncated>
		<difficult>0</difficult>
		<robndbox>
			<cx>743.8977</cx>
			<cy>364.6823</cy>
			<w>17.99</w>
			<h>13.9134</h>
			<angle>1.392877</angle>
		</robndbox>
		<extra/>
	</object>
	<object>
		<name>scale</name>
		<pose>Unspecified</pose>
		<truncated>0</truncated>
		<difficult>0</difficult>
		<robndbox>
			<cx>754.3808</cx>
			<cy>362.8691</cy>
			<w>18.4938</w>
			<h>14.8185</h>
			<angle>1.4158</angle>
		</robndbox>
		<extra/>
	</object>
	<object>
		<name>scale</name>
		<pose>Unspecified</pose>
		<truncated>0</truncated>
		<difficult>0</difficult>
		<robndbox>
			<cx>765.3808</cx>
			<cy>360.8691</cy>
			<w>18.4938</w>
			<h>14.8185</h>
			<angle>1.45735</angle>
		</robndbox>
		<extra/>
	</object>
	<object>
		<name>scale</name>
		<pose>Unspecified</pose>
		<truncated>0</truncated>
		<difficult>0</difficult>
		<robndbox>
			<cx>775.3808</cx>
			<cy>359.8691</cy>
			<w>18.4938</w>
			<h>14.8185</h>
			<angle>1.540655</angle>
		</robndbox>
		<extra/>
	</object>
	<object>
		<name>scale</name>
		<pose>Unspecified</pose>
		<truncated>0</truncated>
		<difficult>0</difficult>
		<robndbox>
			<cx>786.3808</cx>
			<cy>358.8691</cy>
			<w>18.4938</w>
			<h>14.8185</h>
			<angle>1.540655</angle>
		</robndbox>
		<extra/>
	</object>
	<object>
		<name>scale</name>
		<pose>Unspecified</pose>
		<truncated>0</truncated>
		<difficult>0</difficult>
		<robndbox>
			<cx>796.3808</cx>
			<cy>358.8691</cy>
			<w>18.4938</w>
			<h>14.8185</h>
			<angle>1.540655</angle>
		</robndbox>
		<extra/>
	</object>
	<object>
		<name>scale</name>
		<pose>Unspecified</pose>
		<truncated>0</truncated>
		<difficult>0</difficult>
		<robndbox>
			<cx>807.3808</cx>
			<cy>357.8691</cy>
			<w>18.4938</w>
			<h>14.8185</h>
			<angle>1.540655</angle>
		</robndbox>
		<extra/>
	</object>
	<object>
		<name>scale</name>
		<pose>Unspecified</pose>
		<truncated>0</truncated>
		<difficult>0</difficult>
		<robndbox>
			<cx>817.3808</cx>
			<cy>357.8691</cy>
			<w>18.4938</w>
			<h>14.8185</h>
			<angle>1.575081</angle>
		</robndbox>
		<extra/>
	</object>
	<object>
		<name>scale</name>
		<pose>Unspecified</pose>
		<truncated>0</truncated>
		<difficult>0</difficult>
		<robndbox>
			<cx>828.3808</cx>
			<cy>358.8691</cy>
			<w>18.4938</w>
			<h>14.8185</h>
			<angle>1.63787</angle>
		</robndbox>
		<extra/>
	</object>
	<object>
		<name>scale</name>
		<pose>Unspecified</pose>
		<truncated>0</truncated>
		<difficult>0</difficult>
		<robndbox>
			<cx>839.3808</cx>
			<cy>359.8691</cy>
			<w>18.4938</w>
			<h>14.8185</h>
			<angle>1.63787</angle>
		</robndbox>
		<extra/>
	</object>
	<object>
		<name>scale</name>
		<pose>Unspecified</pose>
		<truncated>0</truncated>
		<difficult>0</difficult>
		<robndbox>
			<cx>849.3808</cx>
			<cy>360.8691</cy>
			<w>18.4938</w>
			<h>14.8185</h>
			<angle>1.695812</angle>
		</robndbox>
		<extra/>
	</object>
	<object>
		<name>scale</name>
		<pose>Unspecified</pose>
		<truncated>0</truncated>
		<difficult>0</difficult>
		<robndbox>
			<cx>859.8793</cx>
			<cy>362.2193</cy>
			<w>19.0033</w>
			<h>15.9254</h>
			<angle>1.724538</angle>
		</robndbox>
		<extra/>
	</object>
	<object>
		<name>scale</name>
		<pose>Unspecified</pose>
		<truncated>0</truncated>
		<difficult>0</difficult>
		<robndbox>
			<cx>869.8793</cx>
			<cy>363.2193</cy>
			<w>19.0033</w>
			<h>15.9254</h>
			<angle>1.724538</angle>
		</robndbox>
		<extra/>
	</object>
	<object>
		<name>scale</name>
		<pose>Unspecified</pose>
		<truncated>0</truncated>
		<difficult>0</difficult>
		<robndbox>
			<cx>880.5152</cx>
			<cy>365.1444</cy>
			<w>19.0057</w>
			<h>15.1819</h>
			<angle>1.77697</angle>
		</robndbox>
		<extra/>
	</object>
	<object>
		<name>scale</name>
		<pose>Unspecified</pose>
		<truncated>0</truncated>
		<difficult>0</difficult>
		<robndbox>
			<cx>890.5152</cx>
			<cy>367.1444</cy>
			<w>19.0057</w>
			<h>15.1819</h>
			<angle>1.825954</angle>
		</robndbox>
		<extra/>
	</object>
	<object>
		<name>scale</name>
		<pose>Unspecified</pose>
		<truncated>0</truncated>
		<difficult>0</difficult>
		<robndbox>
			<cx>901.5152</cx>
			<cy>370.1444</cy>
			<w>19.0057</w>
			<h>15.1819</h>
			<angle>1.825954</angle>
		</robndbox>
		<extra/>
	</object>
	<object>
		<name>scale</name>
		<pose>Unspecified</pose>
		<truncated>0</truncated>
		<difficult>0</difficult>
		<robndbox>
			<cx>911.5152</cx>
			<cy>373.1444</cy>
			<w>19.0057</w>
			<h>15.1819</h>
			<angle>1.889819</angle>
		</robndbox>
		<extra/>
	</object>
	<object>
		<name>scale</name>
		<pose>Unspecified</pose>
		<truncated>0</truncated>
		<difficult>0</difficult>
		<robndbox>
			<cx>920.5152</cx>
			<cy>376.1444</cy>
			<w>19.0057</w>
			<h>15.1819</h>
			<angle>1.889819</angle>
		</robndbox>
		<extra/>
	</object>
	<object>
		<name>scale</name>
		<pose>Unspecified</pose>
		<truncated>0</truncated>
		<difficult>0</difficult>
		<robndbox>
			<cx>930.5152</cx>
			<cy>379.1444</cy>
			<w>19.0057</w>
			<h>15.1819</h>
			<angle>1.959476</angle>
		</robndbox>
		<extra/>
	</object>
	<object>
		<name>scale</name>
		<pose>Unspecified</pose>
		<truncated>0</truncated>
		<difficult>0</difficult>
		<robndbox>
			<cx>940.5152</cx>
			<cy>383.1444</cy>
			<w>19.0057</w>
			<h>15.1819</h>
			<angle>1.959476</angle>
		</robndbox>
		<extra/>
	</object>
	<object>
		<name>scale</name>
		<pose>Unspecified</pose>
		<truncated>0</truncated>
		<difficult>0</difficult>
		<robndbox>
			<cx>950.5152</cx>
			<cy>387.1444</cy>
			<w>19.0057</w>
			<h>15.1819</h>
			<angle>2.03498</angle>
		</robndbox>
		<extra/>
	</object>
	<object>
		<name>scale</name>
		<pose>Unspecified</pose>
		<truncated>0</truncated>
		<difficult>0</difficult>
		<robndbox>
			<cx>959.5152</cx>
			<cy>391.1444</cy>
			<w>19.0057</w>
			<h>15.1819</h>
			<angle>2.03498</angle>
		</robndbox>
		<extra/>
	</object>
	<object>
		<name>scale</name>
		<pose>Unspecified</pose>
		<truncated>0</truncated>
		<difficult>0</difficult>
		<robndbox>
			<cx>969.5152</cx>
			<cy>396.1444</cy>
			<w>19.0057</w>
			<h>15.1819</h>
			<angle>2.03498</angle>
		</robndbox>
		<extra/>
	</object>
	<object>
		<name>scale</name>
		<pose>Unspecified</pose>
		<truncated>0</truncated>
		<difficult>0</difficult>
		<robndbox>
			<cx>978.5152</cx>
			<cy>401.1444</cy>
			<w>19.0057</w>
			<h>15.1819</h>
			<angle>2.029956</angle>
		</robndbox>
		<extra/>
	</object>
	<object>
		<name>scale</name>
		<pose>Unspecified</pose>
		<truncated>0</truncated>
		<difficult>0</difficult>
		<robndbox>
			<cx>987.5152</cx>
			<cy>407.1444</cy>
			<w>19.0057</w>
			<h>15.1819</h>
			<angle>2.144484</angle>
		</robndbox>
		<extra/>
	</object>
	<object>
		<name>scale</name>
		<pose>Unspecified</pose>
		<truncated>0</truncated>
		<difficult>0</difficult>
		<robndbox>
			<cx>996.5152</cx>
			<cy>412.1444</cy>
			<w>19.0057</w>
			<h>15.1819</h>
			<angle>2.144484</angle>
		</robndbox>
		<extra/>
	</object>
	<object>
		<name>scale</name>
		<pose>Unspecified</pose>
		<truncated>0</truncated>
		<difficult>0</difficult>
		<robndbox>
			<cx>1005.5152</cx>
			<cy>418.1444</cy>
			<w>19.0057</w>
			<h>15.1819</h>
			<angle>2.168731</angle>
		</robndbox>
		<extra/>
	</object>
	<object>
		<name>scale</name>
		<pose>Unspecified</pose>
		<truncated>0</truncated>
		<difficult>0</difficult>
		<robndbox>
			<cx>1013.5152</cx>
			<cy>424.1444</cy>
			<w>19.0057</w>
			<h>15.1819</h>
			<angle>2.224497</angle>
		</robndbox>
		<extra/>
	</object>
	<object>
		<name>scale</name>
		<pose>Unspecified</pose>
		<truncated>0</truncated>
		<difficult>0</difficult>
		<robndbox>
			<cx>1021.5152</cx>
			<cy>430.1444</cy>
			<w>19.0057</w>
			<h>15.1819</h>
			<angle>2.224497</angle>
		</robndbox>
		<extra/>
	</object>
	<object>
		<name>scale</name>
		<pose>Unspecified</pose>
		<truncated>0</truncated>
		<difficult>0</difficult>
		<robndbox>
			<cx>1029.6601</cx>
			<cy>436.1085</cy>
			<w>18.7725</w>
			<h>14.9956</h>
			<angle>2.319267</angle>
		</robndbox>
		<extra/>
	</object>
	<object>
		<name>scale</name>
		<pose>Unspecified</pose>
		<truncated>0</truncated>
		<difficult>0</difficult>
		<robndbox>
			<cx>1038.6601</cx>
			<cy>443.1085</cy>
			<w>18.7725</w>
			<h>14.9956</h>
			<angle>2.243033</angle>
		</robndbox>
		<extra/>
	</object>
	<object>
		<name>scale</name>
		<pose>Unspecified</pose>
		<truncated>0</truncated>
		<difficult>0</difficult>
		<robndbox>
			<cx>1046.2019</cx>
			<cy>450.0591</cy>
			<w>17.9719</w>
			<h>15.7325</h>
			<angle>2.306757</angle>
		</robndbox>
		<extra/>
	</object>
	<object>
		<name>6</name>
		<pose>Unspecified</pose>
		<truncated>0</truncated>
		<difficult>0</difficult>
		<robndbox>
			<cx>870.0</cx>
			<cy>320.5</cy>
			<w>22.0</w>
			<h>35.0</h>
			<angle>0.0</angle>
		</robndbox>
		<extra/>
	</object>
	<object>
		<name>8</name>
		<pose>Unspecified</pose>
		<truncated>0</truncated>
		<difficult>0</difficult>
		<robndbox>
			<cx>984.0</cx>
			<cy>353.5</cy>
			<w>22.0</w>
			<h>35.0</h>
			<angle>0.0</angle>
		</robndbox>
		<extra/>
	</object>
	<object>
		<name>4</name>
		<pose>Unspecified</pose>
		<truncated>0</truncated>
		<difficult>0</difficult>
		<robndbox>
			<cx>731.0</cx>
			<cy>319.5</cy>
			<w>22.0</w>
			<h>35.0</h>
			<angle>0.0</angle>
		</robndbox>
		<extra/>
	</object>
	<object>
		<name>2</name>
		<pose>Unspecified</pose>
		<truncated>0</truncated>
		<difficult>0</difficult>
		<robndbox>
			<cx>620.5</cx>
			<cy>352.5</cy>
			<w>23.0</w>
			<h>35.0</h>
			<angle>0.0</angle>
		</robndbox>
		<extra/>
	</object>
	<object>
		<name>0</name>
		<pose>Unspecified</pose>
		<truncated>0</truncated>
		<difficult>0</difficult>
		<robndbox>
			<cx>643.5</cx>
			<cy>353.5</cy>
			<w>23.0</w>
			<h>35.0</h>
			<angle>0.0</angle>
		</robndbox>
		<extra/>
	</object>
	<object>
		<name>0</name>
		<pose>Unspecified</pose>
		<truncated>0</truncated>
		<difficult>0</difficult>
		<robndbox>
			<cx>754.5</cx>
			<cy>320.5</cy>
			<w>23.0</w>
			<h>35.0</h>
			<angle>0.0</angle>
		</robndbox>
		<extra/>
	</object>
	<object>
		<name>0</name>
		<pose>Unspecified</pose>
		<truncated>0</truncated>
		<difficult>0</difficult>
		<robndbox>
			<cx>893.5</cx>
			<cy>321.5</cy>
			<w>23.0</w>
			<h>35.0</h>
			<angle>0.0</angle>
		</robndbox>
		<extra/>
	</object>
	<object>
		<name>0</name>
		<pose>Unspecified</pose>
		<truncated>0</truncated>
		<difficult>0</difficult>
		<robndbox>
			<cx>1007.5</cx>
			<cy>354.5</cy>
			<w>23.0</w>
			<h>35.0</h>
			<angle>0.0</angle>
		</robndbox>
		<extra/>
	</object>
	<object>
		<name>0</name>
		<pose>Unspecified</pose>
		<truncated>0</truncated>
		<difficult>0</difficult>
		<robndbox>
			<cx>1023.5</cx>
			<cy>481.5</cy>
			<w>23.0</w>
			<h>35.0</h>
			<angle>0.0</angle>
		</robndbox>
		<extra/>
	</object>
	<object>
		<name>0</name>
		<pose>Unspecified</pose>
		<truncated>0</truncated>
		<difficult>0</difficult>
		<robndbox>
			<cx>1000.5</cx>
			<cy>481.5</cy>
			<w>23.0</w>
			<h>35.0</h>
			<angle>0.0</angle>
		</robndbox>
		<extra/>
	</object>
	<object>
		<name>0</name>
		<pose>Unspecified</pose>
		<truncated>0</truncated>
		<difficult>0</difficult>
		<robndbox>
			<cx>602.5</cx>
			<cy>480.5</cy>
			<w>23.0</w>
			<h>35.0</h>
			<angle>0.0</angle>
		</robndbox>
		<extra/>
	</object>
	<object>
		<name>1</name>
		<pose>Unspecified</pose>
		<truncated>0</truncated>
		<difficult>0</difficult>
		<robndbox>
			<cx>979.0</cx>
			<cy>481.5</cy>
			<w>20.0</w>
			<h>35.0</h>
			<angle>0.0</angle>
		</robndbox>
		<extra/>
	</object>
	<object>
		<name>needle</name>
		<pose>Unspecified</pose>
		<truncated>0</truncated>
		<difficult>0</difficult>
		<robndbox>
			<cx>641.6253</cx>
			<cy>523.538</cy>
			<w>8.4835</w>
			<h>214.6013</h>
			<angle>5.525947</angle>
		</robndbox>
		<extra/>
	</object>
	<object>
		<name>uA</name>
		<pose>Unspecified</pose>
		<truncated>0</truncated>
		<difficult>0</difficult>
		<robndbox>
			<cx>811.8611</cx>
			<cy>514.1389</cy>
			<w>89.0</w>
			<h>67.0</h>
			<angle>0.0</angle>
		</robndbox>
		<extra/>
	</object>
</annotation>
