<annotation>
	<folder>drive-download-20220120T141758Z-001</folder>
	<filename>4ceb629c-0f2c-4453-94cb-12f569fceed1.jpg</filename>
	<path>C:\Users\yaman\Downloads\drive-download-20220120T141758Z-001\4ceb629c-0f2c-4453-94cb-12f569fceed1.jpg</path>
	<source>
		<database>Unknown</database>
	</source>
	<size>
		<width>452</width>
		<height>452</height>
		<depth>3</depth>
	</size>
	<segmented>0</segmented>
	<object>
		<name>scale</name>
		<pose>Unspecified</pose>
		<truncated>0</truncated>
		<difficult>0</difficult>
		<robndbox>
			<cx>133.5565</cx>
			<cy>187.0535</cy>
			<w>5.966</w>
			<h>11.3094</h>
			<angle>5.481879</angle>
		</robndbox>
		<extra/>
	</object>
	<object>
		<name>scale</name>
		<pose>Unspecified</pose>
		<truncated>0</truncated>
		<difficult>0</difficult>
		<robndbox>
			<cx>136.5565</cx>
			<cy>184.0535</cy>
			<w>5.966</w>
			<h>11.3094</h>
			<angle>5.481879</angle>
		</robndbox>
		<extra/>
	</object>
	<object>
		<name>scale</name>
		<pose>Unspecified</pose>
		<truncated>0</truncated>
		<difficult>0</difficult>
		<robndbox>
			<cx>144.5352</cx>
			<cy>178.4883</cy>
			<w>6.6202</w>
			<h>11.8838</h>
			<angle>5.481879</angle>
		</robndbox>
		<extra/>
	</object>
	<object>
		<name>scale</name>
		<pose>Unspecified</pose>
		<truncated>0</truncated>
		<difficult>0</difficult>
		<robndbox>
			<cx>140.5352</cx>
			<cy>181.4883</cy>
			<w>6.6202</w>
			<h>11.8838</h>
			<angle>5.481879</angle>
		</robndbox>
		<extra/>
	</object>
	<object>
		<name>scale</name>
		<pose>Unspecified</pose>
		<truncated>0</truncated>
		<difficult>0</difficult>
		<robndbox>
			<cx>148.8466</cx>
			<cy>174.5408</cy>
			<w>7.7967</w>
			<h>13.4508</h>
			<angle>5.57068</angle>
		</robndbox>
		<extra/>
	</object>
	<object>
		<name>scale</name>
		<pose>Unspecified</pose>
		<truncated>0</truncated>
		<difficult>0</difficult>
		<robndbox>
			<cx>153.9742</cx>
			<cy>170.6209</cy>
			<w>10.0744</w>
			<h>12.153</h>
			<angle>5.710724</angle>
		</robndbox>
		<extra/>
	</object>
	<object>
		<name>scale</name>
		<pose>Unspecified</pose>
		<truncated>0</truncated>
		<difficult>0</difficult>
		<robndbox>
			<cx>160.9742</cx>
			<cy>166.6209</cy>
			<w>10.0744</w>
			<h>12.153</h>
			<angle>5.765195</angle>
		</robndbox>
		<extra/>
	</object>
	<object>
		<name>scale</name>
		<pose>Unspecified</pose>
		<truncated>0</truncated>
		<difficult>0</difficult>
		<robndbox>
			<cx>167.9742</cx>
			<cy>163.6209</cy>
			<w>10.0744</w>
			<h>12.153</h>
			<angle>5.878162</angle>
		</robndbox>
		<extra/>
	</object>
	<object>
		<name>scale</name>
		<pose>Unspecified</pose>
		<truncated>0</truncated>
		<difficult>0</difficult>
		<robndbox>
			<cx>175.6813</cx>
			<cy>159.7371</cy>
			<w>10.7046</w>
			<h>12.1474</h>
			<angle>5.914558</angle>
		</robndbox>
		<extra/>
	</object>
	<object>
		<name>scale</name>
		<pose>Unspecified</pose>
		<truncated>0</truncated>
		<difficult>0</difficult>
		<robndbox>
			<cx>183.817</cx>
			<cy>156.7523</cy>
			<w>11.6075</w>
			<h>12.6459</h>
			<angle>5.984091</angle>
		</robndbox>
		<extra/>
	</object>
	<object>
		<name>scale</name>
		<pose>Unspecified</pose>
		<truncated>0</truncated>
		<difficult>0</difficult>
		<robndbox>
			<cx>191.6728</cx>
			<cy>154.873</cy>
			<w>11.276</w>
			<h>12.8234</h>
			<angle>6.077777</angle>
		</robndbox>
		<extra/>
	</object>
	<object>
		<name>scale</name>
		<pose>Unspecified</pose>
		<truncated>0</truncated>
		<difficult>0</difficult>
		<robndbox>
			<cx>199.6728</cx>
			<cy>152.873</cy>
			<w>11.276</w>
			<h>12.8234</h>
			<angle>6.128734</angle>
		</robndbox>
		<extra/>
	</object>
	<object>
		<name>scale</name>
		<pose>Unspecified</pose>
		<truncated>0</truncated>
		<difficult>0</difficult>
		<robndbox>
			<cx>207.6728</cx>
			<cy>150.873</cy>
			<w>11.276</w>
			<h>12.8234</h>
			<angle>6.128734</angle>
		</robndbox>
		<extra/>
	</object>
	<object>
		<name>scale</name>
		<pose>Unspecified</pose>
		<truncated>0</truncated>
		<difficult>0</difficult>
		<robndbox>
			<cx>215.6728</cx>
			<cy>149.873</cy>
			<w>11.276</w>
			<h>12.8234</h>
			<angle>6.189745</angle>
		</robndbox>
		<extra/>
	</object>
	<object>
		<name>scale</name>
		<pose>Unspecified</pose>
		<truncated>0</truncated>
		<difficult>0</difficult>
		<robndbox>
			<cx>225.2434</cx>
			<cy>149.7519</cy>
			<w>12.4191</w>
			<h>12.5897</h>
			<angle>6.275687</angle>
		</robndbox>
		<extra/>
	</object>
	<object>
		<name>scale</name>
		<pose>Unspecified</pose>
		<truncated>0</truncated>
		<difficult>0</difficult>
		<robndbox>
			<cx>234.0615</cx>
			<cy>149.9629</cy>
			<w>12.0946</w>
			<h>13.0427</h>
			<angle>0.089744</angle>
		</robndbox>
		<extra/>
	</object>
	<object>
		<name>scale</name>
		<pose>Unspecified</pose>
		<truncated>0</truncated>
		<difficult>0</difficult>
		<robndbox>
			<cx>242.0615</cx>
			<cy>150.9629</cy>
			<w>12.0946</w>
			<h>13.0427</h>
			<angle>0.149338</angle>
		</robndbox>
		<extra/>
	</object>
	<object>
		<name>scale</name>
		<pose>Unspecified</pose>
		<truncated>0</truncated>
		<difficult>0</difficult>
		<robndbox>
			<cx>250.9816</cx>
			<cy>152.0162</cy>
			<w>12.2251</w>
			<h>13.1834</h>
			<angle>0.167599</angle>
		</robndbox>
		<extra/>
	</object>
	<object>
		<name>scale</name>
		<pose>Unspecified</pose>
		<truncated>0</truncated>
		<difficult>0</difficult>
		<robndbox>
			<cx>258.9816</cx>
			<cy>154.0162</cy>
			<w>12.2251</w>
			<h>13.1834</h>
			<angle>0.235457</angle>
		</robndbox>
		<extra/>
	</object>
	<object>
		<name>scale</name>
		<pose>Unspecified</pose>
		<truncated>0</truncated>
		<difficult>0</difficult>
		<robndbox>
			<cx>268.8013</cx>
			<cy>156.9821</cy>
			<w>13.5511</w>
			<h>12.5136</h>
			<angle>0.294841</angle>
		</robndbox>
		<extra/>
	</object>
	<object>
		<name>scale</name>
		<pose>Unspecified</pose>
		<truncated>0</truncated>
		<difficult>0</difficult>
		<robndbox>
			<cx>278.7715</cx>
			<cy>160.8989</cy>
			<w>15.2437</w>
			<h>13.4096</h>
			<angle>0.43187</angle>
		</robndbox>
		<extra/>
	</object>
	<object>
		<name>scale</name>
		<pose>Unspecified</pose>
		<truncated>0</truncated>
		<difficult>0</difficult>
		<robndbox>
			<cx>289.1857</cx>
			<cy>165.5712</cy>
			<w>13.9013</w>
			<h>13.4249</h>
			<angle>0.498624</angle>
		</robndbox>
		<extra/>
	</object>
	<object>
		<name>scale</name>
		<pose>Unspecified</pose>
		<truncated>0</truncated>
		<difficult>0</difficult>
		<robndbox>
			<cx>298.1857</cx>
			<cy>171.5712</cy>
			<w>13.9013</w>
			<h>13.4249</h>
			<angle>0.604931</angle>
		</robndbox>
		<extra/>
	</object>
	<object>
		<name>scale</name>
		<pose>Unspecified</pose>
		<truncated>0</truncated>
		<difficult>0</difficult>
		<robndbox>
			<cx>307.1857</cx>
			<cy>177.5712</cy>
			<w>13.9013</w>
			<h>13.4249</h>
			<angle>0.62151</angle>
		</robndbox>
		<extra/>
	</object>
	<object>
		<name>scale</name>
		<pose>Unspecified</pose>
		<truncated>0</truncated>
		<difficult>0</difficult>
		<robndbox>
			<cx>315.481</cx>
			<cy>184.9678</cy>
			<w>14.8699</w>
			<h>13.6241</h>
			<angle>0.727864</angle>
		</robndbox>
		<extra/>
	</object>
	<object>
		<name>3</name>
		<pose>Unspecified</pose>
		<truncated>0</truncated>
		<difficult>0</difficult>
		<robndbox>
			<cx>221.3779</cx>
			<cy>133.8667</cy>
			<w>8.2335</w>
			<h>11.9512</h>
			<angle>6.243732</angle>
		</robndbox>
		<extra/>
	</object>
	<object>
		<name>2</name>
		<pose>Unspecified</pose>
		<truncated>0</truncated>
		<difficult>0</difficult>
		<robndbox>
			<cx>174.3779</cx>
			<cy>141.8667</cy>
			<w>8.2335</w>
			<h>11.9512</h>
			<angle>6.020017</angle>
		</robndbox>
		<extra/>
	</object>
	<object>
		<name>1</name>
		<pose>Unspecified</pose>
		<truncated>0</truncated>
		<difficult>0</difficult>
		<robndbox>
			<cx>135.4965</cx>
			<cy>164.3322</cy>
			<w>5.8505</w>
			<h>12.6359</h>
			<angle>5.55768</angle>
		</robndbox>
		<extra/>
	</object>
	<object>
		<name>4</name>
		<pose>Unspecified</pose>
		<truncated>0</truncated>
		<difficult>0</difficult>
		<robndbox>
			<cx>270.3779</cx>
			<cy>138.8667</cy>
			<w>8.2335</w>
			<h>11.9512</h>
			<angle>0.531807</angle>
		</robndbox>
		<extra/>
	</object>
	<object>
		<name>5</name>
		<pose>Unspecified</pose>
		<truncated>0</truncated>
		<difficult>0</difficult>
		<robndbox>
			<cx>326.3779</cx>
			<cy>170.8667</cy>
			<w>8.2335</w>
			<h>11.9512</h>
			<angle>0.824656</angle>
		</robndbox>
		<extra/>
	</object>
	<object>
		<name>0</name>
		<pose>Unspecified</pose>
		<truncated>0</truncated>
		<difficult>0</difficult>
		<robndbox>
			<cx>331.3779</cx>
			<cy>176.8667</cy>
			<w>8.2335</w>
			<h>11.9512</h>
			<angle>0.824656</angle>
		</robndbox>
		<extra/>
	</object>
	<object>
		<name>0</name>
		<pose>Unspecified</pose>
		<truncated>0</truncated>
		<difficult>0</difficult>
		<robndbox>
			<cx>336.3779</cx>
			<cy>182.8667</cy>
			<w>8.2335</w>
			<h>11.9512</h>
			<angle>0.824656</angle>
		</robndbox>
		<extra/>
	</object>
	<object>
		<name>0</name>
		<pose>Unspecified</pose>
		<truncated>0</truncated>
		<difficult>0</difficult>
		<robndbox>
			<cx>277.3779</cx>
			<cy>142.8667</cy>
			<w>8.2335</w>
			<h>11.9512</h>
			<angle>0.426413</angle>
		</robndbox>
		<extra/>
	</object>
	<object>
		<name>0</name>
		<pose>Unspecified</pose>
		<truncated>0</truncated>
		<difficult>0</difficult>
		<robndbox>
			<cx>285.3779</cx>
			<cy>145.8667</cy>
			<w>8.2335</w>
			<h>11.9512</h>
			<angle>0.426413</angle>
		</robndbox>
		<extra/>
	</object>
	<object>
		<name>0</name>
		<pose>Unspecified</pose>
		<truncated>0</truncated>
		<difficult>0</difficult>
		<robndbox>
			<cx>229.3779</cx>
			<cy>133.8667</cy>
			<w>8.2335</w>
			<h>11.9512</h>
			<angle>0.022534</angle>
		</robndbox>
		<extra/>
	</object>
	<object>
		<name>0</name>
		<pose>Unspecified</pose>
		<truncated>0</truncated>
		<difficult>0</difficult>
		<robndbox>
			<cx>237.3779</cx>
			<cy>133.8667</cy>
			<w>8.2335</w>
			<h>11.9512</h>
			<angle>0.022534</angle>
		</robndbox>
		<extra/>
	</object>
	<object>
		<name>0</name>
		<pose>Unspecified</pose>
		<truncated>0</truncated>
		<difficult>0</difficult>
		<robndbox>
			<cx>182.3779</cx>
			<cy>139.8667</cy>
			<w>8.2335</w>
			<h>11.9512</h>
			<angle>6.063396</angle>
		</robndbox>
		<extra/>
	</object>
	<object>
		<name>0</name>
		<pose>Unspecified</pose>
		<truncated>0</truncated>
		<difficult>0</difficult>
		<robndbox>
			<cx>189.3779</cx>
			<cy>137.8667</cy>
			<w>8.2335</w>
			<h>11.9512</h>
			<angle>6.063396</angle>
		</robndbox>
		<extra/>
	</object>
	<object>
		<name>0</name>
		<pose>Unspecified</pose>
		<truncated>0</truncated>
		<difficult>0</difficult>
		<robndbox>
			<cx>147.3779</cx>
			<cy>155.8667</cy>
			<w>8.2335</w>
			<h>11.9512</h>
			<angle>5.660019</angle>
		</robndbox>
		<extra/>
	</object>
	<object>
		<name>0</name>
		<pose>Unspecified</pose>
		<truncated>0</truncated>
		<difficult>0</difficult>
		<robndbox>
			<cx>141.3779</cx>
			<cy>160.8667</cy>
			<w>8.2335</w>
			<h>11.9512</h>
			<angle>5.660019</angle>
		</robndbox>
		<extra/>
	</object>
	<object>
		<name>0</name>
		<pose>Unspecified</pose>
		<truncated>0</truncated>
		<difficult>0</difficult>
		<robndbox>
			<cx>119.0229</cx>
			<cy>177.9227</cy>
			<w>8.7823</w>
			<h>11.4871</h>
			<angle>5.424701</angle>
		</robndbox>
		<extra/>
	</object>
	<object>
		<name>mA</name>
		<pose>Unspecified</pose>
		<truncated>0</truncated>
		<difficult>0</difficult>
		<robndbox>
			<cx>226.0</cx>
			<cy>186.0</cy>
			<w>39.0</w>
			<h>26.0</h>
			<angle>0.0</angle>
		</robndbox>
		<extra/>
	</object>
	<object>
		<name>needle</name>
		<pose>Unspecified</pose>
		<truncated>0</truncated>
		<difficult>0</difficult>
		<robndbox>
			<cx>161.429</cx>
			<cy>213.8268</cy>
			<w>5.317</w>
			<h>93.9297</h>
			<angle>5.516973</angle>
		</robndbox>
		<extra/>
	</object>
</annotation>
