<annotation>
	<folder>drive-download-20220120T141758Z-001</folder>
	<filename>4d2afd28-f6ec-46a6-a4a2-6d5f82f3c513.jpg</filename>
	<path>C:\Users\yaman\Downloads\drive-download-20220120T141758Z-001\4d2afd28-f6ec-46a6-a4a2-6d5f82f3c513.jpg</path>
	<source>
		<database>Unknown</database>
	</source>
	<size>
		<width>1100</width>
		<height>1100</height>
		<depth>3</depth>
	</size>
	<segmented>0</segmented>
	<object>
		<name>scale</name>
		<pose>Unspecified</pose>
		<truncated>0</truncated>
		<difficult>0</difficult>
		<robndbox>
			<cx>286.1141</cx>
			<cy>464.9225</cy>
			<w>17.6889</w>
			<h>32.144</h>
			<angle>5.439607</angle>
		</robndbox>
		<extra/>
	</object>
	<object>
		<name>scale</name>
		<pose>Unspecified</pose>
		<truncated>0</truncated>
		<difficult>0</difficult>
		<robndbox>
			<cx>295.1141</cx>
			<cy>454.9225</cy>
			<w>17.6889</w>
			<h>32.144</h>
			<angle>5.516141</angle>
		</robndbox>
		<extra/>
	</object>
	<object>
		<name>scale</name>
		<pose>Unspecified</pose>
		<truncated>0</truncated>
		<difficult>0</difficult>
		<robndbox>
			<cx>304.1141</cx>
			<cy>445.9225</cy>
			<w>17.6889</w>
			<h>32.144</h>
			<angle>5.529391</angle>
		</robndbox>
		<extra/>
	</object>
	<object>
		<name>scale</name>
		<pose>Unspecified</pose>
		<truncated>0</truncated>
		<difficult>0</difficult>
		<robndbox>
			<cx>313.1141</cx>
			<cy>436.9225</cy>
			<w>17.6889</w>
			<h>32.144</h>
			<angle>5.568374</angle>
		</robndbox>
		<extra/>
	</object>
	<object>
		<name>scale</name>
		<pose>Unspecified</pose>
		<truncated>0</truncated>
		<difficult>0</difficult>
		<robndbox>
			<cx>324.1141</cx>
			<cy>427.9225</cy>
			<w>17.6889</w>
			<h>32.144</h>
			<angle>5.568374</angle>
		</robndbox>
		<extra/>
	</object>
	<object>
		<name>scale</name>
		<pose>Unspecified</pose>
		<truncated>0</truncated>
		<difficult>0</difficult>
		<robndbox>
			<cx>344.1141</cx>
			<cy>410.9225</cy>
			<w>17.6889</w>
			<h>32.144</h>
			<angle>5.681575</angle>
		</robndbox>
		<extra/>
	</object>
	<object>
		<name>scale</name>
		<pose>Unspecified</pose>
		<truncated>0</truncated>
		<difficult>0</difficult>
		<robndbox>
			<cx>334.1141</cx>
			<cy>418.9225</cy>
			<w>17.6889</w>
			<h>32.144</h>
			<angle>5.629975</angle>
		</robndbox>
		<extra/>
	</object>
	<object>
		<name>scale</name>
		<pose>Unspecified</pose>
		<truncated>0</truncated>
		<difficult>0</difficult>
		<robndbox>
			<cx>355.1141</cx>
			<cy>403.9225</cy>
			<w>17.6889</w>
			<h>32.144</h>
			<angle>5.681575</angle>
		</robndbox>
		<extra/>
	</object>
	<object>
		<name>scale</name>
		<pose>Unspecified</pose>
		<truncated>0</truncated>
		<difficult>0</difficult>
		<robndbox>
			<cx>366.1141</cx>
			<cy>395.9225</cy>
			<w>17.6889</w>
			<h>32.144</h>
			<angle>5.738103</angle>
		</robndbox>
		<extra/>
	</object>
	<object>
		<name>scale</name>
		<pose>Unspecified</pose>
		<truncated>0</truncated>
		<difficult>0</difficult>
		<robndbox>
			<cx>377.8379</cx>
			<cy>389.5067</cy>
			<w>17.5999</w>
			<h>31.1496</h>
			<angle>5.78609</angle>
		</robndbox>
		<extra/>
	</object>
	<object>
		<name>scale</name>
		<pose>Unspecified</pose>
		<truncated>0</truncated>
		<difficult>0</difficult>
		<robndbox>
			<cx>389.8379</cx>
			<cy>383.5067</cy>
			<w>17.5999</w>
			<h>31.1496</h>
			<angle>5.814165</angle>
		</robndbox>
		<extra/>
	</object>
	<object>
		<name>scale</name>
		<pose>Unspecified</pose>
		<truncated>0</truncated>
		<difficult>0</difficult>
		<robndbox>
			<cx>401.8379</cx>
			<cy>376.5067</cy>
			<w>17.5999</w>
			<h>31.1496</h>
			<angle>5.814165</angle>
		</robndbox>
		<extra/>
	</object>
	<object>
		<name>scale</name>
		<pose>Unspecified</pose>
		<truncated>0</truncated>
		<difficult>0</difficult>
		<robndbox>
			<cx>412.8379</cx>
			<cy>371.5067</cy>
			<w>17.5999</w>
			<h>31.1496</h>
			<angle>5.867945</angle>
		</robndbox>
		<extra/>
	</object>
	<object>
		<name>scale</name>
		<pose>Unspecified</pose>
		<truncated>0</truncated>
		<difficult>0</difficult>
		<robndbox>
			<cx>424.8379</cx>
			<cy>366.5067</cy>
			<w>17.5999</w>
			<h>31.1496</h>
			<angle>5.921156</angle>
		</robndbox>
		<extra/>
	</object>
	<object>
		<name>scale</name>
		<pose>Unspecified</pose>
		<truncated>0</truncated>
		<difficult>0</difficult>
		<robndbox>
			<cx>437.7364</cx>
			<cy>361.9955</cy>
			<w>18.0911</w>
			<h>32.0189</h>
			<angle>5.973512</angle>
		</robndbox>
		<extra/>
	</object>
	<object>
		<name>scale</name>
		<pose>Unspecified</pose>
		<truncated>0</truncated>
		<difficult>0</difficult>
		<robndbox>
			<cx>449.7364</cx>
			<cy>357.9955</cy>
			<w>18.0911</w>
			<h>32.0189</h>
			<angle>5.973512</angle>
		</robndbox>
		<extra/>
	</object>
	<object>
		<name>scale</name>
		<pose>Unspecified</pose>
		<truncated>0</truncated>
		<difficult>0</difficult>
		<robndbox>
			<cx>462.7364</cx>
			<cy>353.9955</cy>
			<w>18.0911</w>
			<h>32.0189</h>
			<angle>6.02613</angle>
		</robndbox>
		<extra/>
	</object>
	<object>
		<name>scale</name>
		<pose>Unspecified</pose>
		<truncated>0</truncated>
		<difficult>0</difficult>
		<robndbox>
			<cx>474.7364</cx>
			<cy>349.9955</cy>
			<w>18.0911</w>
			<h>32.0189</h>
			<angle>6.062039</angle>
		</robndbox>
		<extra/>
	</object>
	<object>
		<name>scale</name>
		<pose>Unspecified</pose>
		<truncated>0</truncated>
		<difficult>0</difficult>
		<robndbox>
			<cx>488.7364</cx>
			<cy>346.9955</cy>
			<w>18.0911</w>
			<h>32.0189</h>
			<angle>6.077332</angle>
		</robndbox>
		<extra/>
	</object>
	<object>
		<name>scale</name>
		<pose>Unspecified</pose>
		<truncated>0</truncated>
		<difficult>0</difficult>
		<robndbox>
			<cx>500.7364</cx>
			<cy>344.9955</cy>
			<w>18.0911</w>
			<h>32.0189</h>
			<angle>6.126917</angle>
		</robndbox>
		<extra/>
	</object>
	<object>
		<name>scale</name>
		<pose>Unspecified</pose>
		<truncated>0</truncated>
		<difficult>0</difficult>
		<robndbox>
			<cx>513.7364</cx>
			<cy>342.9955</cy>
			<w>18.0911</w>
			<h>32.0189</h>
			<angle>6.174729</angle>
		</robndbox>
		<extra/>
	</object>
	<object>
		<name>scale</name>
		<pose>Unspecified</pose>
		<truncated>0</truncated>
		<difficult>0</difficult>
		<robndbox>
			<cx>527.7364</cx>
			<cy>340.9955</cy>
			<w>18.0911</w>
			<h>32.0189</h>
			<angle>6.174729</angle>
		</robndbox>
		<extra/>
	</object>
	<object>
		<name>scale</name>
		<pose>Unspecified</pose>
		<truncated>0</truncated>
		<difficult>0</difficult>
		<robndbox>
			<cx>539.7364</cx>
			<cy>339.9955</cy>
			<w>18.0911</w>
			<h>32.0189</h>
			<angle>6.220656</angle>
		</robndbox>
		<extra/>
	</object>
	<object>
		<name>scale</name>
		<pose>Unspecified</pose>
		<truncated>0</truncated>
		<difficult>0</difficult>
		<robndbox>
			<cx>553.7364</cx>
			<cy>338.9955</cy>
			<w>18.0911</w>
			<h>32.0189</h>
			<angle>6.244944</angle>
		</robndbox>
		<extra/>
	</object>
	<object>
		<name>scale</name>
		<pose>Unspecified</pose>
		<truncated>0</truncated>
		<difficult>0</difficult>
		<robndbox>
			<cx>566.7364</cx>
			<cy>339.9955</cy>
			<w>18.0911</w>
			<h>32.0189</h>
			<angle>0.032245</angle>
		</robndbox>
		<extra/>
	</object>
	<object>
		<name>scale</name>
		<pose>Unspecified</pose>
		<truncated>0</truncated>
		<difficult>0</difficult>
		<robndbox>
			<cx>580.7364</cx>
			<cy>339.9955</cy>
			<w>18.0911</w>
			<h>32.0189</h>
			<angle>0.061306</angle>
		</robndbox>
		<extra/>
	</object>
	<object>
		<name>scale</name>
		<pose>Unspecified</pose>
		<truncated>0</truncated>
		<difficult>0</difficult>
		<robndbox>
			<cx>592.7364</cx>
			<cy>340.9955</cy>
			<w>18.0911</w>
			<h>32.0189</h>
			<angle>0.061306</angle>
		</robndbox>
		<extra/>
	</object>
	<object>
		<name>scale</name>
		<pose>Unspecified</pose>
		<truncated>0</truncated>
		<difficult>0</difficult>
		<robndbox>
			<cx>605.7364</cx>
			<cy>341.9955</cy>
			<w>18.0911</w>
			<h>32.0189</h>
			<angle>0.106788</angle>
		</robndbox>
		<extra/>
	</object>
	<object>
		<name>scale</name>
		<pose>Unspecified</pose>
		<truncated>0</truncated>
		<difficult>0</difficult>
		<robndbox>
			<cx>618.7364</cx>
			<cy>342.9955</cy>
			<w>18.0911</w>
			<h>32.0189</h>
			<angle>0.149493</angle>
		</robndbox>
		<extra/>
	</object>
	<object>
		<name>scale</name>
		<pose>Unspecified</pose>
		<truncated>0</truncated>
		<difficult>0</difficult>
		<robndbox>
			<cx>632.7364</cx>
			<cy>345.9955</cy>
			<w>18.0911</w>
			<h>32.0189</h>
			<angle>0.183217</angle>
		</robndbox>
		<extra/>
	</object>
	<object>
		<name>scale</name>
		<pose>Unspecified</pose>
		<truncated>0</truncated>
		<difficult>0</difficult>
		<robndbox>
			<cx>644.7364</cx>
			<cy>347.9955</cy>
			<w>18.0911</w>
			<h>32.0189</h>
			<angle>0.223717</angle>
		</robndbox>
		<extra/>
	</object>
	<object>
		<name>scale</name>
		<pose>Unspecified</pose>
		<truncated>0</truncated>
		<difficult>0</difficult>
		<robndbox>
			<cx>657.7364</cx>
			<cy>350.9955</cy>
			<w>18.0911</w>
			<h>32.0189</h>
			<angle>0.260688</angle>
		</robndbox>
		<extra/>
	</object>
	<object>
		<name>scale</name>
		<pose>Unspecified</pose>
		<truncated>0</truncated>
		<difficult>0</difficult>
		<robndbox>
			<cx>669.7364</cx>
			<cy>354.9955</cy>
			<w>18.0911</w>
			<h>32.0189</h>
			<angle>0.300677</angle>
		</robndbox>
		<extra/>
	</object>
	<object>
		<name>scale</name>
		<pose>Unspecified</pose>
		<truncated>0</truncated>
		<difficult>0</difficult>
		<robndbox>
			<cx>682.7364</cx>
			<cy>358.9955</cy>
			<w>18.0911</w>
			<h>32.0189</h>
			<angle>0.338283</angle>
		</robndbox>
		<extra/>
	</object>
	<object>
		<name>scale</name>
		<pose>Unspecified</pose>
		<truncated>0</truncated>
		<difficult>0</difficult>
		<robndbox>
			<cx>694.7364</cx>
			<cy>362.9955</cy>
			<w>18.0911</w>
			<h>32.0189</h>
			<angle>0.372911</angle>
		</robndbox>
		<extra/>
	</object>
	<object>
		<name>scale</name>
		<pose>Unspecified</pose>
		<truncated>0</truncated>
		<difficult>0</difficult>
		<robndbox>
			<cx>707.7364</cx>
			<cy>367.9955</cy>
			<w>18.0911</w>
			<h>32.0189</h>
			<angle>0.427019</angle>
		</robndbox>
		<extra/>
	</object>
	<object>
		<name>scale</name>
		<pose>Unspecified</pose>
		<truncated>0</truncated>
		<difficult>0</difficult>
		<robndbox>
			<cx>719.7364</cx>
			<cy>372.9955</cy>
			<w>18.0911</w>
			<h>32.0189</h>
			<angle>0.460078</angle>
		</robndbox>
		<extra/>
	</object>
	<object>
		<name>scale</name>
		<pose>Unspecified</pose>
		<truncated>0</truncated>
		<difficult>0</difficult>
		<robndbox>
			<cx>730.7364</cx>
			<cy>378.9955</cy>
			<w>18.0911</w>
			<h>32.0189</h>
			<angle>0.460078</angle>
		</robndbox>
		<extra/>
	</object>
	<object>
		<name>scale</name>
		<pose>Unspecified</pose>
		<truncated>0</truncated>
		<difficult>0</difficult>
		<robndbox>
			<cx>742.7364</cx>
			<cy>384.9955</cy>
			<w>18.0911</w>
			<h>32.0189</h>
			<angle>0.508004</angle>
		</robndbox>
		<extra/>
	</object>
	<object>
		<name>scale</name>
		<pose>Unspecified</pose>
		<truncated>0</truncated>
		<difficult>0</difficult>
		<robndbox>
			<cx>754.7364</cx>
			<cy>391.9955</cy>
			<w>18.0911</w>
			<h>32.0189</h>
			<angle>0.558909</angle>
		</robndbox>
		<extra/>
	</object>
	<object>
		<name>scale</name>
		<pose>Unspecified</pose>
		<truncated>0</truncated>
		<difficult>0</difficult>
		<robndbox>
			<cx>765.7364</cx>
			<cy>397.9955</cy>
			<w>18.0911</w>
			<h>32.0189</h>
			<angle>0.558909</angle>
		</robndbox>
		<extra/>
	</object>
	<object>
		<name>scale</name>
		<pose>Unspecified</pose>
		<truncated>0</truncated>
		<difficult>0</difficult>
		<robndbox>
			<cx>775.7364</cx>
			<cy>405.9955</cy>
			<w>18.0911</w>
			<h>32.0189</h>
			<angle>0.585948</angle>
		</robndbox>
		<extra/>
	</object>
	<object>
		<name>scale</name>
		<pose>Unspecified</pose>
		<truncated>0</truncated>
		<difficult>0</difficult>
		<robndbox>
			<cx>785.7364</cx>
			<cy>412.9955</cy>
			<w>18.0911</w>
			<h>32.0189</h>
			<angle>0.610388</angle>
		</robndbox>
		<extra/>
	</object>
	<object>
		<name>scale</name>
		<pose>Unspecified</pose>
		<truncated>0</truncated>
		<difficult>0</difficult>
		<robndbox>
			<cx>795.7364</cx>
			<cy>420.9955</cy>
			<w>18.0911</w>
			<h>32.0189</h>
			<angle>0.660132</angle>
		</robndbox>
		<extra/>
	</object>
	<object>
		<name>scale</name>
		<pose>Unspecified</pose>
		<truncated>0</truncated>
		<difficult>0</difficult>
		<robndbox>
			<cx>805.8495</cx>
			<cy>429.4482</cy>
			<w>18.5837</w>
			<h>31.0156</h>
			<angle>0.729434</angle>
		</robndbox>
		<extra/>
	</object>
	<object>
		<name>3</name>
		<pose>Unspecified</pose>
		<truncated>0</truncated>
		<difficult>0</difficult>
		<robndbox>
			<cx>619.8356</cx>
			<cy>303.6646</cy>
			<w>23.3452</w>
			<h>39.2103</h>
			<angle>0.143262</angle>
		</robndbox>
		<extra/>
	</object>
	<object>
		<name>0</name>
		<pose>Unspecified</pose>
		<truncated>0</truncated>
		<difficult>0</difficult>
		<robndbox>
			<cx>643.8356</cx>
			<cy>307.6646</cy>
			<w>23.3452</w>
			<h>39.2103</h>
			<angle>0.143262</angle>
		</robndbox>
		<extra/>
	</object>
	<object>
		<name>0</name>
		<pose>Unspecified</pose>
		<truncated>0</truncated>
		<difficult>0</difficult>
		<robndbox>
			<cx>666.8356</cx>
			<cy>310.6646</cy>
			<w>23.3452</w>
			<h>39.2103</h>
			<angle>0.143262</angle>
		</robndbox>
		<extra/>
	</object>
	<object>
		<name>0</name>
		<pose>Unspecified</pose>
		<truncated>0</truncated>
		<difficult>0</difficult>
		<robndbox>
			<cx>783.8356</cx>
			<cy>498.6646</cy>
			<w>23.3452</w>
			<h>39.2103</h>
			<angle>0.763149</angle>
		</robndbox>
		<extra/>
	</object>
	<object>
		<name>0</name>
		<pose>Unspecified</pose>
		<truncated>0</truncated>
		<difficult>0</difficult>
		<robndbox>
			<cx>451.8356</cx>
			<cy>310.6646</cy>
			<w>23.3452</w>
			<h>39.2103</h>
			<angle>5.902496</angle>
		</robndbox>
		<extra/>
	</object>
	<object>
		<name>4</name>
		<pose>Unspecified</pose>
		<truncated>0</truncated>
		<difficult>0</difficult>
		<robndbox>
			<cx>748.8356</cx>
			<cy>467.6646</cy>
			<w>23.3452</w>
			<h>39.2103</h>
			<angle>0.732616</angle>
		</robndbox>
		<extra/>
	</object>
	<object>
		<name>5</name>
		<pose>Unspecified</pose>
		<truncated>0</truncated>
		<difficult>0</difficult>
		<robndbox>
			<cx>766.8356</cx>
			<cy>483.6646</cy>
			<w>23.3452</w>
			<h>39.2103</h>
			<angle>0.732616</angle>
		</robndbox>
		<extra/>
	</object>
	<object>
		<name>5</name>
		<pose>Unspecified</pose>
		<truncated>0</truncated>
		<difficult>0</difficult>
		<robndbox>
			<cx>428.8356</cx>
			<cy>319.6646</cy>
			<w>23.3452</w>
			<h>39.2103</h>
			<angle>5.924717</angle>
		</robndbox>
		<extra/>
	</object>
	<object>
		<name>1</name>
		<pose>Unspecified</pose>
		<truncated>0</truncated>
		<difficult>0</difficult>
		<robndbox>
			<cx>407.7337</cx>
			<cy>327.7279</cy>
			<w>18.4313</w>
			<h>40.4963</h>
			<angle>5.924717</angle>
		</robndbox>
		<extra/>
	</object>
	<object>
		<name>V</name>
		<pose>Unspecified</pose>
		<truncated>0</truncated>
		<difficult>0</difficult>
		<robndbox>
			<cx>544.5</cx>
			<cy>453.0</cy>
			<w>59.0</w>
			<h>90.0</h>
			<angle>6.232311</angle>
		</robndbox>
		<extra/>
	</object>
	<object>
		<name>needle</name>
		<pose>Unspecified</pose>
		<truncated>0</truncated>
		<difficult>0</difficult>
		<robndbox>
			<cx>388.0426</cx>
			<cy>559.942</cy>
			<w>31.8847</w>
			<h>280.2514</h>
			<angle>5.450235</angle>
		</robndbox>
		<extra/>
	</object>
</annotation>
