<annotation>
	<folder>images</folder>
	<filename>4e0b266e-b73e-47b3-93f4-7d3149e84cd2.jpg</filename>
	<path>C:\Users\yaman\Documents\images\4e0b266e-b73e-47b3-93f4-7d3149e84cd2.jpg</path>
	<source>
		<database>Unknown</database>
	</source>
	<size>
		<width>1000</width>
		<height>1000</height>
		<depth>3</depth>
	</size>
	<segmented>0</segmented>
	<object>
		<name>scale</name>
		<pose>Unspecified</pose>
		<truncated>0</truncated>
		<difficult>0</difficult>
		<robndbox>
			<cx>284.6845</cx>
			<cy>343.3855</cy>
			<w>22.1859</w>
			<h>24.9965</h>
			<angle>5.656307</angle>
		</robndbox>
		<extra/>
	</object>
	<object>
		<name>scale</name>
		<pose>Unspecified</pose>
		<truncated>0</truncated>
		<difficult>0</difficult>
		<robndbox>
			<cx>740.6845</cx>
			<cy>350.3855</cy>
			<w>22.1859</w>
			<h>24.9965</h>
			<angle>0.651817</angle>
		</robndbox>
		<extra/>
	</object>
	<object>
		<name>scale</name>
		<pose>Unspecified</pose>
		<truncated>0</truncated>
		<difficult>0</difficult>
		<robndbox>
			<cx>299.789</cx>
			<cy>332.5304</cy>
			<w>22.1859</w>
			<h>24.9965</h>
			<angle>5.713357</angle>
		</robndbox>
		<extra/>
	</object>
	<object>
		<name>scale</name>
		<pose>Unspecified</pose>
		<truncated>0</truncated>
		<difficult>0</difficult>
		<robndbox>
			<cx>315.5677</cx>
			<cy>323.2406</cy>
			<w>22.1859</w>
			<h>24.9965</h>
			<angle>5.770407</angle>
		</robndbox>
		<extra/>
	</object>
	<object>
		<name>scale</name>
		<pose>Unspecified</pose>
		<truncated>0</truncated>
		<difficult>0</difficult>
		<robndbox>
			<cx>331.9596</cx>
			<cy>314.0399</cy>
			<w>22.1859</w>
			<h>24.9965</h>
			<angle>5.827457</angle>
		</robndbox>
		<extra/>
	</object>
	<object>
		<name>scale</name>
		<pose>Unspecified</pose>
		<truncated>0</truncated>
		<difficult>0</difficult>
		<robndbox>
			<cx>348.9016</cx>
			<cy>305.9615</cy>
			<w>22.1859</w>
			<h>24.9965</h>
			<angle>5.884507</angle>
		</robndbox>
		<extra/>
	</object>
	<object>
		<name>scale</name>
		<pose>Unspecified</pose>
		<truncated>0</truncated>
		<difficult>0</difficult>
		<robndbox>
			<cx>369.2967</cx>
			<cy>297.7713</cy>
			<w>30.9473</w>
			<h>25.5669</h>
			<angle>5.897696</angle>
		</robndbox>
		<extra/>
	</object>
	<object>
		<name>scale</name>
		<pose>Unspecified</pose>
		<truncated>0</truncated>
		<difficult>0</difficult>
		<robndbox>
			<cx>395.2953</cx>
			<cy>288.6031</cy>
			<w>30.6352</w>
			<h>25.1313</h>
			<angle>5.990028</angle>
		</robndbox>
		<extra/>
	</object>
	<object>
		<name>scale</name>
		<pose>Unspecified</pose>
		<truncated>0</truncated>
		<difficult>0</difficult>
		<robndbox>
			<cx>422.4828</cx>
			<cy>281.9689</cy>
			<w>30.0571</w>
			<h>25.4993</h>
			<angle>6.055656</angle>
		</robndbox>
		<extra/>
	</object>
	<object>
		<name>scale</name>
		<pose>Unspecified</pose>
		<truncated>0</truncated>
		<difficult>0</difficult>
		<robndbox>
			<cx>449.3327</cx>
			<cy>276.4103</cy>
			<w>31.5685</w>
			<h>24.8961</h>
			<angle>6.112706</angle>
		</robndbox>
		<extra/>
	</object>
	<object>
		<name>scale</name>
		<pose>Unspecified</pose>
		<truncated>0</truncated>
		<difficult>0</difficult>
		<robndbox>
			<cx>476.7715</cx>
			<cy>273.5928</cy>
			<w>31.0071</w>
			<h>25.1072</h>
			<angle>6.226806</angle>
		</robndbox>
		<extra/>
	</object>
	<object>
		<name>scale</name>
		<pose>Unspecified</pose>
		<truncated>0</truncated>
		<difficult>0</difficult>
		<robndbox>
			<cx>503.8318</cx>
			<cy>271.9791</cy>
			<w>30.3192</w>
			<h>25.2756</h>
			<angle>6.257638</angle>
		</robndbox>
		<extra/>
	</object>
	<object>
		<name>scale</name>
		<pose>Unspecified</pose>
		<truncated>0</truncated>
		<difficult>0</difficult>
		<robndbox>
			<cx>531.2547</cx>
			<cy>272.9392</cy>
			<w>31.0638</w>
			<h>26.3734</h>
			<angle>0.057721</angle>
		</robndbox>
		<extra/>
	</object>
	<object>
		<name>scale</name>
		<pose>Unspecified</pose>
		<truncated>0</truncated>
		<difficult>0</difficult>
		<robndbox>
			<cx>557.9937</cx>
			<cy>275.043</cy>
			<w>29.2673</w>
			<h>25.433</h>
			<angle>0.114771</angle>
		</robndbox>
		<extra/>
	</object>
	<object>
		<name>scale</name>
		<pose>Unspecified</pose>
		<truncated>0</truncated>
		<difficult>0</difficult>
		<robndbox>
			<cx>584.2628</cx>
			<cy>279.348</cy>
			<w>30.0072</w>
			<h>25.7727</h>
			<angle>0.199811</angle>
		</robndbox>
		<extra/>
	</object>
	<object>
		<name>scale</name>
		<pose>Unspecified</pose>
		<truncated>0</truncated>
		<difficult>0</difficult>
		<robndbox>
			<cx>610.2619</cx>
			<cy>286.2844</cy>
			<w>30.6888</w>
			<h>25.1059</h>
			<angle>0.285921</angle>
		</robndbox>
		<extra/>
	</object>
	<object>
		<name>scale</name>
		<pose>Unspecified</pose>
		<truncated>0</truncated>
		<difficult>0</difficult>
		<robndbox>
			<cx>631.193</cx>
			<cy>292.208</cy>
			<w>22.1859</w>
			<h>24.9965</h>
			<angle>0.317427</angle>
		</robndbox>
		<extra/>
	</object>
	<object>
		<name>scale</name>
		<pose>Unspecified</pose>
		<truncated>0</truncated>
		<difficult>0</difficult>
		<robndbox>
			<cx>648.1298</cx>
			<cy>298.6652</cy>
			<w>20.9153</w>
			<h>24.4551</h>
			<angle>0.358396</angle>
		</robndbox>
		<extra/>
	</object>
	<object>
		<name>scale</name>
		<pose>Unspecified</pose>
		<truncated>0</truncated>
		<difficult>0</difficult>
		<robndbox>
			<cx>663.7078</cx>
			<cy>304.6879</cy>
			<w>20.2008</w>
			<h>25.405</h>
			<angle>0.405509</angle>
		</robndbox>
		<extra/>
	</object>
	<object>
		<name>scale</name>
		<pose>Unspecified</pose>
		<truncated>0</truncated>
		<difficult>0</difficult>
		<robndbox>
			<cx>679.2109</cx>
			<cy>312.3753</cy>
			<w>20.815</w>
			<h>24.58</h>
			<angle>0.461139</angle>
		</robndbox>
		<extra/>
	</object>
	<object>
		<name>scale</name>
		<pose>Unspecified</pose>
		<truncated>0</truncated>
		<difficult>0</difficult>
		<robndbox>
			<cx>694.681</cx>
			<cy>320.8088</cy>
			<w>22.1859</w>
			<h>24.9965</h>
			<angle>0.502931</angle>
		</robndbox>
		<extra/>
	</object>
	<object>
		<name>scale</name>
		<pose>Unspecified</pose>
		<truncated>0</truncated>
		<difficult>0</difficult>
		<robndbox>
			<cx>709.7688</cx>
			<cy>329.1752</cy>
			<w>22.1859</w>
			<h>24.9965</h>
			<angle>0.536242</angle>
		</robndbox>
		<extra/>
	</object>
	<object>
		<name>scale</name>
		<pose>Unspecified</pose>
		<truncated>0</truncated>
		<difficult>0</difficult>
		<robndbox>
			<cx>726.1221</cx>
			<cy>339.5529</cy>
			<w>22.1859</w>
			<h>24.9965</h>
			<angle>0.59553</angle>
		</robndbox>
		<extra/>
	</object>
	<object>
		<name>scale</name>
		<pose>Unspecified</pose>
		<truncated>0</truncated>
		<difficult>0</difficult>
		<robndbox>
			<cx>754.6845</cx>
			<cy>362.3855</cy>
			<w>22.1859</w>
			<h>24.9965</h>
			<angle>0.699718</angle>
		</robndbox>
		<extra/>
	</object>
	<object>
		<name>scale</name>
		<pose>Unspecified</pose>
		<truncated>0</truncated>
		<difficult>0</difficult>
		<robndbox>
			<cx>769.6845</cx>
			<cy>375.3855</cy>
			<w>22.1859</w>
			<h>24.9965</h>
			<angle>0.744045</angle>
		</robndbox>
		<extra/>
	</object>
	<object>
		<name>A</name>
		<pose>Unspecified</pose>
		<truncated>0</truncated>
		<difficult>0</difficult>
		<robndbox>
			<cx>506.5</cx>
			<cy>385.5</cy>
			<w>49.0</w>
			<h>61.0</h>
			<angle>0.0</angle>
		</robndbox>
		<extra/>
	</object>
	<object>
		<name>scale</name>
		<pose>Unspecified</pose>
		<truncated>0</truncated>
		<difficult>0</difficult>
		<robndbox>
			<cx>272.6357</cx>
			<cy>351.1728</cy>
			<w>14.8568</w>
			<h>25.1006</h>
			<angle>5.609405</angle>
		</robndbox>
		<extra/>
	</object>
	<object>
		<name>scale</name>
		<pose>Unspecified</pose>
		<truncated>0</truncated>
		<difficult>0</difficult>
		<robndbox>
			<cx>264.4427</cx>
			<cy>358.6565</cy>
			<w>13.9399</w>
			<h>25.5949</h>
			<angle>5.586553</angle>
		</robndbox>
		<extra/>
	</object>
	<object>
		<name>scale</name>
		<pose>Unspecified</pose>
		<truncated>0</truncated>
		<difficult>0</difficult>
		<robndbox>
			<cx>256.4427</cx>
			<cy>365.6565</cy>
			<w>13.9399</w>
			<h>25.5949</h>
			<angle>5.586553</angle>
		</robndbox>
		<extra/>
	</object>
	<object>
		<name>scale</name>
		<pose>Unspecified</pose>
		<truncated>0</truncated>
		<difficult>0</difficult>
		<robndbox>
			<cx>248.4427</cx>
			<cy>372.6565</cy>
			<w>13.9399</w>
			<h>25.5949</h>
			<angle>5.544563</angle>
		</robndbox>
		<extra/>
	</object>
	<object>
		<name>scale</name>
		<pose>Unspecified</pose>
		<truncated>0</truncated>
		<difficult>0</difficult>
		<robndbox>
			<cx>239.9901</cx>
			<cy>380.7507</cy>
			<w>14.7361</w>
			<h>25.1248</h>
			<angle>5.544563</angle>
		</robndbox>
		<extra/>
	</object>
	<object>
		<name>needle</name>
		<pose>Unspecified</pose>
		<truncated>0</truncated>
		<difficult>0</difficult>
		<robndbox>
			<cx>327.3208</cx>
			<cy>468.5763</cy>
			<w>9.8992</w>
			<h>242.0553</h>
			<angle>5.490449</angle>
		</robndbox>
		<extra/>
	</object>
	<object>
		<name>0</name>
		<pose>Unspecified</pose>
		<truncated>0</truncated>
		<difficult>0</difficult>
		<robndbox>
			<cx>350.0163</cx>
			<cy>267.1791</cy>
			<w>18.3819</w>
			<h>35.9827</h>
			<angle>5.859602</angle>
		</robndbox>
		<extra/>
	</object>
	<object>
		<name>0</name>
		<pose>Unspecified</pose>
		<truncated>0</truncated>
		<difficult>0</difficult>
		<robndbox>
			<cx>212.0163</cx>
			<cy>360.1791</cy>
			<w>18.3819</w>
			<h>35.9827</h>
			<angle>5.497717</angle>
		</robndbox>
		<extra/>
	</object>
	<object>
		<name>1</name>
		<pose>Unspecified</pose>
		<truncated>0</truncated>
		<difficult>0</difficult>
		<robndbox>
			<cx>332.0163</cx>
			<cy>275.1791</cy>
			<w>18.3819</w>
			<h>35.9827</h>
			<angle>5.859602</angle>
		</robndbox>
		<extra/>
	</object>
	<object>
		<name>0</name>
		<pose>Unspecified</pose>
		<truncated>0</truncated>
		<difficult>0</difficult>
		<robndbox>
			<cx>642.0163</cx>
			<cy>259.1791</cy>
			<w>18.3819</w>
			<h>35.9827</h>
			<angle>0.377895</angle>
		</robndbox>
		<extra/>
	</object>
	<object>
		<name>2</name>
		<pose>Unspecified</pose>
		<truncated>0</truncated>
		<difficult>0</difficult>
		<robndbox>
			<cx>624.556</cx>
			<cy>252.533</cy>
			<w>19.6463</w>
			<h>36.2423</h>
			<angle>0.377895</angle>
		</robndbox>
		<extra/>
	</object>
	<object>
		<name>0</name>
		<pose>Unspecified</pose>
		<truncated>0</truncated>
		<difficult>0</difficult>
		<robndbox>
			<cx>807.0163</cx>
			<cy>362.1791</cy>
			<w>18.3819</w>
			<h>35.9827</h>
			<angle>0.785999</angle>
		</robndbox>
		<extra/>
	</object>
	<object>
		<name>3</name>
		<pose>Unspecified</pose>
		<truncated>0</truncated>
		<difficult>0</difficult>
		<robndbox>
			<cx>794.0163</cx>
			<cy>348.1791</cy>
			<w>18.3819</w>
			<h>35.9827</h>
			<angle>0.785999</angle>
		</robndbox>
		<extra/>
	</object>
</annotation>
