<annotation>
	<folder>images</folder>
	<filename>4fab1a20-a7d3-4c6e-8770-609aa66ce4bf.jpg</filename>
	<path>C:\Users\yaman\Documents\images\4fab1a20-a7d3-4c6e-8770-609aa66ce4bf.jpg</path>
	<source>
		<database>Unknown</database>
	</source>
	<size>
		<width>1100</width>
		<height>1100</height>
		<depth>3</depth>
	</size>
	<segmented>0</segmented>
	<object>
		<name>scale</name>
		<pose>Unspecified</pose>
		<truncated>0</truncated>
		<difficult>0</difficult>
		<robndbox>
			<cx>292.5483</cx>
			<cy>428.9687</cy>
			<w>32.3625</w>
			<h>27.1194</h>
			<angle>5.526262</angle>
		</robndbox>
		<extra/>
	</object>
	<object>
		<name>scale</name>
		<pose>Unspecified</pose>
		<truncated>0</truncated>
		<difficult>0</difficult>
		<robndbox>
			<cx>313.3745</cx>
			<cy>411.086</cy>
			<w>33.6758</w>
			<h>27.0185</h>
			<angle>5.604482</angle>
		</robndbox>
		<extra/>
	</object>
	<object>
		<name>scale</name>
		<pose>Unspecified</pose>
		<truncated>0</truncated>
		<difficult>0</difficult>
		<robndbox>
			<cx>337.0</cx>
			<cy>393.5</cy>
			<w>34.7176</w>
			<h>25.917</h>
			<angle>5.682702</angle>
		</robndbox>
		<extra/>
	</object>
	<object>
		<name>scale</name>
		<pose>Unspecified</pose>
		<truncated>0</truncated>
		<difficult>0</difficult>
		<robndbox>
			<cx>361.4626</cx>
			<cy>378.388</cy>
			<w>34.8205</w>
			<h>25.5522</h>
			<angle>5.760922</angle>
		</robndbox>
		<extra/>
	</object>
	<object>
		<name>scale</name>
		<pose>Unspecified</pose>
		<truncated>0</truncated>
		<difficult>0</difficult>
		<robndbox>
			<cx>386.5</cx>
			<cy>365.0</cy>
			<w>35.2881</w>
			<h>25.2933</h>
			<angle>5.839142</angle>
		</robndbox>
		<extra/>
	</object>
	<object>
		<name>scale</name>
		<pose>Unspecified</pose>
		<truncated>0</truncated>
		<difficult>0</difficult>
		<robndbox>
			<cx>413.1484</cx>
			<cy>354.1347</cy>
			<w>35.109</w>
			<h>25.3903</h>
			<angle>5.917361</angle>
		</robndbox>
		<extra/>
	</object>
	<object>
		<name>scale</name>
		<pose>Unspecified</pose>
		<truncated>0</truncated>
		<difficult>0</difficult>
		<robndbox>
			<cx>441.0457</cx>
			<cy>344.4865</cy>
			<w>34.1975</w>
			<h>24.2695</h>
			<angle>5.995581</angle>
		</robndbox>
		<extra/>
	</object>
	<object>
		<name>scale</name>
		<pose>Unspecified</pose>
		<truncated>0</truncated>
		<difficult>0</difficult>
		<robndbox>
			<cx>469.2727</cx>
			<cy>337.5483</cy>
			<w>33.3185</w>
			<h>24.7108</h>
			<angle>6.073801</angle>
		</robndbox>
		<extra/>
	</object>
	<object>
		<name>scale</name>
		<pose>Unspecified</pose>
		<truncated>0</truncated>
		<difficult>0</difficult>
		<robndbox>
			<cx>498.1614</cx>
			<cy>332.868</cy>
			<w>33.759</w>
			<h>24.0554</h>
			<angle>6.152021</angle>
		</robndbox>
		<extra/>
	</object>
	<object>
		<name>scale</name>
		<pose>Unspecified</pose>
		<truncated>0</truncated>
		<difficult>0</difficult>
		<robndbox>
			<cx>527.5</cx>
			<cy>330.0</cy>
			<w>35.6781</w>
			<h>25.9244</h>
			<angle>6.230241</angle>
		</robndbox>
		<extra/>
	</object>
	<object>
		<name>scale</name>
		<pose>Unspecified</pose>
		<truncated>0</truncated>
		<difficult>0</difficult>
		<robndbox>
			<cx>555.647</cx>
			<cy>328.9186</cy>
			<w>33.9363</w>
			<h>24.9875</h>
			<angle>0.025276</angle>
		</robndbox>
		<extra/>
	</object>
	<object>
		<name>scale</name>
		<pose>Unspecified</pose>
		<truncated>0</truncated>
		<difficult>0</difficult>
		<robndbox>
			<cx>586.0</cx>
			<cy>331.0</cy>
			<w>34.9281</w>
			<h>26.5335</h>
			<angle>0.103495</angle>
		</robndbox>
		<extra/>
	</object>
	<object>
		<name>scale</name>
		<pose>Unspecified</pose>
		<truncated>0</truncated>
		<difficult>0</difficult>
		<robndbox>
			<cx>613.9494</cx>
			<cy>335.2752</cy>
			<w>35.7271</w>
			<h>27.459</h>
			<angle>0.181715</angle>
		</robndbox>
		<extra/>
	</object>
	<object>
		<name>scale</name>
		<pose>Unspecified</pose>
		<truncated>0</truncated>
		<difficult>0</difficult>
		<robndbox>
			<cx>643.106</cx>
			<cy>341.4719</cy>
			<w>33.9317</w>
			<h>27.2505</h>
			<angle>0.259935</angle>
		</robndbox>
		<extra/>
	</object>
	<object>
		<name>scale</name>
		<pose>Unspecified</pose>
		<truncated>0</truncated>
		<difficult>0</difficult>
		<robndbox>
			<cx>670.7558</cx>
			<cy>349.2875</cy>
			<w>34.0237</w>
			<h>25.2948</h>
			<angle>0.338155</angle>
		</robndbox>
		<extra/>
	</object>
	<object>
		<name>scale</name>
		<pose>Unspecified</pose>
		<truncated>0</truncated>
		<difficult>0</difficult>
		<robndbox>
			<cx>698.2725</cx>
			<cy>360.8208</cy>
			<w>34.0137</w>
			<h>25.5843</h>
			<angle>0.416375</angle>
		</robndbox>
		<extra/>
	</object>
	<object>
		<name>scale</name>
		<pose>Unspecified</pose>
		<truncated>0</truncated>
		<difficult>0</difficult>
		<robndbox>
			<cx>723.5</cx>
			<cy>373.5</cy>
			<w>35.2354</w>
			<h>25.3075</h>
			<angle>0.494595</angle>
		</robndbox>
		<extra/>
	</object>
	<object>
		<name>scale</name>
		<pose>Unspecified</pose>
		<truncated>0</truncated>
		<difficult>0</difficult>
		<robndbox>
			<cx>748.5442</cx>
			<cy>388.285</cy>
			<w>34.669</w>
			<h>25.4179</h>
			<angle>0.572815</angle>
		</robndbox>
		<extra/>
	</object>
	<object>
		<name>scale</name>
		<pose>Unspecified</pose>
		<truncated>0</truncated>
		<difficult>0</difficult>
		<robndbox>
			<cx>771.5</cx>
			<cy>404.5</cy>
			<w>33.5964</w>
			<h>25.9476</h>
			<angle>0.651034</angle>
		</robndbox>
		<extra/>
	</object>
	<object>
		<name>scale</name>
		<pose>Unspecified</pose>
		<truncated>0</truncated>
		<difficult>0</difficult>
		<robndbox>
			<cx>794.6424</cx>
			<cy>422.5107</cy>
			<w>33.8362</w>
			<h>26.2408</h>
			<angle>0.729254</angle>
		</robndbox>
		<extra/>
	</object>
	<object>
		<name>mA</name>
		<pose>Unspecified</pose>
		<truncated>0</truncated>
		<difficult>0</difficult>
		<robndbox>
			<cx>543.0</cx>
			<cy>456.5</cy>
			<w>106.0</w>
			<h>79.0</h>
			<angle>0.0</angle>
		</robndbox>
		<extra/>
	</object>
	<object>
		<name>6</name>
		<pose>Unspecified</pose>
		<truncated>0</truncated>
		<difficult>0</difficult>
		<robndbox>
			<cx>609.0641</cx>
			<cy>285.1401</cy>
			<w>20.8594</w>
			<h>30.4119</h>
			<angle>0.176366</angle>
		</robndbox>
		<extra/>
	</object>
	<object>
		<name>8</name>
		<pose>Unspecified</pose>
		<truncated>0</truncated>
		<difficult>0</difficult>
		<robndbox>
			<cx>733.0641</cx>
			<cy>324.1401</cy>
			<w>20.8594</w>
			<h>30.4119</h>
			<angle>0.514561</angle>
		</robndbox>
		<extra/>
	</object>
	<object>
		<name>0</name>
		<pose>Unspecified</pose>
		<truncated>0</truncated>
		<difficult>0</difficult>
		<robndbox>
			<cx>846.0641</cx>
			<cy>405.1401</cy>
			<w>20.8594</w>
			<h>30.4119</h>
			<angle>0.759087</angle>
		</robndbox>
		<extra/>
	</object>
	<object>
		<name>1</name>
		<pose>Unspecified</pose>
		<truncated>0</truncated>
		<difficult>0</difficult>
		<robndbox>
			<cx>832.0481</cx>
			<cy>391.1435</cy>
			<w>18.0505</w>
			<h>30.5134</h>
			<angle>0.759087</angle>
		</robndbox>
		<extra/>
	</object>
	<object>
		<name>4</name>
		<pose>Unspecified</pose>
		<truncated>0</truncated>
		<difficult>0</difficult>
		<robndbox>
			<cx>473.0641</cx>
			<cy>287.1401</cy>
			<w>20.8594</w>
			<h>30.4119</h>
			<angle>6.152379</angle>
		</robndbox>
		<extra/>
	</object>
	<object>
		<name>2</name>
		<pose>Unspecified</pose>
		<truncated>0</truncated>
		<difficult>0</difficult>
		<robndbox>
			<cx>350.0641</cx>
			<cy>329.1401</cy>
			<w>20.8594</w>
			<h>30.4119</h>
			<angle>5.843047</angle>
		</robndbox>
		<extra/>
	</object>
	<object>
		<name>0</name>
		<pose>Unspecified</pose>
		<truncated>0</truncated>
		<difficult>0</difficult>
		<robndbox>
			<cx>247.0641</cx>
			<cy>406.1401</cy>
			<w>20.8594</w>
			<h>30.4119</h>
			<angle>5.465079</angle>
		</robndbox>
		<extra/>
	</object>
	<object>
		<name>needle</name>
		<pose>Unspecified</pose>
		<truncated>0</truncated>
		<difficult>0</difficult>
		<robndbox>
			<cx>362.0252</cx>
			<cy>521.0283</cy>
			<w>15.1827</w>
			<h>289.8577</h>
			<angle>5.499061</angle>
		</robndbox>
		<extra/>
	</object>
</annotation>
