<annotation>
	<folder>images</folder>
	<filename>5b19ccff-96ab-4b05-9916-dee6d0bed111.jpg</filename>
	<path>C:\Users\yaman\Documents\images\5b19ccff-96ab-4b05-9916-dee6d0bed111.jpg</path>
	<source>
		<database>Unknown</database>
	</source>
	<size>
		<width>1280</width>
		<height>960</height>
		<depth>3</depth>
	</size>
	<segmented>0</segmented>
	<object>
		<name>scale</name>
		<pose>Unspecified</pose>
		<truncated>0</truncated>
		<difficult>0</difficult>
		<robndbox>
			<cx>347.9702</cx>
			<cy>368.9405</cy>
			<w>43.5556</w>
			<h>53.2814</h>
			<angle>0.265248</angle>
		</robndbox>
		<extra/>
	</object>
	<object>
		<name>scale</name>
		<pose>Unspecified</pose>
		<truncated>0</truncated>
		<difficult>0</difficult>
		<robndbox>
			<cx>362.9702</cx>
			<cy>325.9405</cy>
			<w>43.2443</w>
			<h>53.7209</h>
			<angle>0.383536</angle>
		</robndbox>
		<extra/>
	</object>
	<object>
		<name>scale</name>
		<pose>Unspecified</pose>
		<truncated>0</truncated>
		<difficult>0</difficult>
		<robndbox>
			<cx>382.7098</cx>
			<cy>288.5955</cy>
			<w>43.8767</w>
			<h>53.5327</h>
			<angle>0.563174</angle>
		</robndbox>
		<extra/>
	</object>
	<object>
		<name>scale</name>
		<pose>Unspecified</pose>
		<truncated>0</truncated>
		<difficult>0</difficult>
		<robndbox>
			<cx>411.9702</cx>
			<cy>247.9405</cy>
			<w>45.3279</w>
			<h>61.8174</h>
			<angle>0.674135</angle>
		</robndbox>
		<extra/>
	</object>
	<object>
		<name>scale</name>
		<pose>Unspecified</pose>
		<truncated>0</truncated>
		<difficult>0</difficult>
		<robndbox>
			<cx>436.2578</cx>
			<cy>222.1463</cy>
			<w>45.9594</w>
			<h>61.3144</h>
			<angle>0.80808</angle>
		</robndbox>
		<extra/>
	</object>
	<object>
		<name>scale</name>
		<pose>Unspecified</pose>
		<truncated>0</truncated>
		<difficult>0</difficult>
		<robndbox>
			<cx>475.0237</cx>
			<cy>192.2339</cy>
			<w>43.7229</w>
			<h>53.3131</h>
			<angle>0.949404</angle>
		</robndbox>
		<extra/>
	</object>
	<object>
		<name>scale</name>
		<pose>Unspecified</pose>
		<truncated>0</truncated>
		<difficult>0</difficult>
		<robndbox>
			<cx>512.1412</cx>
			<cy>170.095</cy>
			<w>43.1986</w>
			<h>52.3438</h>
			<angle>1.093259</angle>
		</robndbox>
		<extra/>
	</object>
	<object>
		<name>scale</name>
		<pose>Unspecified</pose>
		<truncated>0</truncated>
		<difficult>0</difficult>
		<robndbox>
			<cx>553.9821</cx>
			<cy>151.878</cy>
			<w>44.3249</w>
			<h>52.99</h>
			<angle>1.260502</angle>
		</robndbox>
		<extra/>
	</object>
	<object>
		<name>scale</name>
		<pose>Unspecified</pose>
		<truncated>0</truncated>
		<difficult>0</difficult>
		<robndbox>
			<cx>594.8001</cx>
			<cy>140.5307</cy>
			<w>43.6954</w>
			<h>52.026</h>
			<angle>1.366411</angle>
		</robndbox>
		<extra/>
	</object>
	<object>
		<name>scale</name>
		<pose>Unspecified</pose>
		<truncated>0</truncated>
		<difficult>0</difficult>
		<robndbox>
			<cx>641.258</cx>
			<cy>134.3101</cy>
			<w>43.538</w>
			<h>52.066</h>
			<angle>1.51714</angle>
		</robndbox>
		<extra/>
	</object>
	<object>
		<name>scale</name>
		<pose>Unspecified</pose>
		<truncated>0</truncated>
		<difficult>0</difficult>
		<robndbox>
			<cx>683.4094</cx>
			<cy>134.6253</cy>
			<w>42.0959</w>
			<h>53.0592</h>
			<angle>1.659493</angle>
		</robndbox>
		<extra/>
	</object>
	<object>
		<name>scale</name>
		<pose>Unspecified</pose>
		<truncated>0</truncated>
		<difficult>0</difficult>
		<robndbox>
			<cx>728.3605</cx>
			<cy>140.8412</cy>
			<w>41.7878</w>
			<h>51.1946</h>
			<angle>1.780783</angle>
		</robndbox>
		<extra/>
	</object>
	<object>
		<name>scale</name>
		<pose>Unspecified</pose>
		<truncated>0</truncated>
		<difficult>0</difficult>
		<robndbox>
			<cx>770.1127</cx>
			<cy>153.0102</cy>
			<w>42.7923</w>
			<h>52.8415</h>
			<angle>1.907876</angle>
		</robndbox>
		<extra/>
	</object>
	<object>
		<name>scale</name>
		<pose>Unspecified</pose>
		<truncated>0</truncated>
		<difficult>0</difficult>
		<robndbox>
			<cx>816.0508</cx>
			<cy>173.7065</cy>
			<w>43.5415</w>
			<h>60.5572</h>
			<angle>2.047318</angle>
		</robndbox>
		<extra/>
	</object>
	<object>
		<name>scale</name>
		<pose>Unspecified</pose>
		<truncated>0</truncated>
		<difficult>0</difficult>
		<robndbox>
			<cx>845.5499</cx>
			<cy>191.7835</cy>
			<w>44.2321</w>
			<h>64.0673</h>
			<angle>2.157844</angle>
		</robndbox>
		<extra/>
	</object>
	<object>
		<name>scale</name>
		<pose>Unspecified</pose>
		<truncated>0</truncated>
		<difficult>0</difficult>
		<robndbox>
			<cx>884.8123</cx>
			<cy>222.4209</cy>
			<w>43.0075</w>
			<h>52.4502</h>
			<angle>2.302113</angle>
		</robndbox>
		<extra/>
	</object>
	<object>
		<name>scale</name>
		<pose>Unspecified</pose>
		<truncated>0</truncated>
		<difficult>0</difficult>
		<robndbox>
			<cx>913.8647</cx>
			<cy>252.697</cy>
			<w>42.3388</w>
			<h>53.8324</h>
			<angle>2.47206</angle>
		</robndbox>
		<extra/>
	</object>
	<object>
		<name>scale</name>
		<pose>Unspecified</pose>
		<truncated>0</truncated>
		<difficult>0</difficult>
		<robndbox>
			<cx>940.4789</cx>
			<cy>292.8084</cy>
			<w>42.9482</w>
			<h>53.8216</h>
			<angle>2.599424</angle>
		</robndbox>
		<extra/>
	</object>
	<object>
		<name>scale</name>
		<pose>Unspecified</pose>
		<truncated>0</truncated>
		<difficult>0</difficult>
		<robndbox>
			<cx>959.3928</cx>
			<cy>329.2527</cy>
			<w>42.6072</w>
			<h>49.8483</h>
			<angle>2.711463</angle>
		</robndbox>
		<extra/>
	</object>
	<object>
		<name>scale</name>
		<pose>Unspecified</pose>
		<truncated>0</truncated>
		<difficult>0</difficult>
		<robndbox>
			<cx>974.8408</cx>
			<cy>371.9682</cy>
			<w>43.2344</w>
			<h>52.3211</h>
			<angle>2.872056</angle>
		</robndbox>
		<extra/>
	</object>
	<object>
		<name>scale</name>
		<pose>Unspecified</pose>
		<truncated>0</truncated>
		<difficult>0</difficult>
		<robndbox>
			<cx>983.9428</cx>
			<cy>414.742</cy>
			<w>42.8877</w>
			<h>53.5994</h>
			<angle>2.996283</angle>
		</robndbox>
		<extra/>
	</object>
	<object>
		<name>scale</name>
		<pose>Unspecified</pose>
		<truncated>0</truncated>
		<difficult>0</difficult>
		<robndbox>
			<cx>986.703</cx>
			<cy>459.222</cy>
			<w>42.039</w>
			<h>52.6092</h>
			<angle>3.169011</angle>
		</robndbox>
		<extra/>
	</object>
	<object>
		<name>scale</name>
		<pose>Unspecified</pose>
		<truncated>0</truncated>
		<difficult>0</difficult>
		<robndbox>
			<cx>983.8205</cx>
			<cy>503.2339</cy>
			<w>41.3031</w>
			<h>53.0794</h>
			<angle>3.268745</angle>
		</robndbox>
		<extra/>
	</object>
	<object>
		<name>scale</name>
		<pose>Unspecified</pose>
		<truncated>0</truncated>
		<difficult>0</difficult>
		<robndbox>
			<cx>973.9488</cx>
			<cy>550.4568</cy>
			<w>42.7637</w>
			<h>59.6016</h>
			<angle>3.430165</angle>
		</robndbox>
		<extra/>
	</object>
	<object>
		<name>scale</name>
		<pose>Unspecified</pose>
		<truncated>0</truncated>
		<difficult>0</difficult>
		<robndbox>
			<cx>962.8682</cx>
			<cy>583.2856</cy>
			<w>42.8303</w>
			<h>60.2287</h>
			<angle>3.565044</angle>
		</robndbox>
		<extra/>
	</object>
	<object>
		<name>scale</name>
		<pose>Unspecified</pose>
		<truncated>0</truncated>
		<difficult>0</difficult>
		<robndbox>
			<cx>940.3171</cx>
			<cy>627.2482</cy>
			<w>43.7677</w>
			<h>52.2203</h>
			<angle>3.695579</angle>
		</robndbox>
		<extra/>
	</object>
	<object>
		<name>scale</name>
		<pose>Unspecified</pose>
		<truncated>0</truncated>
		<difficult>0</difficult>
		<robndbox>
			<cx>338.9702</cx>
			<cy>411.4405</cy>
			<w>43.8564</w>
			<h>54.6774</h>
			<angle>0.159844</angle>
		</robndbox>
		<extra/>
	</object>
	<object>
		<name>scale</name>
		<pose>Unspecified</pose>
		<truncated>0</truncated>
		<difficult>0</difficult>
		<robndbox>
			<cx>334.9702</cx>
			<cy>456.4405</cy>
			<w>43.3995</w>
			<h>55.4751</h>
			<angle>6.272314</angle>
		</robndbox>
		<extra/>
	</object>
	<object>
		<name>scale</name>
		<pose>Unspecified</pose>
		<truncated>0</truncated>
		<difficult>0</difficult>
		<robndbox>
			<cx>337.3706</cx>
			<cy>499.8049</cy>
			<w>42.214</w>
			<h>53.1469</h>
			<angle>6.150311</angle>
		</robndbox>
		<extra/>
	</object>
	<object>
		<name>scale</name>
		<pose>Unspecified</pose>
		<truncated>0</truncated>
		<difficult>0</difficult>
		<robndbox>
			<cx>346.4551</cx>
			<cy>544.1407</cy>
			<w>44.7253</w>
			<h>52.4715</h>
			<angle>6.043167</angle>
		</robndbox>
		<extra/>
	</object>
	<object>
		<name>scale</name>
		<pose>Unspecified</pose>
		<truncated>0</truncated>
		<difficult>0</difficult>
		<robndbox>
			<cx>360.0013</cx>
			<cy>583.2169</cy>
			<w>45.1884</w>
			<h>54.7306</h>
			<angle>5.847593</angle>
		</robndbox>
		<extra/>
	</object>
	<object>
		<name>scale</name>
		<pose>Unspecified</pose>
		<truncated>0</truncated>
		<difficult>0</difficult>
		<robndbox>
			<cx>382.5593</cx>
			<cy>629.7875</cy>
			<w>48.2254</w>
			<h>63.8122</h>
			<angle>5.721415</angle>
		</robndbox>
		<extra/>
	</object>
	<object>
		<name>0</name>
		<pose>Unspecified</pose>
		<truncated>0</truncated>
		<difficult>0</difficult>
		<robndbox>
			<cx>824.8958</cx>
			<cy>260.0</cy>
			<w>30.0</w>
			<h>62.0</h>
			<angle>0.0</angle>
		</robndbox>
		<extra/>
	</object>
	<object>
		<name>0</name>
		<pose>Unspecified</pose>
		<truncated>0</truncated>
		<difficult>0</difficult>
		<robndbox>
			<cx>793.8958</cx>
			<cy>260.0</cy>
			<w>30.0</w>
			<h>62.0</h>
			<angle>0.0</angle>
		</robndbox>
		<extra/>
	</object>
	<object>
		<name>0</name>
		<pose>Unspecified</pose>
		<truncated>0</truncated>
		<difficult>0</difficult>
		<robndbox>
			<cx>763.8958</cx>
			<cy>260.0</cy>
			<w>30.0</w>
			<h>62.0</h>
			<angle>0.0</angle>
		</robndbox>
		<extra/>
	</object>
	<object>
		<name>0</name>
		<pose>Unspecified</pose>
		<truncated>0</truncated>
		<difficult>0</difficult>
		<robndbox>
			<cx>911.8958</cx>
			<cy>531.0</cy>
			<w>30.0</w>
			<h>62.0</h>
			<angle>0.0</angle>
		</robndbox>
		<extra/>
	</object>
	<object>
		<name>0</name>
		<pose>Unspecified</pose>
		<truncated>0</truncated>
		<difficult>0</difficult>
		<robndbox>
			<cx>880.8958</cx>
			<cy>531.0</cy>
			<w>30.0</w>
			<h>62.0</h>
			<angle>0.0</angle>
		</robndbox>
		<extra/>
	</object>
	<object>
		<name>0</name>
		<pose>Unspecified</pose>
		<truncated>0</truncated>
		<difficult>0</difficult>
		<robndbox>
			<cx>523.8958</cx>
			<cy>299.0</cy>
			<w>30.0</w>
			<h>62.0</h>
			<angle>0.0</angle>
		</robndbox>
		<extra/>
	</object>
	<object>
		<name>0</name>
		<pose>Unspecified</pose>
		<truncated>0</truncated>
		<difficult>0</difficult>
		<robndbox>
			<cx>493.8958</cx>
			<cy>299.0</cy>
			<w>30.0</w>
			<h>62.0</h>
			<angle>0.0</angle>
		</robndbox>
		<extra/>
	</object>
	<object>
		<name>5</name>
		<pose>Unspecified</pose>
		<truncated>0</truncated>
		<difficult>0</difficult>
		<robndbox>
			<cx>463.8958</cx>
			<cy>299.0</cy>
			<w>30.0</w>
			<h>62.0</h>
			<angle>0.0</angle>
		</robndbox>
		<extra/>
	</object>
	<object>
		<name>1</name>
		<pose>Unspecified</pose>
		<truncated>0</truncated>
		<difficult>0</difficult>
		<robndbox>
			<cx>737.8958</cx>
			<cy>259.5</cy>
			<w>24.0</w>
			<h>63.0</h>
			<angle>0.0</angle>
		</robndbox>
		<extra/>
	</object>
	<object>
		<name>1</name>
		<pose>Unspecified</pose>
		<truncated>0</truncated>
		<difficult>0</difficult>
		<robndbox>
			<cx>824.8958</cx>
			<cy>530.5</cy>
			<w>24.0</w>
			<h>63.0</h>
			<angle>0.0</angle>
		</robndbox>
		<extra/>
	</object>
	<object>
		<name>5</name>
		<pose>Unspecified</pose>
		<truncated>0</truncated>
		<difficult>0</difficult>
		<robndbox>
			<cx>851.8958</cx>
			<cy>530.0</cy>
			<w>30.0</w>
			<h>62.0</h>
			<angle>0.0</angle>
		</robndbox>
		<extra/>
	</object>
	<object>
		<name>0</name>
		<pose>Unspecified</pose>
		<truncated>0</truncated>
		<difficult>0</difficult>
		<robndbox>
			<cx>876.8958</cx>
			<cy>608.5</cy>
			<w>26.0</w>
			<h>53.0</h>
			<angle>0.0</angle>
		</robndbox>
		<extra/>
	</object>
	<object>
		<name>0</name>
		<pose>Unspecified</pose>
		<truncated>0</truncated>
		<difficult>0</difficult>
		<robndbox>
			<cx>850.8958</cx>
			<cy>608.5</cy>
			<w>26.0</w>
			<h>53.0</h>
			<angle>0.0</angle>
		</robndbox>
		<extra/>
	</object>
	<object>
		<name>1</name>
		<pose>Unspecified</pose>
		<truncated>0</truncated>
		<difficult>0</difficult>
		<robndbox>
			<cx>804.3958</cx>
			<cy>609.0</cy>
			<w>19.0</w>
			<h>54.0</h>
			<angle>0.0</angle>
		</robndbox>
		<extra/>
	</object>
	<object>
		<name>6</name>
		<pose>Unspecified</pose>
		<truncated>0</truncated>
		<difficult>0</difficult>
		<robndbox>
			<cx>825.8958</cx>
			<cy>608.5</cy>
			<w>26.0</w>
			<h>53.0</h>
			<angle>0.0</angle>
		</robndbox>
		<extra/>
	</object>
	<object>
		<name>0</name>
		<pose>Unspecified</pose>
		<truncated>0</truncated>
		<difficult>0</difficult>
		<robndbox>
			<cx>448.8958</cx>
			<cy>602.0</cy>
			<w>30.0</w>
			<h>62.0</h>
			<angle>0.0</angle>
		</robndbox>
		<extra/>
	</object>
	<object>
		<name>needle</name>
		<pose>Unspecified</pose>
		<truncated>0</truncated>
		<difficult>0</difficult>
		<robndbox>
			<cx>496.9915</cx>
			<cy>575.4416</cy>
			<w>58.3183</w>
			<h>187.2916</h>
			<angle>4.084197</angle>
		</robndbox>
		<extra/>
	</object>
</annotation>
