<annotation>
	<folder>1</folder>
	<filename>5b325b90-5214-42e7-aa0d-5ed7133407bb.jpg</filename>
	<path>/home/otousan/repos/yolov5_obb/1/5b325b90-5214-42e7-aa0d-5ed7133407bb.jpg</path>
	<source>
		<database>Unknown</database>
	</source>
	<size>
		<width>500</width>
		<height>500</height>
		<depth>3</depth>
	</size>
	<segmented>0</segmented>
	<object>
		<name>scale</name>
		<pose>Unspecified</pose>
		<truncated>0</truncated>
		<difficult>0</difficult>
		<robndbox>
			<cx>128.4683</cx>
			<cy>169.4151</cy>
			<w>13.9738</w>
			<h>14.8973</h>
			<angle>0.187249</angle>
		</robndbox>
		<extra/>
	</object>
	<object>
		<name>scale</name>
		<pose>Unspecified</pose>
		<truncated>0</truncated>
		<difficult>0</difficult>
		<robndbox>
			<cx>338.4683</cx>
			<cy>276.4151</cy>
			<w>13.9738</w>
			<h>14.8973</h>
			<angle>3.844214</angle>
		</robndbox>
		<extra/>
	</object>
	<object>
		<name>scale</name>
		<pose>Unspecified</pose>
		<truncated>0</truncated>
		<difficult>0</difficult>
		<robndbox>
			<cx>131.1669</cx>
			<cy>158.1623</cy>
			<w>13.9738</w>
			<h>14.8973</h>
			<angle>0.283485</angle>
		</robndbox>
		<extra/>
	</object>
	<object>
		<name>scale</name>
		<pose>Unspecified</pose>
		<truncated>0</truncated>
		<difficult>0</difficult>
		<robndbox>
			<cx>134.9342</cx>
			<cy>147.2208</cy>
			<w>13.9738</w>
			<h>14.8973</h>
			<angle>0.379721</angle>
		</robndbox>
		<extra/>
	</object>
	<object>
		<name>scale</name>
		<pose>Unspecified</pose>
		<truncated>0</truncated>
		<difficult>0</difficult>
		<robndbox>
			<cx>139.7355</cx>
			<cy>136.6919</cy>
			<w>13.9738</w>
			<h>14.8973</h>
			<angle>0.475957</angle>
		</robndbox>
		<extra/>
	</object>
	<object>
		<name>scale</name>
		<pose>Unspecified</pose>
		<truncated>0</truncated>
		<difficult>0</difficult>
		<robndbox>
			<cx>145.5262</cx>
			<cy>126.6731</cy>
			<w>13.9738</w>
			<h>14.8973</h>
			<angle>0.572193</angle>
		</robndbox>
		<extra/>
	</object>
	<object>
		<name>scale</name>
		<pose>Unspecified</pose>
		<truncated>0</truncated>
		<difficult>0</difficult>
		<robndbox>
			<cx>152.2528</cx>
			<cy>117.257</cy>
			<w>13.9738</w>
			<h>14.8973</h>
			<angle>0.668429</angle>
		</robndbox>
		<extra/>
	</object>
	<object>
		<name>scale</name>
		<pose>Unspecified</pose>
		<truncated>0</truncated>
		<difficult>0</difficult>
		<robndbox>
			<cx>159.8531</cx>
			<cy>108.5309</cy>
			<w>13.9738</w>
			<h>14.8973</h>
			<angle>0.764665</angle>
		</robndbox>
		<extra/>
	</object>
	<object>
		<name>scale</name>
		<pose>Unspecified</pose>
		<truncated>0</truncated>
		<difficult>0</difficult>
		<robndbox>
			<cx>168.2566</cx>
			<cy>100.5755</cy>
			<w>13.9738</w>
			<h>14.8973</h>
			<angle>0.860901</angle>
		</robndbox>
		<extra/>
	</object>
	<object>
		<name>scale</name>
		<pose>Unspecified</pose>
		<truncated>0</truncated>
		<difficult>0</difficult>
		<robndbox>
			<cx>177.6921</cx>
			<cy>92.1991</cy>
			<w>14.7802</w>
			<h>14.8166</h>
			<angle>0.957137</angle>
		</robndbox>
		<extra/>
	</object>
	<object>
		<name>scale</name>
		<pose>Unspecified</pose>
		<truncated>0</truncated>
		<difficult>0</difficult>
		<robndbox>
			<cx>187.1996</cx>
			<cy>86.1228</cy>
			<w>15.9269</w>
			<h>15.6858</h>
			<angle>1.053372</angle>
		</robndbox>
		<extra/>
	</object>
	<object>
		<name>scale</name>
		<pose>Unspecified</pose>
		<truncated>0</truncated>
		<difficult>0</difficult>
		<robndbox>
			<cx>198.0275</cx>
			<cy>81.0442</cy>
			<w>14.9673</w>
			<h>15.3745</h>
			<angle>1.149608</angle>
		</robndbox>
		<extra/>
	</object>
	<object>
		<name>scale</name>
		<pose>Unspecified</pose>
		<truncated>0</truncated>
		<difficult>0</difficult>
		<robndbox>
			<cx>208.6266</cx>
			<cy>76.4919</cy>
			<w>14.8871</w>
			<h>14.5296</h>
			<angle>1.245844</angle>
		</robndbox>
		<extra/>
	</object>
	<object>
		<name>scale</name>
		<pose>Unspecified</pose>
		<truncated>0</truncated>
		<difficult>0</difficult>
		<robndbox>
			<cx>219.9451</cx>
			<cy>73.4893</cy>
			<w>15.1394</w>
			<h>14.8404</h>
			<angle>1.34208</angle>
		</robndbox>
		<extra/>
	</object>
	<object>
		<name>scale</name>
		<pose>Unspecified</pose>
		<truncated>0</truncated>
		<difficult>0</difficult>
		<robndbox>
			<cx>231.429</cx>
			<cy>70.5551</cy>
			<w>15.2891</w>
			<h>15.0412</h>
			<angle>1.438316</angle>
		</robndbox>
		<extra/>
	</object>
	<object>
		<name>scale</name>
		<pose>Unspecified</pose>
		<truncated>0</truncated>
		<difficult>0</difficult>
		<robndbox>
			<cx>243.0231</cx>
			<cy>69.7025</cy>
			<w>15.4145</w>
			<h>15.1635</h>
			<angle>1.534552</angle>
		</robndbox>
		<extra/>
	</object>
	<object>
		<name>scale</name>
		<pose>Unspecified</pose>
		<truncated>0</truncated>
		<difficult>0</difficult>
		<robndbox>
			<cx>254.1709</cx>
			<cy>68.9394</cy>
			<w>14.6003</w>
			<h>15.2733</h>
			<angle>1.630788</angle>
		</robndbox>
		<extra/>
	</object>
	<object>
		<name>scale</name>
		<pose>Unspecified</pose>
		<truncated>0</truncated>
		<difficult>0</difficult>
		<robndbox>
			<cx>265.8155</cx>
			<cy>70.2683</cy>
			<w>14.9356</w>
			<h>15.3263</h>
			<angle>1.727024</angle>
		</robndbox>
		<extra/>
	</object>
	<object>
		<name>scale</name>
		<pose>Unspecified</pose>
		<truncated>0</truncated>
		<difficult>0</difficult>
		<robndbox>
			<cx>277.9001</cx>
			<cy>72.686</cy>
			<w>14.5296</w>
			<h>15.4897</h>
			<angle>1.82326</angle>
		</robndbox>
		<extra/>
	</object>
	<object>
		<name>scale</name>
		<pose>Unspecified</pose>
		<truncated>0</truncated>
		<difficult>0</difficult>
		<robndbox>
			<cx>288.8683</cx>
			<cy>76.1842</cy>
			<w>14.4737</w>
			<h>15.6268</h>
			<angle>1.919495</angle>
		</robndbox>
		<extra/>
	</object>
	<object>
		<name>scale</name>
		<pose>Unspecified</pose>
		<truncated>0</truncated>
		<difficult>0</difficult>
		<robndbox>
			<cx>300.4308</cx>
			<cy>80.2284</cy>
			<w>13.9738</w>
			<h>14.8973</h>
			<angle>2.015731</angle>
		</robndbox>
		<extra/>
	</object>
	<object>
		<name>scale</name>
		<pose>Unspecified</pose>
		<truncated>0</truncated>
		<difficult>0</difficult>
		<robndbox>
			<cx>309.6244</cx>
			<cy>85.7055</cy>
			<w>13.9738</w>
			<h>14.8973</h>
			<angle>2.111967</angle>
		</robndbox>
		<extra/>
	</object>
	<object>
		<name>scale</name>
		<pose>Unspecified</pose>
		<truncated>0</truncated>
		<difficult>0</difficult>
		<robndbox>
			<cx>319.2445</cx>
			<cy>92.1369</cy>
			<w>13.9738</w>
			<h>14.8973</h>
			<angle>2.208203</angle>
		</robndbox>
		<extra/>
	</object>
	<object>
		<name>scale</name>
		<pose>Unspecified</pose>
		<truncated>0</truncated>
		<difficult>0</difficult>
		<robndbox>
			<cx>329.2022</cx>
			<cy>99.4628</cy>
			<w>13.9738</w>
			<h>14.8973</h>
			<angle>2.304439</angle>
		</robndbox>
		<extra/>
	</object>
	<object>
		<name>scale</name>
		<pose>Unspecified</pose>
		<truncated>0</truncated>
		<difficult>0</difficult>
		<robndbox>
			<cx>337.4145</cx>
			<cy>107.6156</cy>
			<w>13.9738</w>
			<h>14.8973</h>
			<angle>2.400675</angle>
		</robndbox>
		<extra/>
	</object>
	<object>
		<name>scale</name>
		<pose>Unspecified</pose>
		<truncated>0</truncated>
		<difficult>0</difficult>
		<robndbox>
			<cx>345.7802</cx>
			<cy>116.7295</cy>
			<w>14.2788</w>
			<h>15.1898</h>
			<angle>2.496911</angle>
		</robndbox>
		<extra/>
	</object>
	<object>
		<name>scale</name>
		<pose>Unspecified</pose>
		<truncated>0</truncated>
		<difficult>0</difficult>
		<robndbox>
			<cx>353.3065</cx>
			<cy>126.0928</cy>
			<w>13.9738</w>
			<h>14.8973</h>
			<angle>2.593147</angle>
		</robndbox>
		<extra/>
	</object>
	<object>
		<name>scale</name>
		<pose>Unspecified</pose>
		<truncated>0</truncated>
		<difficult>0</difficult>
		<robndbox>
			<cx>358.8577</cx>
			<cy>136.2463</cy>
			<w>13.9738</w>
			<h>14.8973</h>
			<angle>2.689383</angle>
		</robndbox>
		<extra/>
	</object>
	<object>
		<name>scale</name>
		<pose>Unspecified</pose>
		<truncated>0</truncated>
		<difficult>0</difficult>
		<robndbox>
			<cx>363.4076</cx>
			<cy>146.8862</cy>
			<w>13.9738</w>
			<h>14.8973</h>
			<angle>2.785619</angle>
		</robndbox>
		<extra/>
	</object>
	<object>
		<name>scale</name>
		<pose>Unspecified</pose>
		<truncated>0</truncated>
		<difficult>0</difficult>
		<robndbox>
			<cx>367.9141</cx>
			<cy>157.9141</cy>
			<w>13.9738</w>
			<h>14.8973</h>
			<angle>2.881855</angle>
		</robndbox>
		<extra/>
	</object>
	<object>
		<name>scale</name>
		<pose>Unspecified</pose>
		<truncated>0</truncated>
		<difficult>0</difficult>
		<robndbox>
			<cx>370.429</cx>
			<cy>169.7733</cy>
			<w>15.0776</w>
			<h>14.8862</h>
			<angle>2.97809</angle>
		</robndbox>
		<extra/>
	</object>
	<object>
		<name>scale</name>
		<pose>Unspecified</pose>
		<truncated>0</truncated>
		<difficult>0</difficult>
		<robndbox>
			<cx>371.677</cx>
			<cy>181.7228</cy>
			<w>13.9738</w>
			<h>14.8973</h>
			<angle>3.074326</angle>
		</robndbox>
		<extra/>
	</object>
	<object>
		<name>scale</name>
		<pose>Unspecified</pose>
		<truncated>0</truncated>
		<difficult>0</difficult>
		<robndbox>
			<cx>371.8985</cx>
			<cy>193.2926</cy>
			<w>13.9738</w>
			<h>14.8973</h>
			<angle>3.170562</angle>
		</robndbox>
		<extra/>
	</object>
	<object>
		<name>scale</name>
		<pose>Unspecified</pose>
		<truncated>0</truncated>
		<difficult>0</difficult>
		<robndbox>
			<cx>371.0074</cx>
			<cy>204.8302</cy>
			<w>13.9738</w>
			<h>14.8973</h>
			<angle>3.266798</angle>
		</robndbox>
		<extra/>
	</object>
	<object>
		<name>scale</name>
		<pose>Unspecified</pose>
		<truncated>0</truncated>
		<difficult>0</difficult>
		<robndbox>
			<cx>370.0117</cx>
			<cy>216.2287</cy>
			<w>13.9738</w>
			<h>14.8973</h>
			<angle>3.363034</angle>
		</robndbox>
		<extra/>
	</object>
	<object>
		<name>scale</name>
		<pose>Unspecified</pose>
		<truncated>0</truncated>
		<difficult>0</difficult>
		<robndbox>
			<cx>366.93</cx>
			<cy>227.3827</cy>
			<w>13.9738</w>
			<h>14.8973</h>
			<angle>3.45927</angle>
		</robndbox>
		<extra/>
	</object>
	<object>
		<name>scale</name>
		<pose>Unspecified</pose>
		<truncated>0</truncated>
		<difficult>0</difficult>
		<robndbox>
			<cx>363.7908</cx>
			<cy>238.1891</cy>
			<w>13.9738</w>
			<h>14.8973</h>
			<angle>3.555506</angle>
		</robndbox>
		<extra/>
	</object>
	<object>
		<name>scale</name>
		<pose>Unspecified</pose>
		<truncated>0</truncated>
		<difficult>0</difficult>
		<robndbox>
			<cx>358.6324</cx>
			<cy>248.5476</cy>
			<w>13.9738</w>
			<h>14.8973</h>
			<angle>3.651742</angle>
		</robndbox>
		<extra/>
	</object>
	<object>
		<name>scale</name>
		<pose>Unspecified</pose>
		<truncated>0</truncated>
		<difficult>0</difficult>
		<robndbox>
			<cx>352.5026</cx>
			<cy>258.3626</cy>
			<w>13.9738</w>
			<h>14.8973</h>
			<angle>3.747978</angle>
		</robndbox>
		<extra/>
	</object>
	<object>
		<name>scale</name>
		<pose>Unspecified</pose>
		<truncated>0</truncated>
		<difficult>0</difficult>
		<robndbox>
			<cx>345.5026</cx>
			<cy>267.3626</cy>
			<w>13.9738</w>
			<h>14.8973</h>
			<angle>3.747978</angle>
		</robndbox>
		<extra/>
	</object>
	<object>
		<name>scale</name>
		<pose>Unspecified</pose>
		<truncated>0</truncated>
		<difficult>0</difficult>
		<robndbox>
			<cx>126.4683</cx>
			<cy>181.4151</cy>
			<w>13.9738</w>
			<h>14.8973</h>
			<angle>0.106444</angle>
		</robndbox>
		<extra/>
	</object>
	<object>
		<name>scale</name>
		<pose>Unspecified</pose>
		<truncated>0</truncated>
		<difficult>0</difficult>
		<robndbox>
			<cx>126.4683</cx>
			<cy>204.4151</cy>
			<w>13.9738</w>
			<h>14.8973</h>
			<angle>6.195866</angle>
		</robndbox>
		<extra/>
	</object>
	<object>
		<name>scale</name>
		<pose>Unspecified</pose>
		<truncated>0</truncated>
		<difficult>0</difficult>
		<robndbox>
			<cx>125.4683</cx>
			<cy>192.4151</cy>
			<w>13.9738</w>
			<h>14.8973</h>
			<angle>0.035494</angle>
		</robndbox>
		<extra/>
	</object>
	<object>
		<name>scale</name>
		<pose>Unspecified</pose>
		<truncated>0</truncated>
		<difficult>0</difficult>
		<robndbox>
			<cx>131.4683</cx>
			<cy>226.4151</cy>
			<w>13.9738</w>
			<h>14.8973</h>
			<angle>6.022875</angle>
		</robndbox>
		<extra/>
	</object>
	<object>
		<name>scale</name>
		<pose>Unspecified</pose>
		<truncated>0</truncated>
		<difficult>0</difficult>
		<robndbox>
			<cx>128.4683</cx>
			<cy>215.4151</cy>
			<w>13.9738</w>
			<h>14.8973</h>
			<angle>6.109367</angle>
		</robndbox>
		<extra/>
	</object>
	<object>
		<name>scale</name>
		<pose>Unspecified</pose>
		<truncated>0</truncated>
		<difficult>0</difficult>
		<robndbox>
			<cx>135.4683</cx>
			<cy>237.4151</cy>
			<w>13.9738</w>
			<h>14.8973</h>
			<angle>5.940359</angle>
		</robndbox>
		<extra/>
	</object>
	<object>
		<name>scale</name>
		<pose>Unspecified</pose>
		<truncated>0</truncated>
		<difficult>0</difficult>
		<robndbox>
			<cx>139.4683</cx>
			<cy>247.4151</cy>
			<w>13.9738</w>
			<h>14.8973</h>
			<angle>5.770443</angle>
		</robndbox>
		<extra/>
	</object>
	<object>
		<name>scale</name>
		<pose>Unspecified</pose>
		<truncated>0</truncated>
		<difficult>0</difficult>
		<robndbox>
			<cx>152.4683</cx>
			<cy>266.4151</cy>
			<w>13.9738</w>
			<h>14.8973</h>
			<angle>5.63524</angle>
		</robndbox>
		<extra/>
	</object>
	<object>
		<name>scale</name>
		<pose>Unspecified</pose>
		<truncated>0</truncated>
		<difficult>0</difficult>
		<robndbox>
			<cx>145.4683</cx>
			<cy>257.4151</cy>
			<w>13.9738</w>
			<h>14.8973</h>
			<angle>5.740443</angle>
		</robndbox>
		<extra/>
	</object>
	<object>
		<name>0</name>
		<pose>Unspecified</pose>
		<truncated>0</truncated>
		<difficult>0</difficult>
		<robndbox>
			<cx>197.0</cx>
			<cy>122.0</cy>
			<w>16.0</w>
			<h>24.0</h>
			<angle>0.0</angle>
		</robndbox>
		<extra/>
	</object>
	<object>
		<name>0</name>
		<pose>Unspecified</pose>
		<truncated>0</truncated>
		<difficult>0</difficult>
		<robndbox>
			<cx>281.0</cx>
			<cy>121.0</cy>
			<w>16.0</w>
			<h>24.0</h>
			<angle>0.0</angle>
		</robndbox>
		<extra/>
	</object>
	<object>
		<name>0</name>
		<pose>Unspecified</pose>
		<truncated>0</truncated>
		<difficult>0</difficult>
		<robndbox>
			<cx>160.0</cx>
			<cy>182.0</cy>
			<w>16.0</w>
			<h>24.0</h>
			<angle>0.0</angle>
		</robndbox>
		<extra/>
	</object>
	<object>
		<name>0</name>
		<pose>Unspecified</pose>
		<truncated>0</truncated>
		<difficult>0</difficult>
		<robndbox>
			<cx>321.0</cx>
			<cy>182.0</cy>
			<w>16.0</w>
			<h>24.0</h>
			<angle>0.0</angle>
		</robndbox>
		<extra/>
	</object>
	<object>
		<name>0</name>
		<pose>Unspecified</pose>
		<truncated>0</truncated>
		<difficult>0</difficult>
		<robndbox>
			<cx>315.0</cx>
			<cy>252.0</cy>
			<w>16.0</w>
			<h>24.0</h>
			<angle>0.0</angle>
		</robndbox>
		<extra/>
	</object>
	<object>
		<name>0</name>
		<pose>Unspecified</pose>
		<truncated>0</truncated>
		<difficult>0</difficult>
		<robndbox>
			<cx>190.0</cx>
			<cy>256.0</cy>
			<w>16.0</w>
			<h>24.0</h>
			<angle>0.0</angle>
		</robndbox>
		<extra/>
	</object>
	<object>
		<name>6</name>
		<pose>Unspecified</pose>
		<truncated>0</truncated>
		<difficult>0</difficult>
		<robndbox>
			<cx>300.0</cx>
			<cy>121.0</cy>
			<w>16.0</w>
			<h>24.0</h>
			<angle>0.0</angle>
		</robndbox>
		<extra/>
	</object>
	<object>
		<name>8</name>
		<pose>Unspecified</pose>
		<truncated>0</truncated>
		<difficult>0</difficult>
		<robndbox>
			<cx>339.0</cx>
			<cy>182.0</cy>
			<w>16.0</w>
			<h>24.0</h>
			<angle>0.0</angle>
		</robndbox>
		<extra/>
	</object>
	<object>
		<name>1</name>
		<pose>Unspecified</pose>
		<truncated>0</truncated>
		<difficult>0</difficult>
		<robndbox>
			<cx>297.0</cx>
			<cy>252.0</cy>
			<w>14.0</w>
			<h>24.0</h>
			<angle>0.0</angle>
		</robndbox>
		<extra/>
	</object>
	<object>
		<name>4</name>
		<pose>Unspecified</pose>
		<truncated>0</truncated>
		<difficult>0</difficult>
		<robndbox>
			<cx>215.0</cx>
			<cy>122.0</cy>
			<w>16.0</w>
			<h>24.0</h>
			<angle>0.0</angle>
		</robndbox>
		<extra/>
	</object>
	<object>
		<name>2</name>
		<pose>Unspecified</pose>
		<truncated>0</truncated>
		<difficult>0</difficult>
		<robndbox>
			<cx>178.0</cx>
			<cy>182.0</cy>
			<w>16.0</w>
			<h>24.0</h>
			<angle>0.0</angle>
		</robndbox>
		<extra/>
	</object>
	<object>
		<name>dot</name>
		<pose>Unspecified</pose>
		<truncated>0</truncated>
		<difficult>0</difficult>
		<robndbox>
			<cx>206.5703</cx>
			<cy>131.9763</cy>
			<w>6.9993</w>
			<h>9.9506</h>
			<angle>3.155578</angle>
		</robndbox>
		<extra/>
	</object>
	<object>
		<name>dot</name>
		<pose>Unspecified</pose>
		<truncated>0</truncated>
		<difficult>0</difficult>
		<robndbox>
			<cx>290.5703</cx>
			<cy>130.9763</cy>
			<w>6.9993</w>
			<h>9.9506</h>
			<angle>3.155578</angle>
		</robndbox>
		<extra/>
	</object>
	<object>
		<name>dot</name>
		<pose>Unspecified</pose>
		<truncated>0</truncated>
		<difficult>0</difficult>
		<robndbox>
			<cx>330.5703</cx>
			<cy>191.9763</cy>
			<w>6.9993</w>
			<h>9.9506</h>
			<angle>3.155578</angle>
		</robndbox>
		<extra/>
	</object>
	<object>
		<name>dot</name>
		<pose>Unspecified</pose>
		<truncated>0</truncated>
		<difficult>0</difficult>
		<robndbox>
			<cx>305.5703</cx>
			<cy>259.9763</cy>
			<w>6.9993</w>
			<h>9.9506</h>
			<angle>3.155578</angle>
		</robndbox>
		<extra/>
	</object>
	<object>
		<name>dot</name>
		<pose>Unspecified</pose>
		<truncated>0</truncated>
		<difficult>0</difficult>
		<robndbox>
			<cx>168.5703</cx>
			<cy>191.9763</cy>
			<w>6.9993</w>
			<h>9.9506</h>
			<angle>3.155578</angle>
		</robndbox>
		<extra/>
	</object>
	<object>
		<name>scale</name>
		<pose>Unspecified</pose>
		<truncated>0</truncated>
		<difficult>0</difficult>
		<robndbox>
			<cx>159.4683</cx>
			<cy>275.4151</cy>
			<w>13.9738</w>
			<h>14.8973</h>
			<angle>5.556176</angle>
		</robndbox>
		<extra/>
	</object>
	<object>
		<name>needle</name>
		<pose>Unspecified</pose>
		<truncated>0</truncated>
		<difficult>0</difficult>
		<robndbox>
			<cx>226.0</cx>
			<cy>215.0</cy>
			<w>182.1103</w>
			<h>12.9546</h>
			<angle>5.530063</angle>
		</robndbox>
		<extra/>
	</object>
</annotation>
