<annotation>
	<folder>images</folder>
	<filename>5b5985c8-a121-4612-9603-966802867014.jpg</filename>
	<path>C:\Users\yaman\Documents\images\5b5985c8-a121-4612-9603-966802867014.jpg</path>
	<source>
		<database>Unknown</database>
	</source>
	<size>
		<width>500</width>
		<height>500</height>
		<depth>3</depth>
	</size>
	<segmented>0</segmented>
	<object>
		<name>scale</name>
		<pose>Unspecified</pose>
		<truncated>0</truncated>
		<difficult>0</difficult>
		<robndbox>
			<cx>107.6274</cx>
			<cy>201.975</cy>
			<w>17.5821</w>
			<h>40.6667</h>
			<angle>0.300764</angle>
		</robndbox>
		<extra/>
	</object>
	<object>
		<name>scale</name>
		<pose>Unspecified</pose>
		<truncated>0</truncated>
		<difficult>0</difficult>
		<robndbox>
			<cx>374.6274</cx>
			<cy>325.975</cy>
			<w>17.5821</w>
			<h>40.6667</h>
			<angle>3.65722</angle>
		</robndbox>
		<extra/>
	</object>
	<object>
		<name>scale</name>
		<pose>Unspecified</pose>
		<truncated>0</truncated>
		<difficult>0</difficult>
		<robndbox>
			<cx>122.4972</cx>
			<cy>170.3187</cy>
			<w>17.7317</w>
			<h>41.5591</h>
			<angle>0.549896</angle>
		</robndbox>
		<extra/>
	</object>
	<object>
		<name>scale</name>
		<pose>Unspecified</pose>
		<truncated>0</truncated>
		<difficult>0</difficult>
		<robndbox>
			<cx>145.5</cx>
			<cy>140.0</cy>
			<w>18.2927</w>
			<h>42.8763</h>
			<angle>0.718473</angle>
		</robndbox>
		<extra/>
	</object>
	<object>
		<name>scale</name>
		<pose>Unspecified</pose>
		<truncated>0</truncated>
		<difficult>0</difficult>
		<robndbox>
			<cx>171.1972</cx>
			<cy>119.1759</cy>
			<w>17.6221</w>
			<h>41.7852</h>
			<angle>1.110421</angle>
		</robndbox>
		<extra/>
	</object>
	<object>
		<name>scale</name>
		<pose>Unspecified</pose>
		<truncated>0</truncated>
		<difficult>0</difficult>
		<robndbox>
			<cx>206.6294</cx>
			<cy>106.6416</cy>
			<w>18.4054</w>
			<h>41.5823</h>
			<angle>1.304005</angle>
		</robndbox>
		<extra/>
	</object>
	<object>
		<name>scale</name>
		<pose>Unspecified</pose>
		<truncated>0</truncated>
		<difficult>0</difficult>
		<robndbox>
			<cx>241.4074</cx>
			<cy>100.057</cy>
			<w>17.5821</w>
			<h>40.6667</h>
			<angle>1.495656</angle>
		</robndbox>
		<extra/>
	</object>
	<object>
		<name>scale</name>
		<pose>Unspecified</pose>
		<truncated>0</truncated>
		<difficult>0</difficult>
		<robndbox>
			<cx>278.1107</cx>
			<cy>100.6518</cy>
			<w>17.7888</w>
			<h>41.5681</h>
			<angle>1.691561</angle>
		</robndbox>
		<extra/>
	</object>
	<object>
		<name>scale</name>
		<pose>Unspecified</pose>
		<truncated>0</truncated>
		<difficult>0</difficult>
		<robndbox>
			<cx>310.0938</cx>
			<cy>111.2459</cy>
			<w>18.0623</w>
			<h>43.0023</h>
			<angle>2.044882</angle>
		</robndbox>
		<extra/>
	</object>
	<object>
		<name>scale</name>
		<pose>Unspecified</pose>
		<truncated>0</truncated>
		<difficult>0</difficult>
		<robndbox>
			<cx>340.827</cx>
			<cy>131.9198</cy>
			<w>17.5821</w>
			<h>40.6667</h>
			<angle>2.254467</angle>
		</robndbox>
		<extra/>
	</object>
	<object>
		<name>scale</name>
		<pose>Unspecified</pose>
		<truncated>0</truncated>
		<difficult>0</difficult>
		<robndbox>
			<cx>365.508</cx>
			<cy>156.9903</cy>
			<w>17.5821</w>
			<h>40.6667</h>
			<angle>2.476896</angle>
		</robndbox>
		<extra/>
	</object>
	<object>
		<name>scale</name>
		<pose>Unspecified</pose>
		<truncated>0</truncated>
		<difficult>0</difficult>
		<robndbox>
			<cx>386.0296</cx>
			<cy>188.3841</cy>
			<w>17.5969</w>
			<h>41.8546</h>
			<angle>2.656693</angle>
		</robndbox>
		<extra/>
	</object>
	<object>
		<name>scale</name>
		<pose>Unspecified</pose>
		<truncated>0</truncated>
		<difficult>0</difficult>
		<robndbox>
			<cx>394.9302</cx>
			<cy>219.7716</cy>
			<w>18.1708</w>
			<h>41.5295</h>
			<angle>3.057211</angle>
		</robndbox>
		<extra/>
	</object>
	<object>
		<name>scale</name>
		<pose>Unspecified</pose>
		<truncated>0</truncated>
		<difficult>0</difficult>
		<robndbox>
			<cx>394.8153</cx>
			<cy>257.5584</cy>
			<w>17.5821</w>
			<h>40.6667</h>
			<angle>3.255868</angle>
		</robndbox>
		<extra/>
	</object>
	<object>
		<name>scale</name>
		<pose>Unspecified</pose>
		<truncated>0</truncated>
		<difficult>0</difficult>
		<robndbox>
			<cx>388.6163</cx>
			<cy>292.4446</cy>
			<w>17.5821</w>
			<h>40.6667</h>
			<angle>3.400762</angle>
		</robndbox>
		<extra/>
	</object>
	<object>
		<name>scale</name>
		<pose>Unspecified</pose>
		<truncated>0</truncated>
		<difficult>0</difficult>
		<robndbox>
			<cx>98.6675</cx>
			<cy>238.5562</cy>
			<w>17.4357</w>
			<h>41.866</h>
			<angle>0.145849</angle>
		</robndbox>
		<extra/>
	</object>
	<object>
		<name>scale</name>
		<pose>Unspecified</pose>
		<truncated>0</truncated>
		<difficult>0</difficult>
		<robndbox>
			<cx>99.8235</cx>
			<cy>271.371</cy>
			<w>17.181</w>
			<h>41.4542</h>
			<angle>6.057661</angle>
		</robndbox>
		<extra/>
	</object>
	<object>
		<name>scale</name>
		<pose>Unspecified</pose>
		<truncated>0</truncated>
		<difficult>0</difficult>
		<robndbox>
			<cx>111.8235</cx>
			<cy>306.371</cy>
			<w>17.181</w>
			<h>41.4542</h>
			<angle>5.87348</angle>
		</robndbox>
		<extra/>
	</object>
	<object>
		<name>scale</name>
		<pose>Unspecified</pose>
		<truncated>0</truncated>
		<difficult>0</difficult>
		<robndbox>
			<cx>124.1921</cx>
			<cy>333.5037</cy>
			<w>16.618</w>
			<h>28.5045</h>
			<angle>5.832138</angle>
		</robndbox>
		<extra/>
	</object>
	<object>
		<name>4</name>
		<pose>Unspecified</pose>
		<truncated>0</truncated>
		<difficult>0</difficult>
		<robndbox>
			<cx>172.5</cx>
			<cy>165.5</cy>
			<w>25.0</w>
			<h>35.0</h>
			<angle>0.0</angle>
		</robndbox>
		<extra/>
	</object>
	<object>
		<name>6</name>
		<pose>Unspecified</pose>
		<truncated>0</truncated>
		<difficult>0</difficult>
		<robndbox>
			<cx>268.5</cx>
			<cy>148.5</cy>
			<w>25.0</w>
			<h>35.0</h>
			<angle>0.0</angle>
		</robndbox>
		<extra/>
	</object>
	<object>
		<name>8</name>
		<pose>Unspecified</pose>
		<truncated>0</truncated>
		<difficult>0</difficult>
		<robndbox>
			<cx>330.5</cx>
			<cy>222.5</cy>
			<w>25.0</w>
			<h>35.0</h>
			<angle>0.0</angle>
		</robndbox>
		<extra/>
	</object>
	<object>
		<name>2</name>
		<pose>Unspecified</pose>
		<truncated>0</truncated>
		<difficult>0</difficult>
		<robndbox>
			<cx>138.5</cx>
			<cy>252.5</cy>
			<w>25.0</w>
			<h>35.0</h>
			<angle>0.0</angle>
		</robndbox>
		<extra/>
	</object>
	<object>
		<name>0</name>
		<pose>Unspecified</pose>
		<truncated>0</truncated>
		<difficult>0</difficult>
		<robndbox>
			<cx>197.5</cx>
			<cy>165.5</cy>
			<w>25.0</w>
			<h>35.0</h>
			<angle>0.0</angle>
		</robndbox>
		<extra/>
	</object>
	<object>
		<name>0</name>
		<pose>Unspecified</pose>
		<truncated>0</truncated>
		<difficult>0</difficult>
		<robndbox>
			<cx>293.5</cx>
			<cy>148.5</cy>
			<w>25.0</w>
			<h>35.0</h>
			<angle>0.0</angle>
		</robndbox>
		<extra/>
	</object>
	<object>
		<name>0</name>
		<pose>Unspecified</pose>
		<truncated>0</truncated>
		<difficult>0</difficult>
		<robndbox>
			<cx>355.5</cx>
			<cy>222.5</cy>
			<w>25.0</w>
			<h>35.0</h>
			<angle>0.0</angle>
		</robndbox>
		<extra/>
	</object>
	<object>
		<name>0</name>
		<pose>Unspecified</pose>
		<truncated>0</truncated>
		<difficult>0</difficult>
		<robndbox>
			<cx>164.5</cx>
			<cy>252.5</cy>
			<w>25.0</w>
			<h>35.0</h>
			<angle>0.0</angle>
		</robndbox>
		<extra/>
	</object>
	<object>
		<name>needle</name>
		<pose>Unspecified</pose>
		<truncated>0</truncated>
		<difficult>0</difficult>
		<robndbox>
			<cx>219.5785</cx>
			<cy>270.994</cy>
			<w>30.675</w>
			<h>226.6292</h>
			<angle>4.020831</angle>
		</robndbox>
		<extra/>
	</object>
	<object>
		<name>0</name>
		<pose>Unspecified</pose>
		<truncated>0</truncated>
		<difficult>0</difficult>
		<robndbox>
			<cx>356.0833</cx>
			<cy>312.8397</cy>
			<w>18.1667</w>
			<h>26.3205</h>
			<angle>0.0</angle>
		</robndbox>
		<extra/>
	</object>
	<object>
		<name>0</name>
		<pose>Unspecified</pose>
		<truncated>0</truncated>
		<difficult>0</difficult>
		<robndbox>
			<cx>339.0833</cx>
			<cy>312.8397</cy>
			<w>18.1667</w>
			<h>26.3205</h>
			<angle>0.0</angle>
		</robndbox>
		<extra/>
	</object>
	<object>
		<name>1</name>
		<pose>Unspecified</pose>
		<truncated>0</truncated>
		<difficult>0</difficult>
		<robndbox>
			<cx>323.25</cx>
			<cy>313.1795</cy>
			<w>14.1667</w>
			<h>27.0</h>
			<angle>0.0</angle>
		</robndbox>
		<extra/>
	</object>
	<object>
		<name>1</name>
		<pose>Unspecified</pose>
		<truncated>0</truncated>
		<difficult>0</difficult>
		<robndbox>
			<cx>139.25</cx>
			<cy>307.1795</cy>
			<w>10.1667</w>
			<h>21.0</h>
			<angle>0.0</angle>
		</robndbox>
		<extra/>
	</object>
	<object>
		<name>0</name>
		<pose>Unspecified</pose>
		<truncated>0</truncated>
		<difficult>0</difficult>
		<robndbox>
			<cx>151.5833</cx>
			<cy>307.1795</cy>
			<w>15.1667</w>
			<h>21.0</h>
			<angle>0.0</angle>
		</robndbox>
		<extra/>
	</object>
	<object>
		<name>0</name>
		<pose>Unspecified</pose>
		<truncated>0</truncated>
		<difficult>0</difficult>
		<robndbox>
			<cx>166.1667</cx>
			<cy>322.8397</cy>
			<w>20.0</w>
			<h>29.6795</h>
			<angle>0.0</angle>
		</robndbox>
		<extra/>
	</object>
</annotation>
