<annotation>
	<folder>images</folder>
	<filename>5bf1e19b-d994-4a1d-bf38-a3da94b86af5.jpg</filename>
	<path>C:\Users\yaman\Documents\images\5bf1e19b-d994-4a1d-bf38-a3da94b86af5.jpg</path>
	<source>
		<database>Unknown</database>
	</source>
	<size>
		<width>800</width>
		<height>800</height>
		<depth>3</depth>
	</size>
	<segmented>0</segmented>
	<object>
		<name>scale</name>
		<pose>Unspecified</pose>
		<truncated>0</truncated>
		<difficult>0</difficult>
		<robndbox>
			<cx>218.8263</cx>
			<cy>529.6458</cy>
			<w>28.3932</w>
			<h>26.6868</h>
			<angle>0.011885</angle>
		</robndbox>
		<extra/>
	</object>
	<object>
		<name>scale</name>
		<pose>Unspecified</pose>
		<truncated>0</truncated>
		<difficult>0</difficult>
		<robndbox>
			<cx>525.7257</cx>
			<cy>214.2598</cy>
			<w>32.1264</w>
			<h>30.9617</h>
			<angle>1.521095</angle>
		</robndbox>
		<extra/>
	</object>
	<object>
		<name>scale</name>
		<pose>Unspecified</pose>
		<truncated>0</truncated>
		<difficult>0</difficult>
		<robndbox>
			<cx>219.9584</cx>
			<cy>505.9232</cy>
			<w>28.8933</w>
			<h>27.2799</h>
			<angle>0.09573</angle>
		</robndbox>
		<extra/>
	</object>
	<object>
		<name>scale</name>
		<pose>Unspecified</pose>
		<truncated>0</truncated>
		<difficult>0</difficult>
		<robndbox>
			<cx>222.2865</cx>
			<cy>481.6637</cy>
			<w>28.7596</w>
			<h>28.1627</h>
			<angle>0.179575</angle>
		</robndbox>
		<extra/>
	</object>
	<object>
		<name>scale</name>
		<pose>Unspecified</pose>
		<truncated>0</truncated>
		<difficult>0</difficult>
		<robndbox>
			<cx>226.9076</cx>
			<cy>457.6527</cy>
			<w>28.3932</w>
			<h>26.6868</h>
			<angle>0.217996</angle>
		</robndbox>
		<extra/>
	</object>
	<object>
		<name>scale</name>
		<pose>Unspecified</pose>
		<truncated>0</truncated>
		<difficult>0</difficult>
		<robndbox>
			<cx>233.043</cx>
			<cy>434.5817</cy>
			<w>29.0554</w>
			<h>26.8207</h>
			<angle>0.270372</angle>
		</robndbox>
		<extra/>
	</object>
	<object>
		<name>scale</name>
		<pose>Unspecified</pose>
		<truncated>0</truncated>
		<difficult>0</difficult>
		<robndbox>
			<cx>241.4329</cx>
			<cy>411.8042</cy>
			<w>29.7492</w>
			<h>28.5277</h>
			<angle>0.384786</angle>
		</robndbox>
		<extra/>
	</object>
	<object>
		<name>scale</name>
		<pose>Unspecified</pose>
		<truncated>0</truncated>
		<difficult>0</difficult>
		<robndbox>
			<cx>251.8781</cx>
			<cy>389.8834</cy>
			<w>28.1038</w>
			<h>28.6683</h>
			<angle>0.485419</angle>
		</robndbox>
		<extra/>
	</object>
	<object>
		<name>scale</name>
		<pose>Unspecified</pose>
		<truncated>0</truncated>
		<difficult>0</difficult>
		<robndbox>
			<cx>263.9206</cx>
			<cy>367.912</cy>
			<w>29.6403</w>
			<h>29.1138</h>
			<angle>0.508019</angle>
		</robndbox>
		<extra/>
	</object>
	<object>
		<name>scale</name>
		<pose>Unspecified</pose>
		<truncated>0</truncated>
		<difficult>0</difficult>
		<robndbox>
			<cx>277.7309</cx>
			<cy>347.1282</cy>
			<w>29.8051</w>
			<h>29.3891</h>
			<angle>0.654774</angle>
		</robndbox>
		<extra/>
	</object>
	<object>
		<name>scale</name>
		<pose>Unspecified</pose>
		<truncated>0</truncated>
		<difficult>0</difficult>
		<robndbox>
			<cx>293.6121</cx>
			<cy>327.0804</cy>
			<w>30.4653</w>
			<h>29.0724</h>
			<angle>0.695134</angle>
		</robndbox>
		<extra/>
	</object>
	<object>
		<name>scale</name>
		<pose>Unspecified</pose>
		<truncated>0</truncated>
		<difficult>0</difficult>
		<robndbox>
			<cx>311.1855</cx>
			<cy>308.9972</cy>
			<w>30.3756</w>
			<h>29.0162</h>
			<angle>0.817116</angle>
		</robndbox>
		<extra/>
	</object>
	<object>
		<name>scale</name>
		<pose>Unspecified</pose>
		<truncated>0</truncated>
		<difficult>0</difficult>
		<robndbox>
			<cx>330.8831</cx>
			<cy>291.0154</cy>
			<w>30.0449</w>
			<h>29.7468</h>
			<angle>0.827006</angle>
		</robndbox>
		<extra/>
	</object>
	<object>
		<name>scale</name>
		<pose>Unspecified</pose>
		<truncated>0</truncated>
		<difficult>0</difficult>
		<robndbox>
			<cx>350.6386</cx>
			<cy>274.9333</cy>
			<w>30.5755</w>
			<h>29.8884</h>
			<angle>0.967794</angle>
		</robndbox>
		<extra/>
	</object>
	<object>
		<name>scale</name>
		<pose>Unspecified</pose>
		<truncated>0</truncated>
		<difficult>0</difficult>
		<robndbox>
			<cx>372.5</cx>
			<cy>261.5</cy>
			<w>30.6384</w>
			<h>30.1875</h>
			<angle>1.043254</angle>
		</robndbox>
		<extra/>
	</object>
	<object>
		<name>scale</name>
		<pose>Unspecified</pose>
		<truncated>0</truncated>
		<difficult>0</difficult>
		<robndbox>
			<cx>396.4599</cx>
			<cy>248.1456</cy>
			<w>32.1039</w>
			<h>31.0215</h>
			<angle>1.067922</angle>
		</robndbox>
		<extra/>
	</object>
	<object>
		<name>scale</name>
		<pose>Unspecified</pose>
		<truncated>0</truncated>
		<difficult>0</difficult>
		<robndbox>
			<cx>420.2842</cx>
			<cy>237.3244</cy>
			<w>30.6518</w>
			<h>29.7237</h>
			<angle>1.19928</angle>
		</robndbox>
		<extra/>
	</object>
	<object>
		<name>scale</name>
		<pose>Unspecified</pose>
		<truncated>0</truncated>
		<difficult>0</difficult>
		<robndbox>
			<cx>445.9143</cx>
			<cy>228.9474</cy>
			<w>31.8539</w>
			<h>30.2145</h>
			<angle>1.288365</angle>
		</robndbox>
		<extra/>
	</object>
	<object>
		<name>scale</name>
		<pose>Unspecified</pose>
		<truncated>0</truncated>
		<difficult>0</difficult>
		<robndbox>
			<cx>472.3393</cx>
			<cy>221.7367</cy>
			<w>31.4517</w>
			<h>31.7017</h>
			<angle>1.359067</angle>
		</robndbox>
		<extra/>
	</object>
	<object>
		<name>scale</name>
		<pose>Unspecified</pose>
		<truncated>0</truncated>
		<difficult>0</difficult>
		<robndbox>
			<cx>498.5121</cx>
			<cy>216.5549</cy>
			<w>31.8494</w>
			<h>30.5287</h>
			<angle>1.419668</angle>
		</robndbox>
		<extra/>
	</object>
	<object>
		<name>3</name>
		<pose>Unspecified</pose>
		<truncated>0</truncated>
		<difficult>0</difficult>
		<robndbox>
			<cx>414.0</cx>
			<cy>315.0</cy>
			<w>20.0</w>
			<h>32.0</h>
			<angle>6.253982</angle>
		</robndbox>
		<extra/>
	</object>
	<object>
		<name>4</name>
		<pose>Unspecified</pose>
		<truncated>0</truncated>
		<difficult>0</difficult>
		<robndbox>
			<cx>518.0</cx>
			<cy>285.0</cy>
			<w>20.0</w>
			<h>32.0</h>
			<angle>6.253982</angle>
		</robndbox>
		<extra/>
	</object>
	<object>
		<name>2</name>
		<pose>Unspecified</pose>
		<truncated>0</truncated>
		<difficult>0</difficult>
		<robndbox>
			<cx>332.2643</cx>
			<cy>380.3574</cy>
			<w>19.4925</w>
			<h>32.73</h>
			<angle>6.253982</angle>
		</robndbox>
		<extra/>
	</object>
	<object>
		<name>1</name>
		<pose>Unspecified</pose>
		<truncated>0</truncated>
		<difficult>0</difficult>
		<robndbox>
			<cx>286.0</cx>
			<cy>458.0</cy>
			<w>20.0</w>
			<h>32.0</h>
			<angle>6.253982</angle>
		</robndbox>
		<extra/>
	</object>
	<object>
		<name>0</name>
		<pose>Unspecified</pose>
		<truncated>0</truncated>
		<difficult>0</difficult>
		<robndbox>
			<cx>279.0</cx>
			<cy>542.0</cy>
			<w>20.0</w>
			<h>32.0</h>
			<angle>6.253982</angle>
		</robndbox>
		<extra/>
	</object>
	<object>
		<name>0</name>
		<pose>Unspecified</pose>
		<truncated>0</truncated>
		<difficult>0</difficult>
		<robndbox>
			<cx>308.0</cx>
			<cy>458.0</cy>
			<w>20.0</w>
			<h>32.0</h>
			<angle>6.253982</angle>
		</robndbox>
		<extra/>
	</object>
	<object>
		<name>0</name>
		<pose>Unspecified</pose>
		<truncated>0</truncated>
		<difficult>0</difficult>
		<robndbox>
			<cx>329.0</cx>
			<cy>458.0</cy>
			<w>20.0</w>
			<h>32.0</h>
			<angle>6.253982</angle>
		</robndbox>
		<extra/>
	</object>
	<object>
		<name>0</name>
		<pose>Unspecified</pose>
		<truncated>0</truncated>
		<difficult>0</difficult>
		<robndbox>
			<cx>353.0</cx>
			<cy>380.0</cy>
			<w>20.0</w>
			<h>32.0</h>
			<angle>6.253982</angle>
		</robndbox>
		<extra/>
	</object>
	<object>
		<name>0</name>
		<pose>Unspecified</pose>
		<truncated>0</truncated>
		<difficult>0</difficult>
		<robndbox>
			<cx>374.0</cx>
			<cy>380.0</cy>
			<w>20.0</w>
			<h>32.0</h>
			<angle>6.253982</angle>
		</robndbox>
		<extra/>
	</object>
	<object>
		<name>0</name>
		<pose>Unspecified</pose>
		<truncated>0</truncated>
		<difficult>0</difficult>
		<robndbox>
			<cx>435.0</cx>
			<cy>314.0</cy>
			<w>20.0</w>
			<h>32.0</h>
			<angle>6.253982</angle>
		</robndbox>
		<extra/>
	</object>
	<object>
		<name>0</name>
		<pose>Unspecified</pose>
		<truncated>0</truncated>
		<difficult>0</difficult>
		<robndbox>
			<cx>455.0</cx>
			<cy>314.0</cy>
			<w>20.0</w>
			<h>32.0</h>
			<angle>6.253982</angle>
		</robndbox>
		<extra/>
	</object>
	<object>
		<name>0</name>
		<pose>Unspecified</pose>
		<truncated>0</truncated>
		<difficult>0</difficult>
		<robndbox>
			<cx>560.0</cx>
			<cy>285.0</cy>
			<w>20.0</w>
			<h>32.0</h>
			<angle>6.253982</angle>
		</robndbox>
		<extra/>
	</object>
	<object>
		<name>0</name>
		<pose>Unspecified</pose>
		<truncated>0</truncated>
		<difficult>0</difficult>
		<robndbox>
			<cx>539.0</cx>
			<cy>285.0</cy>
			<w>20.0</w>
			<h>32.0</h>
			<angle>6.253982</angle>
		</robndbox>
		<extra/>
	</object>
	<object>
		<name>A</name>
		<pose>Unspecified</pose>
		<truncated>0</truncated>
		<difficult>0</difficult>
		<robndbox>
			<cx>232.523</cx>
			<cy>259.8355</cy>
			<w>43.0565</w>
			<h>65.6141</h>
			<angle>6.253982</angle>
		</robndbox>
		<extra/>
	</object>
	<object>
		<name>needle</name>
		<pose>Unspecified</pose>
		<truncated>0</truncated>
		<difficult>0</difficult>
		<robndbox>
			<cx>338.2709</cx>
			<cy>542.0033</cy>
			<w>20.9998</w>
			<h>247.5456</h>
			<angle>4.679117</angle>
		</robndbox>
		<extra/>
	</object>
</annotation>
