<annotation>
	<folder>images</folder>
	<filename>5c2b030c-1a27-4c14-9cc7-d543465f5f21.jpg</filename>
	<path>C:\Users\yaman\Documents\images\5c2b030c-1a27-4c14-9cc7-d543465f5f21.jpg</path>
	<source>
		<database>Unknown</database>
	</source>
	<size>
		<width>500</width>
		<height>500</height>
		<depth>3</depth>
	</size>
	<segmented>0</segmented>
	<object>
		<name>scale</name>
		<pose>Unspecified</pose>
		<truncated>0</truncated>
		<difficult>0</difficult>
		<robndbox>
			<cx>150.5355</cx>
			<cy>176.0024</cy>
			<w>12.5003</w>
			<h>10.0368</h>
			<angle>0.961139</angle>
		</robndbox>
		<extra/>
	</object>
	<object>
		<name>scale</name>
		<pose>Unspecified</pose>
		<truncated>0</truncated>
		<difficult>0</difficult>
		<robndbox>
			<cx>263.5355</cx>
			<cy>150.0024</cy>
			<w>12.5003</w>
			<h>10.0368</h>
			<angle>1.730699</angle>
		</robndbox>
		<extra/>
	</object>
	<object>
		<name>scale</name>
		<pose>Unspecified</pose>
		<truncated>0</truncated>
		<difficult>0</difficult>
		<robndbox>
			<cx>156.3096</cx>
			<cy>172.1741</cy>
			<w>12.5003</w>
			<h>10.0368</h>
			<angle>1.00952</angle>
		</robndbox>
		<extra/>
	</object>
	<object>
		<name>scale</name>
		<pose>Unspecified</pose>
		<truncated>0</truncated>
		<difficult>0</difficult>
		<robndbox>
			<cx>162.2621</cx>
			<cy>168.6295</cy>
			<w>12.5003</w>
			<h>10.0368</h>
			<angle>1.0579</angle>
		</robndbox>
		<extra/>
	</object>
	<object>
		<name>scale</name>
		<pose>Unspecified</pose>
		<truncated>0</truncated>
		<difficult>0</difficult>
		<robndbox>
			<cx>168.379</cx>
			<cy>165.377</cy>
			<w>12.5003</w>
			<h>10.0368</h>
			<angle>1.106281</angle>
		</robndbox>
		<extra/>
	</object>
	<object>
		<name>scale</name>
		<pose>Unspecified</pose>
		<truncated>0</truncated>
		<difficult>0</difficult>
		<robndbox>
			<cx>174.6461</cx>
			<cy>161.4241</cy>
			<w>12.5003</w>
			<h>10.0368</h>
			<angle>1.154662</angle>
		</robndbox>
		<extra/>
	</object>
	<object>
		<name>scale</name>
		<pose>Unspecified</pose>
		<truncated>0</truncated>
		<difficult>0</difficult>
		<robndbox>
			<cx>181.0487</cx>
			<cy>158.7777</cy>
			<w>12.5003</w>
			<h>10.0368</h>
			<angle>1.203042</angle>
		</robndbox>
		<extra/>
	</object>
	<object>
		<name>scale</name>
		<pose>Unspecified</pose>
		<truncated>0</truncated>
		<difficult>0</difficult>
		<robndbox>
			<cx>187.5717</cx>
			<cy>156.4441</cy>
			<w>12.5003</w>
			<h>10.0368</h>
			<angle>1.251423</angle>
		</robndbox>
		<extra/>
	</object>
	<object>
		<name>scale</name>
		<pose>Unspecified</pose>
		<truncated>0</truncated>
		<difficult>0</difficult>
		<robndbox>
			<cx>194.2</cx>
			<cy>154.4287</cy>
			<w>12.5003</w>
			<h>10.0368</h>
			<angle>1.299803</angle>
		</robndbox>
		<extra/>
	</object>
	<object>
		<name>scale</name>
		<pose>Unspecified</pose>
		<truncated>0</truncated>
		<difficult>0</difficult>
		<robndbox>
			<cx>200.9179</cx>
			<cy>152.7362</cy>
			<w>12.5003</w>
			<h>10.0368</h>
			<angle>1.348184</angle>
		</robndbox>
		<extra/>
	</object>
	<object>
		<name>scale</name>
		<pose>Unspecified</pose>
		<truncated>0</truncated>
		<difficult>0</difficult>
		<robndbox>
			<cx>207.7099</cx>
			<cy>151.3705</cy>
			<w>12.5003</w>
			<h>10.0368</h>
			<angle>1.396565</angle>
		</robndbox>
		<extra/>
	</object>
	<object>
		<name>scale</name>
		<pose>Unspecified</pose>
		<truncated>0</truncated>
		<difficult>0</difficult>
		<robndbox>
			<cx>215.56</cx>
			<cy>150.3349</cy>
			<w>12.5003</w>
			<h>10.0368</h>
			<angle>1.444945</angle>
		</robndbox>
		<extra/>
	</object>
	<object>
		<name>scale</name>
		<pose>Unspecified</pose>
		<truncated>0</truncated>
		<difficult>0</difficult>
		<robndbox>
			<cx>221.4521</cx>
			<cy>149.6319</cy>
			<w>12.5003</w>
			<h>10.0368</h>
			<angle>1.493326</angle>
		</robndbox>
		<extra/>
	</object>
	<object>
		<name>scale</name>
		<pose>Unspecified</pose>
		<truncated>0</truncated>
		<difficult>0</difficult>
		<robndbox>
			<cx>226.3702</cx>
			<cy>149.2629</cy>
			<w>12.5003</w>
			<h>10.0368</h>
			<angle>1.541707</angle>
		</robndbox>
		<extra/>
	</object>
	<object>
		<name>scale</name>
		<pose>Unspecified</pose>
		<truncated>0</truncated>
		<difficult>0</difficult>
		<robndbox>
			<cx>233.298</cx>
			<cy>149.229</cy>
			<w>12.5003</w>
			<h>10.0368</h>
			<angle>1.590087</angle>
		</robndbox>
		<extra/>
	</object>
	<object>
		<name>scale</name>
		<pose>Unspecified</pose>
		<truncated>0</truncated>
		<difficult>0</difficult>
		<robndbox>
			<cx>239.2194</cx>
			<cy>148.5301</cy>
			<w>12.5003</w>
			<h>10.0368</h>
			<angle>1.573098</angle>
		</robndbox>
		<extra/>
	</object>
	<object>
		<name>scale</name>
		<pose>Unspecified</pose>
		<truncated>0</truncated>
		<difficult>0</difficult>
		<robndbox>
			<cx>245.1181</cx>
			<cy>149.1656</cy>
			<w>12.5003</w>
			<h>10.0368</h>
			<angle>1.614364</angle>
		</robndbox>
		<extra/>
	</object>
	<object>
		<name>scale</name>
		<pose>Unspecified</pose>
		<truncated>0</truncated>
		<difficult>0</difficult>
		<robndbox>
			<cx>250.9779</cx>
			<cy>149.134</cy>
			<w>12.5003</w>
			<h>10.0368</h>
			<angle>1.689127</angle>
		</robndbox>
		<extra/>
	</object>
	<object>
		<name>scale</name>
		<pose>Unspecified</pose>
		<truncated>0</truncated>
		<difficult>0</difficult>
		<robndbox>
			<cx>257.783</cx>
			<cy>149.4331</cy>
			<w>12.5003</w>
			<h>10.0368</h>
			<angle>1.698704</angle>
		</robndbox>
		<extra/>
	</object>
	<object>
		<name>scale</name>
		<pose>Unspecified</pose>
		<truncated>0</truncated>
		<difficult>0</difficult>
		<robndbox>
			<cx>269.5355</cx>
			<cy>151.0024</cy>
			<w>12.5003</w>
			<h>10.0368</h>
			<angle>1.81224</angle>
		</robndbox>
		<extra/>
	</object>
	<object>
		<name>scale</name>
		<pose>Unspecified</pose>
		<truncated>0</truncated>
		<difficult>0</difficult>
		<robndbox>
			<cx>274.4891</cx>
			<cy>151.9529</cy>
			<w>12.4264</w>
			<h>8.2462</h>
			<angle>1.81224</angle>
		</robndbox>
		<extra/>
	</object>
	<object>
		<name>scale</name>
		<pose>Unspecified</pose>
		<truncated>0</truncated>
		<difficult>0</difficult>
		<robndbox>
			<cx>279.4891</cx>
			<cy>153.9529</cy>
			<w>12.4264</w>
			<h>8.2462</h>
			<angle>1.81224</angle>
		</robndbox>
		<extra/>
	</object>
	<object>
		<name>scale</name>
		<pose>Unspecified</pose>
		<truncated>0</truncated>
		<difficult>0</difficult>
		<robndbox>
			<cx>283.9891</cx>
			<cy>154.9529</cy>
			<w>12.1873</w>
			<h>7.2752</h>
			<angle>1.81224</angle>
		</robndbox>
		<extra/>
	</object>
	<object>
		<name>scale</name>
		<pose>Unspecified</pose>
		<truncated>0</truncated>
		<difficult>0</difficult>
		<robndbox>
			<cx>287.9891</cx>
			<cy>156.9529</cy>
			<w>12.1873</w>
			<h>7.2752</h>
			<angle>1.92189</angle>
		</robndbox>
		<extra/>
	</object>
	<object>
		<name>scale</name>
		<pose>Unspecified</pose>
		<truncated>0</truncated>
		<difficult>0</difficult>
		<robndbox>
			<cx>291.9891</cx>
			<cy>157.9529</cy>
			<w>12.1873</w>
			<h>7.2752</h>
			<angle>1.92189</angle>
		</robndbox>
		<extra/>
	</object>
	<object>
		<name>scale</name>
		<pose>Unspecified</pose>
		<truncated>0</truncated>
		<difficult>0</difficult>
		<robndbox>
			<cx>300.641</cx>
			<cy>161.4457</cy>
			<w>11.5644</w>
			<h>6.2142</h>
			<angle>2.009156</angle>
		</robndbox>
		<extra/>
	</object>
	<object>
		<name>scale</name>
		<pose>Unspecified</pose>
		<truncated>0</truncated>
		<difficult>0</difficult>
		<robndbox>
			<cx>296.9891</cx>
			<cy>159.9529</cy>
			<w>12.1873</w>
			<h>7.2752</h>
			<angle>2.009156</angle>
		</robndbox>
		<extra/>
	</object>
	<object>
		<name>scale</name>
		<pose>Unspecified</pose>
		<truncated>0</truncated>
		<difficult>0</difficult>
		<robndbox>
			<cx>304.641</cx>
			<cy>163.4457</cy>
			<w>11.5644</w>
			<h>6.2142</h>
			<angle>2.086258</angle>
		</robndbox>
		<extra/>
	</object>
	<object>
		<name>scale</name>
		<pose>Unspecified</pose>
		<truncated>0</truncated>
		<difficult>0</difficult>
		<robndbox>
			<cx>308.641</cx>
			<cy>165.4457</cy>
			<w>11.5644</w>
			<h>6.2142</h>
			<angle>2.086258</angle>
		</robndbox>
		<extra/>
	</object>
	<object>
		<name>scale</name>
		<pose>Unspecified</pose>
		<truncated>0</truncated>
		<difficult>0</difficult>
		<robndbox>
			<cx>312.641</cx>
			<cy>167.4457</cy>
			<w>11.5644</w>
			<h>6.2142</h>
			<angle>2.086258</angle>
		</robndbox>
		<extra/>
	</object>
	<object>
		<name>scale</name>
		<pose>Unspecified</pose>
		<truncated>0</truncated>
		<difficult>0</difficult>
		<robndbox>
			<cx>315.641</cx>
			<cy>169.4457</cy>
			<w>11.5644</w>
			<h>6.2142</h>
			<angle>2.086258</angle>
		</robndbox>
		<extra/>
	</object>
	<object>
		<name>scale</name>
		<pose>Unspecified</pose>
		<truncated>0</truncated>
		<difficult>0</difficult>
		<robndbox>
			<cx>319.3939</cx>
			<cy>170.9416</cy>
			<w>10.9307</w>
			<h>5.2873</h>
			<angle>2.086258</angle>
		</robndbox>
		<extra/>
	</object>
	<object>
		<name>scale</name>
		<pose>Unspecified</pose>
		<truncated>0</truncated>
		<difficult>0</difficult>
		<robndbox>
			<cx>322.3939</cx>
			<cy>172.9416</cy>
			<w>10.9307</w>
			<h>5.2873</h>
			<angle>2.175252</angle>
		</robndbox>
		<extra/>
	</object>
	<object>
		<name>scale</name>
		<pose>Unspecified</pose>
		<truncated>0</truncated>
		<difficult>0</difficult>
		<robndbox>
			<cx>325.3939</cx>
			<cy>174.9416</cy>
			<w>10.9307</w>
			<h>5.2873</h>
			<angle>2.252957</angle>
		</robndbox>
		<extra/>
	</object>
	<object>
		<name>scale</name>
		<pose>Unspecified</pose>
		<truncated>0</truncated>
		<difficult>0</difficult>
		<robndbox>
			<cx>328.3939</cx>
			<cy>176.9416</cy>
			<w>10.9307</w>
			<h>5.2873</h>
			<angle>2.252957</angle>
		</robndbox>
		<extra/>
	</object>
	<object>
		<name>scale</name>
		<pose>Unspecified</pose>
		<truncated>0</truncated>
		<difficult>0</difficult>
		<robndbox>
			<cx>331.3939</cx>
			<cy>178.9416</cy>
			<w>10.9307</w>
			<h>5.2873</h>
			<angle>2.252957</angle>
		</robndbox>
		<extra/>
	</object>
	<object>
		<name>scale</name>
		<pose>Unspecified</pose>
		<truncated>0</truncated>
		<difficult>0</difficult>
		<robndbox>
			<cx>334.3939</cx>
			<cy>180.9416</cy>
			<w>10.9307</w>
			<h>5.2873</h>
			<angle>2.252957</angle>
		</robndbox>
		<extra/>
	</object>
	<object>
		<name>scale</name>
		<pose>Unspecified</pose>
		<truncated>0</truncated>
		<difficult>0</difficult>
		<robndbox>
			<cx>336.3939</cx>
			<cy>183.9416</cy>
			<w>10.9307</w>
			<h>5.2873</h>
			<angle>2.326503</angle>
		</robndbox>
		<extra/>
	</object>
	<object>
		<name>scale</name>
		<pose>Unspecified</pose>
		<truncated>0</truncated>
		<difficult>0</difficult>
		<robndbox>
			<cx>339.3939</cx>
			<cy>186.9416</cy>
			<w>10.9307</w>
			<h>5.2873</h>
			<angle>2.326503</angle>
		</robndbox>
		<extra/>
	</object>
	<object>
		<name>scale</name>
		<pose>Unspecified</pose>
		<truncated>0</truncated>
		<difficult>0</difficult>
		<robndbox>
			<cx>342.109</cx>
			<cy>189.0755</cy>
			<w>10.1447</w>
			<h>6.5118</h>
			<angle>2.326503</angle>
		</robndbox>
		<extra/>
	</object>
	<object>
		<name>scale</name>
		<pose>Unspecified</pose>
		<truncated>0</truncated>
		<difficult>0</difficult>
		<robndbox>
			<cx>135.2454</cx>
			<cy>187.9111</cy>
			<w>11.9733</w>
			<h>12.7766</h>
			<angle>0.775083</angle>
		</robndbox>
		<extra/>
	</object>
	<object>
		<name>scale</name>
		<pose>Unspecified</pose>
		<truncated>0</truncated>
		<difficult>0</difficult>
		<robndbox>
			<cx>143.2888</cx>
			<cy>181.129</cy>
			<w>12.3699</w>
			<h>12.9772</h>
			<angle>0.90572</angle>
		</robndbox>
		<extra/>
	</object>
	<object>
		<name>0</name>
		<pose>Unspecified</pose>
		<truncated>0</truncated>
		<difficult>0</difficult>
		<robndbox>
			<cx>215.6478</cx>
			<cy>126.5658</cy>
			<w>9.1201</w>
			<h>17.4635</h>
			<angle>5.985479</angle>
		</robndbox>
		<extra/>
	</object>
	<object>
		<name>0</name>
		<pose>Unspecified</pose>
		<truncated>0</truncated>
		<difficult>0</difficult>
		<robndbox>
			<cx>206.6478</cx>
			<cy>128.5658</cy>
			<w>9.1201</w>
			<h>17.4635</h>
			<angle>6.057389</angle>
		</robndbox>
		<extra/>
	</object>
	<object>
		<name>0</name>
		<pose>Unspecified</pose>
		<truncated>0</truncated>
		<difficult>0</difficult>
		<robndbox>
			<cx>277.6478</cx>
			<cy>130.5658</cy>
			<w>9.1201</w>
			<h>17.4635</h>
			<angle>0.186226</angle>
		</robndbox>
		<extra/>
	</object>
	<object>
		<name>0</name>
		<pose>Unspecified</pose>
		<truncated>0</truncated>
		<difficult>0</difficult>
		<robndbox>
			<cx>287.6478</cx>
			<cy>132.5658</cy>
			<w>9.1201</w>
			<h>17.4635</h>
			<angle>0.186226</angle>
		</robndbox>
		<extra/>
	</object>
	<object>
		<name>0</name>
		<pose>Unspecified</pose>
		<truncated>0</truncated>
		<difficult>0</difficult>
		<robndbox>
			<cx>114.6478</cx>
			<cy>174.5658</cy>
			<w>9.1201</w>
			<h>17.4635</h>
			<angle>5.369678</angle>
		</robndbox>
		<extra/>
	</object>
	<object>
		<name>1</name>
		<pose>Unspecified</pose>
		<truncated>0</truncated>
		<difficult>0</difficult>
		<robndbox>
			<cx>127.2408</cx>
			<cy>163.4781</cy>
			<w>6.809</w>
			<h>16.5705</h>
			<angle>5.580182</angle>
		</robndbox>
		<extra/>
	</object>
	<object>
		<name>2</name>
		<pose>Unspecified</pose>
		<truncated>0</truncated>
		<difficult>0</difficult>
		<robndbox>
			<cx>198.6478</cx>
			<cy>130.5658</cy>
			<w>9.1201</w>
			<h>17.4635</h>
			<angle>6.106102</angle>
		</robndbox>
		<extra/>
	</object>
	<object>
		<name>3</name>
		<pose>Unspecified</pose>
		<truncated>0</truncated>
		<difficult>0</difficult>
		<robndbox>
			<cx>269.6478</cx>
			<cy>128.5658</cy>
			<w>9.1201</w>
			<h>17.4635</h>
			<angle>0.186226</angle>
		</robndbox>
		<extra/>
	</object>
	<object>
		<name>0</name>
		<pose>Unspecified</pose>
		<truncated>0</truncated>
		<difficult>0</difficult>
		<robndbox>
			<cx>365.6478</cx>
			<cy>181.5658</cy>
			<w>9.1201</w>
			<h>17.4635</h>
			<angle>0.815139</angle>
		</robndbox>
		<extra/>
	</object>
	<object>
		<name>0</name>
		<pose>Unspecified</pose>
		<truncated>0</truncated>
		<difficult>0</difficult>
		<robndbox>
			<cx>359.6478</cx>
			<cy>175.5658</cy>
			<w>9.1201</w>
			<h>17.4635</h>
			<angle>0.815139</angle>
		</robndbox>
		<extra/>
	</object>
	<object>
		<name>5</name>
		<pose>Unspecified</pose>
		<truncated>0</truncated>
		<difficult>0</difficult>
		<robndbox>
			<cx>353.6478</cx>
			<cy>169.5658</cy>
			<w>9.1201</w>
			<h>17.4635</h>
			<angle>0.815139</angle>
		</robndbox>
		<extra/>
	</object>
	<object>
		<name>V</name>
		<pose>Unspecified</pose>
		<truncated>0</truncated>
		<difficult>0</difficult>
		<robndbox>
			<cx>244.5</cx>
			<cy>178.0</cy>
			<w>23.8361</w>
			<h>27.2918</h>
			<angle>0.000917</angle>
		</robndbox>
		<extra/>
	</object>
	<object>
		<name>needle</name>
		<pose>Unspecified</pose>
		<truncated>0</truncated>
		<difficult>0</difficult>
		<robndbox>
			<cx>162.0515</cx>
			<cy>221.0569</cy>
			<w>6.5868</w>
			<h>97.4608</h>
			<angle>5.502678</angle>
		</robndbox>
		<extra/>
	</object>
	<object>
		<name>0</name>
		<pose>Unspecified</pose>
		<truncated>0</truncated>
		<difficult>0</difficult>
		<robndbox>
			<cx>133.6478</cx>
			<cy>158.5658</cy>
			<w>9.1201</w>
			<h>17.4635</h>
			<angle>5.659546</angle>
		</robndbox>
		<extra/>
	</object>
	<object>
		<name>0</name>
		<pose>Unspecified</pose>
		<truncated>0</truncated>
		<difficult>0</difficult>
		<robndbox>
			<cx>141.6478</cx>
			<cy>153.5658</cy>
			<w>9.1201</w>
			<h>17.4635</h>
			<angle>5.557561</angle>
		</robndbox>
		<extra/>
	</object>
	<object>
		<name>0</name>
		<pose>Unspecified</pose>
		<truncated>0</truncated>
		<difficult>0</difficult>
		<robndbox>
			<cx>332.6478</cx>
			<cy>153.5658</cy>
			<w>9.1201</w>
			<h>17.4635</h>
			<angle>0.576552</angle>
		</robndbox>
		<extra/>
	</object>
	<object>
		<name>0</name>
		<pose>Unspecified</pose>
		<truncated>0</truncated>
		<difficult>0</difficult>
		<robndbox>
			<cx>325.6478</cx>
			<cy>148.5658</cy>
			<w>9.1201</w>
			<h>17.4635</h>
			<angle>0.576552</angle>
		</robndbox>
		<extra/>
	</object>
	<object>
		<name>4</name>
		<pose>Unspecified</pose>
		<truncated>0</truncated>
		<difficult>0</difficult>
		<robndbox>
			<cx>318.6478</cx>
			<cy>144.5658</cy>
			<w>9.1201</w>
			<h>17.4635</h>
			<angle>0.528483</angle>
		</robndbox>
		<extra/>
	</object>
</annotation>
