<annotation>
	<folder>images</folder>
	<filename>5c98986c-b2d2-4be1-89f9-9084a9bae88b.jpg</filename>
	<path>C:\Users\yaman\Documents\images\5c98986c-b2d2-4be1-89f9-9084a9bae88b.jpg</path>
	<source>
		<database>Unknown</database>
	</source>
	<size>
		<width>1000</width>
		<height>1000</height>
		<depth>3</depth>
	</size>
	<segmented>0</segmented>
	<object>
		<name>scale</name>
		<pose>Unspecified</pose>
		<truncated>0</truncated>
		<difficult>0</difficult>
		<robndbox>
			<cx>217.8503</cx>
			<cy>417.4582</cy>
			<w>25.7724</w>
			<h>22.6512</h>
			<angle>5.535442</angle>
		</robndbox>
		<extra/>
	</object>
	<object>
		<name>scale</name>
		<pose>Unspecified</pose>
		<truncated>0</truncated>
		<difficult>0</difficult>
		<robndbox>
			<cx>757.8503</cx>
			<cy>414.4582</cy>
			<w>25.7724</w>
			<h>22.6512</h>
			<angle>0.740241</angle>
		</robndbox>
		<extra/>
	</object>
	<object>
		<name>scale</name>
		<pose>Unspecified</pose>
		<truncated>0</truncated>
		<difficult>0</difficult>
		<robndbox>
			<cx>233.7602</cx>
			<cy>403.4712</cy>
			<w>25.7724</w>
			<h>22.6512</h>
			<angle>5.588584</angle>
		</robndbox>
		<extra/>
	</object>
	<object>
		<name>scale</name>
		<pose>Unspecified</pose>
		<truncated>0</truncated>
		<difficult>0</difficult>
		<robndbox>
			<cx>250.3905</cx>
			<cy>390.349</cy>
			<w>25.7724</w>
			<h>22.6512</h>
			<angle>5.641727</angle>
		</robndbox>
		<extra/>
	</object>
	<object>
		<name>scale</name>
		<pose>Unspecified</pose>
		<truncated>0</truncated>
		<difficult>0</difficult>
		<robndbox>
			<cx>266.6944</cx>
			<cy>378.1286</cy>
			<w>25.7724</w>
			<h>22.6512</h>
			<angle>5.694869</angle>
		</robndbox>
		<extra/>
	</object>
	<object>
		<name>scale</name>
		<pose>Unspecified</pose>
		<truncated>0</truncated>
		<difficult>0</difficult>
		<robndbox>
			<cx>283.623</cx>
			<cy>366.8447</cy>
			<w>25.7724</w>
			<h>22.6512</h>
			<angle>5.748011</angle>
		</robndbox>
		<extra/>
	</object>
	<object>
		<name>scale</name>
		<pose>Unspecified</pose>
		<truncated>0</truncated>
		<difficult>0</difficult>
		<robndbox>
			<cx>301.1256</cx>
			<cy>356.529</cy>
			<w>25.7724</w>
			<h>22.6512</h>
			<angle>5.801154</angle>
		</robndbox>
		<extra/>
	</object>
	<object>
		<name>scale</name>
		<pose>Unspecified</pose>
		<truncated>0</truncated>
		<difficult>0</difficult>
		<robndbox>
			<cx>320.1501</cx>
			<cy>347.2107</cy>
			<w>25.7724</w>
			<h>22.6512</h>
			<angle>5.854296</angle>
		</robndbox>
		<extra/>
	</object>
	<object>
		<name>scale</name>
		<pose>Unspecified</pose>
		<truncated>0</truncated>
		<difficult>0</difficult>
		<robndbox>
			<cx>338.6426</cx>
			<cy>338.916</cy>
			<w>25.7724</w>
			<h>22.6512</h>
			<angle>5.907438</angle>
		</robndbox>
		<extra/>
	</object>
	<object>
		<name>scale</name>
		<pose>Unspecified</pose>
		<truncated>0</truncated>
		<difficult>0</difficult>
		<robndbox>
			<cx>357.5482</cx>
			<cy>331.6685</cy>
			<w>25.7724</w>
			<h>22.6512</h>
			<angle>5.96058</angle>
		</robndbox>
		<extra/>
	</object>
	<object>
		<name>scale</name>
		<pose>Unspecified</pose>
		<truncated>0</truncated>
		<difficult>0</difficult>
		<robndbox>
			<cx>377.8107</cx>
			<cy>325.4885</cy>
			<w>25.7724</w>
			<h>22.6512</h>
			<angle>6.013723</angle>
		</robndbox>
		<extra/>
	</object>
	<object>
		<name>scale</name>
		<pose>Unspecified</pose>
		<truncated>0</truncated>
		<difficult>0</difficult>
		<robndbox>
			<cx>396.3729</cx>
			<cy>320.3935</cy>
			<w>25.7724</w>
			<h>22.6512</h>
			<angle>6.066865</angle>
		</robndbox>
		<extra/>
	</object>
	<object>
		<name>scale</name>
		<pose>Unspecified</pose>
		<truncated>0</truncated>
		<difficult>0</difficult>
		<robndbox>
			<cx>417.1767</cx>
			<cy>315.398</cy>
			<w>25.7724</w>
			<h>22.6512</h>
			<angle>6.120007</angle>
		</robndbox>
		<extra/>
	</object>
	<object>
		<name>scale</name>
		<pose>Unspecified</pose>
		<truncated>0</truncated>
		<difficult>0</difficult>
		<robndbox>
			<cx>437.1633</cx>
			<cy>312.5131</cy>
			<w>25.7724</w>
			<h>22.6512</h>
			<angle>6.17315</angle>
		</robndbox>
		<extra/>
	</object>
	<object>
		<name>scale</name>
		<pose>Unspecified</pose>
		<truncated>0</truncated>
		<difficult>0</difficult>
		<robndbox>
			<cx>458.2735</cx>
			<cy>309.747</cy>
			<w>25.7724</w>
			<h>22.6512</h>
			<angle>6.219593</angle>
		</robndbox>
		<extra/>
	</object>
	<object>
		<name>scale</name>
		<pose>Unspecified</pose>
		<truncated>0</truncated>
		<difficult>0</difficult>
		<robndbox>
			<cx>478.4478</cx>
			<cy>309.1048</cy>
			<w>25.7724</w>
			<h>22.6512</h>
			<angle>6.279434</angle>
		</robndbox>
		<extra/>
	</object>
	<object>
		<name>scale</name>
		<pose>Unspecified</pose>
		<truncated>0</truncated>
		<difficult>0</difficult>
		<robndbox>
			<cx>497.6262</cx>
			<cy>308.5881</cy>
			<w>25.7724</w>
			<h>22.6512</h>
			<angle>0.031457</angle>
		</robndbox>
		<extra/>
	</object>
	<object>
		<name>scale</name>
		<pose>Unspecified</pose>
		<truncated>0</truncated>
		<difficult>0</difficult>
		<robndbox>
			<cx>518.7491</cx>
			<cy>309.1958</cy>
			<w>25.7724</w>
			<h>22.6512</h>
			<angle>0.088803</angle>
		</robndbox>
		<extra/>
	</object>
	<object>
		<name>scale</name>
		<pose>Unspecified</pose>
		<truncated>0</truncated>
		<difficult>0</difficult>
		<robndbox>
			<cx>538.7568</cx>
			<cy>311.9231</cy>
			<w>25.7724</w>
			<h>22.6512</h>
			<angle>0.155676</angle>
		</robndbox>
		<extra/>
	</object>
	<object>
		<name>scale</name>
		<pose>Unspecified</pose>
		<truncated>0</truncated>
		<difficult>0</difficult>
		<robndbox>
			<cx>559.59</cx>
			<cy>314.7625</cy>
			<w>25.7724</w>
			<h>22.6512</h>
			<angle>0.186123</angle>
		</robndbox>
		<extra/>
	</object>
	<object>
		<name>scale</name>
		<pose>Unspecified</pose>
		<truncated>0</truncated>
		<difficult>0</difficult>
		<robndbox>
			<cx>580.1898</cx>
			<cy>318.7031</cy>
			<w>25.7724</w>
			<h>22.6512</h>
			<angle>0.221095</angle>
		</robndbox>
		<extra/>
	</object>
	<object>
		<name>scale</name>
		<pose>Unspecified</pose>
		<truncated>0</truncated>
		<difficult>0</difficult>
		<robndbox>
			<cx>599.4981</cx>
			<cy>323.7309</cy>
			<w>25.7724</w>
			<h>22.6512</h>
			<angle>0.336641</angle>
		</robndbox>
		<extra/>
	</object>
	<object>
		<name>scale</name>
		<pose>Unspecified</pose>
		<truncated>0</truncated>
		<difficult>0</difficult>
		<robndbox>
			<cx>618.4575</cx>
			<cy>330.8288</cy>
			<w>25.7724</w>
			<h>22.6512</h>
			<angle>0.368245</angle>
		</robndbox>
		<extra/>
	</object>
	<object>
		<name>scale</name>
		<pose>Unspecified</pose>
		<truncated>0</truncated>
		<difficult>0</difficult>
		<robndbox>
			<cx>638.0118</cx>
			<cy>337.977</cy>
			<w>25.7724</w>
			<h>22.6512</h>
			<angle>0.421387</angle>
		</robndbox>
		<extra/>
	</object>
	<object>
		<name>scale</name>
		<pose>Unspecified</pose>
		<truncated>0</truncated>
		<difficult>0</difficult>
		<robndbox>
			<cx>657.1056</cx>
			<cy>346.1523</cy>
			<w>25.7724</w>
			<h>22.6512</h>
			<angle>0.474529</angle>
		</robndbox>
		<extra/>
	</object>
	<object>
		<name>scale</name>
		<pose>Unspecified</pose>
		<truncated>0</truncated>
		<difficult>0</difficult>
		<robndbox>
			<cx>675.6851</cx>
			<cy>355.3289</cy>
			<w>25.7724</w>
			<h>22.6512</h>
			<angle>0.527672</angle>
		</robndbox>
		<extra/>
	</object>
	<object>
		<name>scale</name>
		<pose>Unspecified</pose>
		<truncated>0</truncated>
		<difficult>0</difficult>
		<robndbox>
			<cx>692.6978</cx>
			<cy>364.4781</cy>
			<w>25.7724</w>
			<h>22.6512</h>
			<angle>0.580814</angle>
		</robndbox>
		<extra/>
	</object>
	<object>
		<name>scale</name>
		<pose>Unspecified</pose>
		<truncated>0</truncated>
		<difficult>0</difficult>
		<robndbox>
			<cx>710.0929</cx>
			<cy>376.5682</cy>
			<w>25.7724</w>
			<h>22.6512</h>
			<angle>0.633956</angle>
		</robndbox>
		<extra/>
	</object>
	<object>
		<name>scale</name>
		<pose>Unspecified</pose>
		<truncated>0</truncated>
		<difficult>0</difficult>
		<robndbox>
			<cx>725.8212</cx>
			<cy>387.5653</cy>
			<w>25.7724</w>
			<h>22.6512</h>
			<angle>0.687098</angle>
		</robndbox>
		<extra/>
	</object>
	<object>
		<name>scale</name>
		<pose>Unspecified</pose>
		<truncated>0</truncated>
		<difficult>0</difficult>
		<robndbox>
			<cx>741.8212</cx>
			<cy>400.5653</cy>
			<w>25.7724</w>
			<h>22.6512</h>
			<angle>0.687098</angle>
		</robndbox>
		<extra/>
	</object>
	<object>
		<name>0</name>
		<pose>Unspecified</pose>
		<truncated>0</truncated>
		<difficult>0</difficult>
		<robndbox>
			<cx>170.1293</cx>
			<cy>382.208</cy>
			<w>23.3358</w>
			<h>34.8946</h>
			<angle>5.509687</angle>
		</robndbox>
		<extra/>
	</object>
	<object>
		<name>0</name>
		<pose>Unspecified</pose>
		<truncated>0</truncated>
		<difficult>0</difficult>
		<robndbox>
			<cx>381.1293</cx>
			<cy>263.208</cy>
			<w>23.3358</w>
			<h>34.8946</h>
			<angle>5.994062</angle>
		</robndbox>
		<extra/>
	</object>
	<object>
		<name>0</name>
		<pose>Unspecified</pose>
		<truncated>0</truncated>
		<difficult>0</difficult>
		<robndbox>
			<cx>615.1293</cx>
			<cy>267.208</cy>
			<w>23.3358</w>
			<h>34.8946</h>
			<angle>0.281491</angle>
		</robndbox>
		<extra/>
	</object>
	<object>
		<name>0</name>
		<pose>Unspecified</pose>
		<truncated>0</truncated>
		<difficult>0</difficult>
		<robndbox>
			<cx>812.1293</cx>
			<cy>387.208</cy>
			<w>23.3358</w>
			<h>34.8946</h>
			<angle>0.747642</angle>
		</robndbox>
		<extra/>
	</object>
	<object>
		<name>3</name>
		<pose>Unspecified</pose>
		<truncated>0</truncated>
		<difficult>0</difficult>
		<robndbox>
			<cx>796.1293</cx>
			<cy>371.208</cy>
			<w>23.3358</w>
			<h>34.8946</h>
			<angle>0.747642</angle>
		</robndbox>
		<extra/>
	</object>
	<object>
		<name>2</name>
		<pose>Unspecified</pose>
		<truncated>0</truncated>
		<difficult>0</difficult>
		<robndbox>
			<cx>593.1293</cx>
			<cy>261.208</cy>
			<w>23.3358</w>
			<h>34.8946</h>
			<angle>0.281491</angle>
		</robndbox>
		<extra/>
	</object>
	<object>
		<name>1</name>
		<pose>Unspecified</pose>
		<truncated>0</truncated>
		<difficult>0</difficult>
		<robndbox>
			<cx>360.1693</cx>
			<cy>269.0791</cy>
			<w>19.3518</w>
			<h>35.8107</h>
			<angle>5.994062</angle>
		</robndbox>
		<extra/>
	</object>
	<object>
		<name>A</name>
		<pose>Unspecified</pose>
		<truncated>0</truncated>
		<difficult>0</difficult>
		<robndbox>
			<cx>490.0</cx>
			<cy>408.0</cy>
			<w>60.0</w>
			<h>78.0</h>
			<angle>0.0</angle>
		</robndbox>
		<extra/>
	</object>
	<object>
		<name>needle</name>
		<pose>Unspecified</pose>
		<truncated>0</truncated>
		<difficult>0</difficult>
		<robndbox>
			<cx>294.5607</cx>
			<cy>503.3169</cy>
			<w>14.1397</w>
			<h>284.7438</h>
			<angle>5.479113</angle>
		</robndbox>
		<extra/>
	</object>
</annotation>
