<annotation>
	<folder>images</folder>
	<filename>5f5aa503-c1f6-4469-9fce-c45c7b7d6c3d.jpg</filename>
	<path>C:\Users\yaman\Documents\images\5f5aa503-c1f6-4469-9fce-c45c7b7d6c3d.jpg</path>
	<source>
		<database>Unknown</database>
	</source>
	<size>
		<width>501</width>
		<height>500</height>
		<depth>3</depth>
	</size>
	<segmented>0</segmented>
	<object>
		<name>scale</name>
		<pose>Unspecified</pose>
		<truncated>0</truncated>
		<difficult>0</difficult>
		<robndbox>
			<cx>92.0817</cx>
			<cy>223.8451</cy>
			<w>12.2257</w>
			<h>15.9971</h>
			<angle>0.127706</angle>
		</robndbox>
		<extra/>
	</object>
	<object>
		<name>scale</name>
		<pose>Unspecified</pose>
		<truncated>0</truncated>
		<difficult>0</difficult>
		<robndbox>
			<cx>146.3994</cx>
			<cy>126.8053</cy>
			<w>14.0457</w>
			<h>18.4708</h>
			<angle>0.937432</angle>
		</robndbox>
		<extra/>
	</object>
	<object>
		<name>scale</name>
		<pose>Unspecified</pose>
		<truncated>0</truncated>
		<difficult>0</difficult>
		<robndbox>
			<cx>94.4094</cx>
			<cy>210.9991</cy>
			<w>12.2257</w>
			<h>15.9971</h>
			<angle>0.205396</angle>
		</robndbox>
		<extra/>
	</object>
	<object>
		<name>scale</name>
		<pose>Unspecified</pose>
		<truncated>0</truncated>
		<difficult>0</difficult>
		<robndbox>
			<cx>96.8505</cx>
			<cy>202.6741</cy>
			<w>12.4806</w>
			<h>15.4492</h>
			<angle>0.283086</angle>
		</robndbox>
		<extra/>
	</object>
	<object>
		<name>scale</name>
		<pose>Unspecified</pose>
		<truncated>0</truncated>
		<difficult>0</difficult>
		<robndbox>
			<cx>99.8521</cx>
			<cy>192.6911</cy>
			<w>11.9348</w>
			<h>14.5307</h>
			<angle>0.360777</angle>
		</robndbox>
		<extra/>
	</object>
	<object>
		<name>scale</name>
		<pose>Unspecified</pose>
		<truncated>0</truncated>
		<difficult>0</difficult>
		<robndbox>
			<cx>105.7096</cx>
			<cy>182.1224</cy>
			<w>12.2257</w>
			<h>15.9971</h>
			<angle>0.578467</angle>
		</robndbox>
		<extra/>
	</object>
	<object>
		<name>scale</name>
		<pose>Unspecified</pose>
		<truncated>0</truncated>
		<difficult>0</difficult>
		<robndbox>
			<cx>109.9184</cx>
			<cy>173.0743</cy>
			<w>12.03</w>
			<h>16.9512</h>
			<angle>0.316158</angle>
		</robndbox>
		<extra/>
	</object>
	<object>
		<name>scale</name>
		<pose>Unspecified</pose>
		<truncated>0</truncated>
		<difficult>0</difficult>
		<robndbox>
			<cx>115.0081</cx>
			<cy>162.4636</cy>
			<w>12.1478</w>
			<h>14.1464</h>
			<angle>0.593848</angle>
		</robndbox>
		<extra/>
	</object>
	<object>
		<name>scale</name>
		<pose>Unspecified</pose>
		<truncated>0</truncated>
		<difficult>0</difficult>
		<robndbox>
			<cx>122.5492</cx>
			<cy>152.9271</cy>
			<w>12.3994</w>
			<h>14.7778</h>
			<angle>0.671538</angle>
		</robndbox>
		<extra/>
	</object>
	<object>
		<name>scale</name>
		<pose>Unspecified</pose>
		<truncated>0</truncated>
		<difficult>0</difficult>
		<robndbox>
			<cx>129.5492</cx>
			<cy>143.9271</cy>
			<w>12.3994</w>
			<h>14.7778</h>
			<angle>0.671538</angle>
		</robndbox>
		<extra/>
	</object>
	<object>
		<name>scale</name>
		<pose>Unspecified</pose>
		<truncated>0</truncated>
		<difficult>0</difficult>
		<robndbox>
			<cx>138.0199</cx>
			<cy>133.3328</cy>
			<w>12.7995</w>
			<h>15.5462</h>
			<angle>0.749229</angle>
		</robndbox>
		<extra/>
	</object>
	<object>
		<name>scale</name>
		<pose>Unspecified</pose>
		<truncated>0</truncated>
		<difficult>0</difficult>
		<robndbox>
			<cx>157.8747</cx>
			<cy>119.1703</cy>
			<w>13.265</w>
			<h>15.2617</h>
			<angle>0.973241</angle>
		</robndbox>
		<extra/>
	</object>
	<object>
		<name>scale</name>
		<pose>Unspecified</pose>
		<truncated>0</truncated>
		<difficult>0</difficult>
		<robndbox>
			<cx>168.8747</cx>
			<cy>112.1703</cy>
			<w>13.265</w>
			<h>15.2617</h>
			<angle>1.071621</angle>
		</robndbox>
		<extra/>
	</object>
	<object>
		<name>scale</name>
		<pose>Unspecified</pose>
		<truncated>0</truncated>
		<difficult>0</difficult>
		<robndbox>
			<cx>180.8747</cx>
			<cy>106.1703</cy>
			<w>13.265</w>
			<h>15.2617</h>
			<angle>1.165934</angle>
		</robndbox>
		<extra/>
	</object>
	<object>
		<name>scale</name>
		<pose>Unspecified</pose>
		<truncated>0</truncated>
		<difficult>0</difficult>
		<robndbox>
			<cx>194.0228</cx>
			<cy>102.0966</cy>
			<w>13.6795</w>
			<h>17.5276</h>
			<angle>1.364877</angle>
		</robndbox>
		<extra/>
	</object>
	<object>
		<name>scale</name>
		<pose>Unspecified</pose>
		<truncated>0</truncated>
		<difficult>0</difficult>
		<robndbox>
			<cx>205.8061</cx>
			<cy>98.6531</cy>
			<w>13.8762</w>
			<h>19.2492</h>
			<angle>1.235957</angle>
		</robndbox>
		<extra/>
	</object>
	<object>
		<name>scale</name>
		<pose>Unspecified</pose>
		<truncated>0</truncated>
		<difficult>0</difficult>
		<robndbox>
			<cx>219.7825</cx>
			<cy>93.1132</cy>
			<w>13.7195</w>
			<h>17.0233</h>
			<angle>1.314083</angle>
		</robndbox>
		<extra/>
	</object>
	<object>
		<name>scale</name>
		<pose>Unspecified</pose>
		<truncated>0</truncated>
		<difficult>0</difficult>
		<robndbox>
			<cx>233.7825</cx>
			<cy>91.1132</cy>
			<w>13.7195</w>
			<h>17.0233</h>
			<angle>1.521157</angle>
		</robndbox>
		<extra/>
	</object>
	<object>
		<name>scale</name>
		<pose>Unspecified</pose>
		<truncated>0</truncated>
		<difficult>0</difficult>
		<robndbox>
			<cx>247.7825</cx>
			<cy>90.1132</cy>
			<w>13.7195</w>
			<h>17.0233</h>
			<angle>1.573216</angle>
		</robndbox>
		<extra/>
	</object>
	<object>
		<name>scale</name>
		<pose>Unspecified</pose>
		<truncated>0</truncated>
		<difficult>0</difficult>
		<robndbox>
			<cx>263.4008</cx>
			<cy>90.8852</cy>
			<w>13.0378</w>
			<h>18.3612</h>
			<angle>1.638255</angle>
		</robndbox>
		<extra/>
	</object>
	<object>
		<name>scale</name>
		<pose>Unspecified</pose>
		<truncated>0</truncated>
		<difficult>0</difficult>
		<robndbox>
			<cx>276.2026</cx>
			<cy>92.2654</cy>
			<w>13.148</w>
			<h>20.1088</h>
			<angle>1.696147</angle>
		</robndbox>
		<extra/>
	</object>
	<object>
		<name>scale</name>
		<pose>Unspecified</pose>
		<truncated>0</truncated>
		<difficult>0</difficult>
		<robndbox>
			<cx>291.9017</cx>
			<cy>95.1412</cy>
			<w>13.296</w>
			<h>19.6087</h>
			<angle>1.809515</angle>
		</robndbox>
		<extra/>
	</object>
	<object>
		<name>scale</name>
		<pose>Unspecified</pose>
		<truncated>0</truncated>
		<difficult>0</difficult>
		<robndbox>
			<cx>307.1688</cx>
			<cy>100.3543</cy>
			<w>13.0966</w>
			<h>20.2623</h>
			<angle>1.948176</angle>
		</robndbox>
		<extra/>
	</object>
	<object>
		<name>scale</name>
		<pose>Unspecified</pose>
		<truncated>0</truncated>
		<difficult>0</difficult>
		<robndbox>
			<cx>321.1688</cx>
			<cy>107.3543</cy>
			<w>13.0966</w>
			<h>20.2623</h>
			<angle>2.01018</angle>
		</robndbox>
		<extra/>
	</object>
	<object>
		<name>scale</name>
		<pose>Unspecified</pose>
		<truncated>0</truncated>
		<difficult>0</difficult>
		<robndbox>
			<cx>334.1688</cx>
			<cy>116.3543</cy>
			<w>13.0966</w>
			<h>20.2623</h>
			<angle>2.241591</angle>
		</robndbox>
		<extra/>
	</object>
	<object>
		<name>scale</name>
		<pose>Unspecified</pose>
		<truncated>0</truncated>
		<difficult>0</difficult>
		<robndbox>
			<cx>347.5975</cx>
			<cy>125.2054</cy>
			<w>13.378</w>
			<h>21.409</h>
			<angle>2.066316</angle>
		</robndbox>
		<extra/>
	</object>
	<object>
		<name>scale</name>
		<pose>Unspecified</pose>
		<truncated>0</truncated>
		<difficult>0</difficult>
		<robndbox>
			<cx>362.1688</cx>
			<cy>135.3543</cy>
			<w>13.0966</w>
			<h>20.2623</h>
			<angle>2.321513</angle>
		</robndbox>
		<extra/>
	</object>
	<object>
		<name>scale</name>
		<pose>Unspecified</pose>
		<truncated>0</truncated>
		<difficult>0</difficult>
		<robndbox>
			<cx>374.1688</cx>
			<cy>147.3543</cy>
			<w>13.0966</w>
			<h>20.2623</h>
			<angle>2.413572</angle>
		</robndbox>
		<extra/>
	</object>
	<object>
		<name>scale</name>
		<pose>Unspecified</pose>
		<truncated>0</truncated>
		<difficult>0</difficult>
		<robndbox>
			<cx>384.1688</cx>
			<cy>161.3543</cy>
			<w>13.0966</w>
			<h>20.2623</h>
			<angle>2.516341</angle>
		</robndbox>
		<extra/>
	</object>
	<object>
		<name>scale</name>
		<pose>Unspecified</pose>
		<truncated>0</truncated>
		<difficult>0</difficult>
		<robndbox>
			<cx>393.4549</cx>
			<cy>177.157</cy>
			<w>13.3847</w>
			<h>21.942</h>
			<angle>2.629259</angle>
		</robndbox>
		<extra/>
	</object>
	<object>
		<name>scale</name>
		<pose>Unspecified</pose>
		<truncated>0</truncated>
		<difficult>0</difficult>
		<robndbox>
			<cx>399.9508</cx>
			<cy>191.1938</cy>
			<w>13.3591</w>
			<h>24.2404</h>
			<angle>2.772887</angle>
		</robndbox>
		<extra/>
	</object>
	<object>
		<name>scale</name>
		<pose>Unspecified</pose>
		<truncated>0</truncated>
		<difficult>0</difficult>
		<robndbox>
			<cx>406.0801</cx>
			<cy>210.3661</cy>
			<w>12.6687</w>
			<h>22.7138</h>
			<angle>2.871949</angle>
		</robndbox>
		<extra/>
	</object>
	<object>
		<name>scale</name>
		<pose>Unspecified</pose>
		<truncated>0</truncated>
		<difficult>0</difficult>
		<robndbox>
			<cx>409.0801</cx>
			<cy>228.3661</cy>
			<w>12.6687</w>
			<h>22.7138</h>
			<angle>2.988267</angle>
		</robndbox>
		<extra/>
	</object>
	<object>
		<name>scale</name>
		<pose>Unspecified</pose>
		<truncated>0</truncated>
		<difficult>0</difficult>
		<robndbox>
			<cx>411.0801</cx>
			<cy>248.3661</cy>
			<w>12.6687</w>
			<h>22.7138</h>
			<angle>3.130382</angle>
		</robndbox>
		<extra/>
	</object>
	<object>
		<name>scale</name>
		<pose>Unspecified</pose>
		<truncated>0</truncated>
		<difficult>0</difficult>
		<robndbox>
			<cx>408.5797</cx>
			<cy>266.0244</cy>
			<w>13.3425</w>
			<h>24.2304</h>
			<angle>3.363401</angle>
		</robndbox>
		<extra/>
	</object>
	<object>
		<name>scale</name>
		<pose>Unspecified</pose>
		<truncated>0</truncated>
		<difficult>0</difficult>
		<robndbox>
			<cx>405.2358</cx>
			<cy>285.5418</cy>
			<w>13.4189</w>
			<h>24.3704</h>
			<angle>3.230443</angle>
		</robndbox>
		<extra/>
	</object>
	<object>
		<name>scale</name>
		<pose>Unspecified</pose>
		<truncated>0</truncated>
		<difficult>0</difficult>
		<robndbox>
			<cx>401.4644</cx>
			<cy>304.8412</cy>
			<w>13.0969</w>
			<h>23.8975</h>
			<angle>3.46753</angle>
		</robndbox>
		<extra/>
	</object>
	<object>
		<name>scale</name>
		<pose>Unspecified</pose>
		<truncated>0</truncated>
		<difficult>0</difficult>
		<robndbox>
			<cx>393.4644</cx>
			<cy>323.8412</cy>
			<w>13.0969</w>
			<h>23.8975</h>
			<angle>3.609398</angle>
		</robndbox>
		<extra/>
	</object>
	<object>
		<name>scale</name>
		<pose>Unspecified</pose>
		<truncated>0</truncated>
		<difficult>0</difficult>
		<robndbox>
			<cx>383.4644</cx>
			<cy>341.8412</cy>
			<w>13.0969</w>
			<h>23.8975</h>
			<angle>3.684623</angle>
		</robndbox>
		<extra/>
	</object>
	<object>
		<name>scale</name>
		<pose>Unspecified</pose>
		<truncated>0</truncated>
		<difficult>0</difficult>
		<robndbox>
			<cx>370.6679</cx>
			<cy>359.6857</cy>
			<w>13.1455</w>
			<h>26.2185</h>
			<angle>3.876807</angle>
		</robndbox>
		<extra/>
	</object>
	<object>
		<name>scale</name>
		<pose>Unspecified</pose>
		<truncated>0</truncated>
		<difficult>0</difficult>
		<robndbox>
			<cx>90.5187</cx>
			<cy>231.0666</cy>
			<w>12.8941</w>
			<h>14.3414</h>
			<angle>0.127706</angle>
		</robndbox>
		<extra/>
	</object>
	<object>
		<name>scale</name>
		<pose>Unspecified</pose>
		<truncated>0</truncated>
		<difficult>0</difficult>
		<robndbox>
			<cx>89.3387</cx>
			<cy>241.6972</cy>
			<w>12.3122</w>
			<h>11.641</h>
			<angle>0.081588</angle>
		</robndbox>
		<extra/>
	</object>
	<object>
		<name>scale</name>
		<pose>Unspecified</pose>
		<truncated>0</truncated>
		<difficult>0</difficult>
		<robndbox>
			<cx>88.8886</cx>
			<cy>251.0953</cy>
			<w>13.1717</w>
			<h>12.4811</h>
			<angle>0.049839</angle>
		</robndbox>
		<extra/>
	</object>
	<object>
		<name>scale</name>
		<pose>Unspecified</pose>
		<truncated>0</truncated>
		<difficult>0</difficult>
		<robndbox>
			<cx>89.1566</cx>
			<cy>260.8452</cy>
			<w>12.6853</w>
			<h>11.9258</h>
			<angle>6.252482</angle>
		</robndbox>
		<extra/>
	</object>
	<object>
		<name>scale</name>
		<pose>Unspecified</pose>
		<truncated>0</truncated>
		<difficult>0</difficult>
		<robndbox>
			<cx>90.832</cx>
			<cy>269.5104</cy>
			<w>12.8229</w>
			<h>13.53</h>
			<angle>5.973539</angle>
		</robndbox>
		<extra/>
	</object>
	<object>
		<name>scale</name>
		<pose>Unspecified</pose>
		<truncated>0</truncated>
		<difficult>0</difficult>
		<robndbox>
			<cx>92.0815</cx>
			<cy>277.5075</cy>
			<w>13.8228</w>
			<h>13.0</h>
			<angle>6.282097</angle>
		</robndbox>
		<extra/>
	</object>
	<object>
		<name>scale</name>
		<pose>Unspecified</pose>
		<truncated>0</truncated>
		<difficult>0</difficult>
		<robndbox>
			<cx>92.1516</cx>
			<cy>286.4955</cy>
			<w>11.963</w>
			<h>11.2093</h>
			<angle>6.039423</angle>
		</robndbox>
		<extra/>
	</object>
	<object>
		<name>scale</name>
		<pose>Unspecified</pose>
		<truncated>0</truncated>
		<difficult>0</difficult>
		<robndbox>
			<cx>94.1516</cx>
			<cy>293.4955</cy>
			<w>11.963</w>
			<h>11.2093</h>
			<angle>6.039423</angle>
		</robndbox>
		<extra/>
	</object>
	<object>
		<name>scale</name>
		<pose>Unspecified</pose>
		<truncated>0</truncated>
		<difficult>0</difficult>
		<robndbox>
			<cx>96.1516</cx>
			<cy>301.4955</cy>
			<w>11.963</w>
			<h>11.2093</h>
			<angle>5.939604</angle>
		</robndbox>
		<extra/>
	</object>
	<object>
		<name>scale</name>
		<pose>Unspecified</pose>
		<truncated>0</truncated>
		<difficult>0</difficult>
		<robndbox>
			<cx>99.0</cx>
			<cy>310.0</cy>
			<w>12.37</w>
			<h>12.9222</h>
			<angle>5.939604</angle>
		</robndbox>
		<extra/>
	</object>
	<object>
		<name>scale</name>
		<pose>Unspecified</pose>
		<truncated>0</truncated>
		<difficult>0</difficult>
		<robndbox>
			<cx>103.6652</cx>
			<cy>320.6636</cy>
			<w>12.814</w>
			<h>23.4309</h>
			<angle>5.832575</angle>
		</robndbox>
		<extra/>
	</object>
	<object>
		<name>scale</name>
		<pose>Unspecified</pose>
		<truncated>0</truncated>
		<difficult>0</difficult>
		<robndbox>
			<cx>113.7897</cx>
			<cy>334.9931</cy>
			<w>12.1916</w>
			<h>21.315</h>
			<angle>5.521994</angle>
		</robndbox>
		<extra/>
	</object>
	<object>
		<name>scale</name>
		<pose>Unspecified</pose>
		<truncated>0</truncated>
		<difficult>0</difficult>
		<robndbox>
			<cx>122.2897</cx>
			<cy>347.9931</cy>
			<w>12.5645</w>
			<h>19.1102</h>
			<angle>5.811994</angle>
		</robndbox>
		<extra/>
	</object>
	<object>
		<name>scale</name>
		<pose>Unspecified</pose>
		<truncated>0</truncated>
		<difficult>0</difficult>
		<robndbox>
			<cx>131.2897</cx>
			<cy>360.9931</cy>
			<w>12.5645</w>
			<h>19.1102</h>
			<angle>5.512929</angle>
		</robndbox>
		<extra/>
	</object>
	<object>
		<name>2</name>
		<pose>Unspecified</pose>
		<truncated>0</truncated>
		<difficult>0</difficult>
		<robndbox>
			<cx>237.0</cx>
			<cy>136.5</cy>
			<w>26.0</w>
			<h>37.0</h>
			<angle>0.0</angle>
		</robndbox>
		<extra/>
	</object>
	<object>
		<name>2</name>
		<pose>Unspecified</pose>
		<truncated>0</truncated>
		<difficult>0</difficult>
		<robndbox>
			<cx>323.0</cx>
			<cy>218.5</cy>
			<w>26.0</w>
			<h>37.0</h>
			<angle>0.0</angle>
		</robndbox>
		<extra/>
	</object>
	<object>
		<name>2</name>
		<pose>Unspecified</pose>
		<truncated>0</truncated>
		<difficult>0</difficult>
		<robndbox>
			<cx>349.0</cx>
			<cy>218.5</cy>
			<w>26.0</w>
			<h>37.0</h>
			<angle>0.0</angle>
		</robndbox>
		<extra/>
	</object>
	<object>
		<name>0</name>
		<pose>Unspecified</pose>
		<truncated>0</truncated>
		<difficult>0</difficult>
		<robndbox>
			<cx>374.0</cx>
			<cy>218.5</cy>
			<w>26.0</w>
			<h>37.0</h>
			<angle>0.0</angle>
		</robndbox>
		<extra/>
	</object>
	<object>
		<name>0</name>
		<pose>Unspecified</pose>
		<truncated>0</truncated>
		<difficult>0</difficult>
		<robndbox>
			<cx>263.0</cx>
			<cy>136.5</cy>
			<w>26.0</w>
			<h>37.0</h>
			<angle>0.0</angle>
		</robndbox>
		<extra/>
	</object>
	<object>
		<name>0</name>
		<pose>Unspecified</pose>
		<truncated>0</truncated>
		<difficult>0</difficult>
		<robndbox>
			<cx>289.0</cx>
			<cy>136.5</cy>
			<w>26.0</w>
			<h>37.0</h>
			<angle>0.0</angle>
		</robndbox>
		<extra/>
	</object>
	<object>
		<name>0</name>
		<pose>Unspecified</pose>
		<truncated>0</truncated>
		<difficult>0</difficult>
		<robndbox>
			<cx>193.0</cx>
			<cy>170.5</cy>
			<w>26.0</w>
			<h>37.0</h>
			<angle>0.0</angle>
		</robndbox>
		<extra/>
	</object>
	<object>
		<name>0</name>
		<pose>Unspecified</pose>
		<truncated>0</truncated>
		<difficult>0</difficult>
		<robndbox>
			<cx>177.0</cx>
			<cy>234.5</cy>
			<w>26.0</w>
			<h>37.0</h>
			<angle>0.0</angle>
		</robndbox>
		<extra/>
	</object>
	<object>
		<name>8</name>
		<pose>Unspecified</pose>
		<truncated>0</truncated>
		<difficult>0</difficult>
		<robndbox>
			<cx>167.0</cx>
			<cy>170.5</cy>
			<w>26.0</w>
			<h>37.0</h>
			<angle>0.0</angle>
		</robndbox>
		<extra/>
	</object>
	<object>
		<name>6</name>
		<pose>Unspecified</pose>
		<truncated>0</truncated>
		<difficult>0</difficult>
		<robndbox>
			<cx>151.0</cx>
			<cy>234.5</cy>
			<w>26.0</w>
			<h>37.0</h>
			<angle>0.0</angle>
		</robndbox>
		<extra/>
	</object>
	<object>
		<name>1</name>
		<pose>Unspecified</pose>
		<truncated>0</truncated>
		<difficult>0</difficult>
		<robndbox>
			<cx>145.5</cx>
			<cy>170.5</cy>
			<w>19.0</w>
			<h>37.0</h>
			<angle>0.0</angle>
		</robndbox>
		<extra/>
	</object>
	<object>
		<name>1</name>
		<pose>Unspecified</pose>
		<truncated>0</truncated>
		<difficult>0</difficult>
		<robndbox>
			<cx>129.5</cx>
			<cy>234.5</cy>
			<w>19.0</w>
			<h>37.0</h>
			<angle>0.0</angle>
		</robndbox>
		<extra/>
	</object>
	<object>
		<name>1</name>
		<pose>Unspecified</pose>
		<truncated>0</truncated>
		<difficult>0</difficult>
		<robndbox>
			<cx>132.0</cx>
			<cy>295.0</cy>
			<w>12.0</w>
			<h>26.0</h>
			<angle>0.0</angle>
		</robndbox>
		<extra/>
	</object>
	<object>
		<name>1</name>
		<pose>Unspecified</pose>
		<truncated>0</truncated>
		<difficult>0</difficult>
		<robndbox>
			<cx>148.0</cx>
			<cy>333.5</cy>
			<w>12.0</w>
			<h>27.0</h>
			<angle>0.0</angle>
		</robndbox>
		<extra/>
	</object>
	<object>
		<name>2</name>
		<pose>Unspecified</pose>
		<truncated>0</truncated>
		<difficult>0</difficult>
		<robndbox>
			<cx>329.0</cx>
			<cy>333.5</cy>
			<w>18.0</w>
			<h>27.0</h>
			<angle>0.0</angle>
		</robndbox>
		<extra/>
	</object>
	<object>
		<name>2</name>
		<pose>Unspecified</pose>
		<truncated>0</truncated>
		<difficult>0</difficult>
		<robndbox>
			<cx>162.0</cx>
			<cy>333.5</cy>
			<w>18.0</w>
			<h>27.0</h>
			<angle>0.0</angle>
		</robndbox>
		<extra/>
	</object>
	<object>
		<name>0</name>
		<pose>Unspecified</pose>
		<truncated>0</truncated>
		<difficult>0</difficult>
		<robndbox>
			<cx>363.0</cx>
			<cy>333.0</cy>
			<w>18.0</w>
			<h>26.0</h>
			<angle>0.0</angle>
		</robndbox>
		<extra/>
	</object>
	<object>
		<name>4</name>
		<pose>Unspecified</pose>
		<truncated>0</truncated>
		<difficult>0</difficult>
		<robndbox>
			<cx>346.0</cx>
			<cy>333.5</cy>
			<w>16.0</w>
			<h>27.0</h>
			<angle>0.0</angle>
		</robndbox>
		<extra/>
	</object>
	<object>
		<name>4</name>
		<pose>Unspecified</pose>
		<truncated>0</truncated>
		<difficult>0</difficult>
		<robndbox>
			<cx>145.0</cx>
			<cy>295.0</cy>
			<w>16.0</w>
			<h>26.0</h>
			<angle>0.0</angle>
		</robndbox>
		<extra/>
	</object>
	<object>
		<name>0</name>
		<pose>Unspecified</pose>
		<truncated>0</truncated>
		<difficult>0</difficult>
		<robndbox>
			<cx>163.0</cx>
			<cy>295.0</cy>
			<w>18.0</w>
			<h>26.0</h>
			<angle>0.0</angle>
		</robndbox>
		<extra/>
	</object>
	<object>
		<name>0</name>
		<pose>Unspecified</pose>
		<truncated>0</truncated>
		<difficult>0</difficult>
		<robndbox>
			<cx>180.0</cx>
			<cy>333.5</cy>
			<w>18.0</w>
			<h>27.0</h>
			<angle>0.0</angle>
		</robndbox>
		<extra/>
	</object>
	<object>
		<name>needle</name>
		<pose>Unspecified</pose>
		<truncated>0</truncated>
		<difficult>0</difficult>
		<robndbox>
			<cx>221.5</cx>
			<cy>275.5</cy>
			<w>31.0705</w>
			<h>239.3922</h>
			<angle>3.91499</angle>
		</robndbox>
		<extra/>
	</object>
</annotation>
