<annotation>
	<folder>images</folder>
	<filename>6c06b787-c189-4576-887a-7e56181f2824.jpg</filename>
	<path>C:\Users\yaman\Documents\images\6c06b787-c189-4576-887a-7e56181f2824.jpg</path>
	<source>
		<database>Unknown</database>
	</source>
	<size>
		<width>1000</width>
		<height>813</height>
		<depth>3</depth>
	</size>
	<segmented>0</segmented>
	<object>
		<name>scale</name>
		<pose>Unspecified</pose>
		<truncated>0</truncated>
		<difficult>0</difficult>
		<robndbox>
			<cx>327.3989</cx>
			<cy>304.4675</cy>
			<w>41.5856</w>
			<h>29.6134</h>
			<angle>0.886727</angle>
		</robndbox>
		<extra/>
	</object>
	<object>
		<name>scale</name>
		<pose>Unspecified</pose>
		<truncated>0</truncated>
		<difficult>0</difficult>
		<robndbox>
			<cx>719.4959</cx>
			<cy>304.4971</cy>
			<w>40.3504</w>
			<h>29.9413</h>
			<angle>2.280799</angle>
		</robndbox>
		<extra/>
	</object>
	<object>
		<name>scale</name>
		<pose>Unspecified</pose>
		<truncated>0</truncated>
		<difficult>0</difficult>
		<robndbox>
			<cx>351.5</cx>
			<cy>296.9659</cy>
			<w>42.7944</w>
			<h>26.337</h>
			<angle>0.919438</angle>
		</robndbox>
		<extra/>
	</object>
	<object>
		<name>scale</name>
		<pose>Unspecified</pose>
		<truncated>0</truncated>
		<difficult>0</difficult>
		<robndbox>
			<cx>373.8485</cx>
			<cy>290.721</cy>
			<w>40.8003</w>
			<h>26.2048</h>
			<angle>0.993625</angle>
		</robndbox>
		<extra/>
	</object>
	<object>
		<name>scale</name>
		<pose>Unspecified</pose>
		<truncated>0</truncated>
		<difficult>0</difficult>
		<robndbox>
			<cx>395.6305</cx>
			<cy>286.1561</cy>
			<w>40.3127</w>
			<h>25.888</h>
			<angle>1.109972</angle>
		</robndbox>
		<extra/>
	</object>
	<object>
		<name>scale</name>
		<pose>Unspecified</pose>
		<truncated>0</truncated>
		<difficult>0</difficult>
		<robndbox>
			<cx>436.5</cx>
			<cy>278.4659</cy>
			<w>37.4305</w>
			<h>22.999</h>
			<angle>1.226147</angle>
		</robndbox>
		<extra/>
	</object>
	<object>
		<name>scale</name>
		<pose>Unspecified</pose>
		<truncated>0</truncated>
		<difficult>0</difficult>
		<robndbox>
			<cx>456.5042</cx>
			<cy>276.331</cy>
			<w>33.8827</w>
			<h>23.7341</h>
			<angle>1.295564</angle>
		</robndbox>
		<extra/>
	</object>
	<object>
		<name>scale</name>
		<pose>Unspecified</pose>
		<truncated>0</truncated>
		<difficult>0</difficult>
		<robndbox>
			<cx>475.8536</cx>
			<cy>274.0864</cy>
			<w>33.5804</w>
			<h>24.89</h>
			<angle>1.392732</angle>
		</robndbox>
		<extra/>
	</object>
	<object>
		<name>scale</name>
		<pose>Unspecified</pose>
		<truncated>0</truncated>
		<difficult>0</difficult>
		<robndbox>
			<cx>495.5681</cx>
			<cy>273.2077</cy>
			<w>32.8316</w>
			<h>23.4344</h>
			<angle>1.526081</angle>
		</robndbox>
		<extra/>
	</object>
	<object>
		<name>scale</name>
		<pose>Unspecified</pose>
		<truncated>0</truncated>
		<difficult>0</difficult>
		<robndbox>
			<cx>514.0698</cx>
			<cy>273.132</cy>
			<w>32.8998</w>
			<h>23.3643</h>
			<angle>1.562407</angle>
		</robndbox>
		<extra/>
	</object>
	<object>
		<name>scale</name>
		<pose>Unspecified</pose>
		<truncated>0</truncated>
		<difficult>0</difficult>
		<robndbox>
			<cx>533.3363</cx>
			<cy>273.2881</cy>
			<w>32.9278</w>
			<h>22.9804</h>
			<angle>1.581372</angle>
		</robndbox>
		<extra/>
	</object>
	<object>
		<name>scale</name>
		<pose>Unspecified</pose>
		<truncated>0</truncated>
		<difficult>0</difficult>
		<robndbox>
			<cx>553.0669</cx>
			<cy>273.6798</cy>
			<w>33.0603</w>
			<h>24.0356</h>
			<angle>1.64945</angle>
		</robndbox>
		<extra/>
	</object>
	<object>
		<name>scale</name>
		<pose>Unspecified</pose>
		<truncated>0</truncated>
		<difficult>0</difficult>
		<robndbox>
			<cx>571.548</cx>
			<cy>275.9037</cy>
			<w>33.3675</w>
			<h>25.3879</h>
			<angle>1.755915</angle>
		</robndbox>
		<extra/>
	</object>
	<object>
		<name>scale</name>
		<pose>Unspecified</pose>
		<truncated>0</truncated>
		<difficult>0</difficult>
		<robndbox>
			<cx>591.6868</cx>
			<cy>276.2369</cy>
			<w>35.57</w>
			<h>24.5463</h>
			<angle>1.818611</angle>
		</robndbox>
		<extra/>
	</object>
	<object>
		<name>scale</name>
		<pose>Unspecified</pose>
		<truncated>0</truncated>
		<difficult>0</difficult>
		<robndbox>
			<cx>610.9675</cx>
			<cy>279.3649</cy>
			<w>37.0442</w>
			<h>25.671</h>
			<angle>1.887642</angle>
		</robndbox>
		<extra/>
	</object>
	<object>
		<name>scale</name>
		<pose>Unspecified</pose>
		<truncated>0</truncated>
		<difficult>0</difficult>
		<robndbox>
			<cx>630.7291</cx>
			<cy>284.0149</cy>
			<w>37.0481</w>
			<h>25.0536</h>
			<angle>1.997858</angle>
		</robndbox>
		<extra/>
	</object>
	<object>
		<name>scale</name>
		<pose>Unspecified</pose>
		<truncated>0</truncated>
		<difficult>0</difficult>
		<robndbox>
			<cx>652.0421</cx>
			<cy>286.8595</cy>
			<w>38.4926</w>
			<h>26.419</h>
			<angle>2.050206</angle>
		</robndbox>
		<extra/>
	</object>
	<object>
		<name>scale</name>
		<pose>Unspecified</pose>
		<truncated>0</truncated>
		<difficult>0</difficult>
		<robndbox>
			<cx>673.996</cx>
			<cy>291.3342</cy>
			<w>38.8979</w>
			<h>26.9223</h>
			<angle>2.087901</angle>
		</robndbox>
		<extra/>
	</object>
	<object>
		<name>scale</name>
		<pose>Unspecified</pose>
		<truncated>0</truncated>
		<difficult>0</difficult>
		<robndbox>
			<cx>696.5115</cx>
			<cy>296.4869</cy>
			<w>42.9882</w>
			<h>27.5294</h>
			<angle>2.199644</angle>
		</robndbox>
		<extra/>
	</object>
	<object>
		<name>scale</name>
		<pose>Unspecified</pose>
		<truncated>0</truncated>
		<difficult>0</difficult>
		<robndbox>
			<cx>416.0</cx>
			<cy>282.4659</cy>
			<w>35.7281</w>
			<h>25.2289</h>
			<angle>1.139907</angle>
		</robndbox>
		<extra/>
	</object>
	<object>
		<name>6</name>
		<pose>Unspecified</pose>
		<truncated>0</truncated>
		<difficult>0</difficult>
		<robndbox>
			<cx>558.5</cx>
			<cy>228.9466</cy>
			<w>17.0</w>
			<h>24.0</h>
			<angle>0.0</angle>
		</robndbox>
		<extra/>
	</object>
	<object>
		<name>8</name>
		<pose>Unspecified</pose>
		<truncated>0</truncated>
		<difficult>0</difficult>
		<robndbox>
			<cx>651.5</cx>
			<cy>240.9466</cy>
			<w>17.0</w>
			<h>24.0</h>
			<angle>0.0</angle>
		</robndbox>
		<extra/>
	</object>
	<object>
		<name>1</name>
		<pose>Unspecified</pose>
		<truncated>0</truncated>
		<difficult>0</difficult>
		<robndbox>
			<cx>726.0</cx>
			<cy>265.4466</cy>
			<w>14.0</w>
			<h>23.0</h>
			<angle>0.0</angle>
		</robndbox>
		<extra/>
	</object>
	<object>
		<name>4</name>
		<pose>Unspecified</pose>
		<truncated>0</truncated>
		<difficult>0</difficult>
		<robndbox>
			<cx>470.5</cx>
			<cy>229.9466</cy>
			<w>17.0</w>
			<h>24.0</h>
			<angle>0.0</angle>
		</robndbox>
		<extra/>
	</object>
	<object>
		<name>2</name>
		<pose>Unspecified</pose>
		<truncated>0</truncated>
		<difficult>0</difficult>
		<robndbox>
			<cx>376.5</cx>
			<cy>240.9466</cy>
			<w>17.0</w>
			<h>24.0</h>
			<angle>0.0</angle>
		</robndbox>
		<extra/>
	</object>
	<object>
		<name>0</name>
		<pose>Unspecified</pose>
		<truncated>0</truncated>
		<difficult>0</difficult>
		<robndbox>
			<cx>286.5</cx>
			<cy>266.9466</cy>
			<w>17.0</w>
			<h>24.0</h>
			<angle>0.0</angle>
		</robndbox>
		<extra/>
	</object>
	<object>
		<name>0</name>
		<pose>Unspecified</pose>
		<truncated>0</truncated>
		<difficult>0</difficult>
		<robndbox>
			<cx>393.5</cx>
			<cy>240.9466</cy>
			<w>17.0</w>
			<h>24.0</h>
			<angle>0.0</angle>
		</robndbox>
		<extra/>
	</object>
	<object>
		<name>0</name>
		<pose>Unspecified</pose>
		<truncated>0</truncated>
		<difficult>0</difficult>
		<robndbox>
			<cx>487.5</cx>
			<cy>229.9466</cy>
			<w>17.0</w>
			<h>24.0</h>
			<angle>0.0</angle>
		</robndbox>
		<extra/>
	</object>
	<object>
		<name>0</name>
		<pose>Unspecified</pose>
		<truncated>0</truncated>
		<difficult>0</difficult>
		<robndbox>
			<cx>575.5</cx>
			<cy>228.9466</cy>
			<w>17.0</w>
			<h>24.0</h>
			<angle>0.0</angle>
		</robndbox>
		<extra/>
	</object>
	<object>
		<name>0</name>
		<pose>Unspecified</pose>
		<truncated>0</truncated>
		<difficult>0</difficult>
		<robndbox>
			<cx>668.5</cx>
			<cy>240.9466</cy>
			<w>17.0</w>
			<h>24.0</h>
			<angle>0.0</angle>
		</robndbox>
		<extra/>
	</object>
	<object>
		<name>0</name>
		<pose>Unspecified</pose>
		<truncated>0</truncated>
		<difficult>0</difficult>
		<robndbox>
			<cx>743.5</cx>
			<cy>265.9466</cy>
			<w>17.0</w>
			<h>24.0</h>
			<angle>0.0</angle>
		</robndbox>
		<extra/>
	</object>
	<object>
		<name>0</name>
		<pose>Unspecified</pose>
		<truncated>0</truncated>
		<difficult>0</difficult>
		<robndbox>
			<cx>760.5</cx>
			<cy>265.9466</cy>
			<w>17.0</w>
			<h>24.0</h>
			<angle>0.0</angle>
		</robndbox>
		<extra/>
	</object>
	<object>
		<name>needle</name>
		<pose>Unspecified</pose>
		<truncated>0</truncated>
		<difficult>0</difficult>
		<robndbox>
			<cx>376.2472</cx>
			<cy>367.2934</cy>
			<w>10.1337</w>
			<h>235.452</h>
			<angle>5.495726</angle>
		</robndbox>
		<extra/>
	</object>
</annotation>
