<annotation>
	<folder>images</folder>
	<filename>6caf9ae3-e03c-4f3a-bc1e-c9d403d38fc4.jpg</filename>
	<path>C:\Users\yaman\Documents\images\6caf9ae3-e03c-4f3a-bc1e-c9d403d38fc4.jpg</path>
	<source>
		<database>Unknown</database>
	</source>
	<size>
		<width>800</width>
		<height>800</height>
		<depth>3</depth>
	</size>
	<segmented>0</segmented>
	<object>
		<name>scale</name>
		<pose>Unspecified</pose>
		<truncated>0</truncated>
		<difficult>0</difficult>
		<robndbox>
			<cx>219.6099</cx>
			<cy>325.5981</cy>
			<w>27.047</w>
			<h>22.0985</h>
			<angle>5.506502</angle>
		</robndbox>
		<extra/>
	</object>
	<object>
		<name>scale</name>
		<pose>Unspecified</pose>
		<truncated>0</truncated>
		<difficult>0</difficult>
		<robndbox>
			<cx>561.1309</cx>
			<cy>306.7474</cy>
			<w>8.4789</w>
			<h>22.4243</h>
			<angle>0.71333</angle>
		</robndbox>
		<extra/>
	</object>
	<object>
		<name>scale</name>
		<pose>Unspecified</pose>
		<truncated>0</truncated>
		<difficult>0</difficult>
		<robndbox>
			<cx>230.3534</cx>
			<cy>315.6399</cy>
			<w>11.3447</w>
			<h>23.1424</h>
			<angle>5.540508</angle>
		</robndbox>
		<extra/>
	</object>
	<object>
		<name>scale</name>
		<pose>Unspecified</pose>
		<truncated>0</truncated>
		<difficult>0</difficult>
		<robndbox>
			<cx>235.5779</cx>
			<cy>310.8205</cy>
			<w>10.7677</w>
			<h>22.6545</h>
			<angle>5.58181</angle>
		</robndbox>
		<extra/>
	</object>
	<object>
		<name>scale</name>
		<pose>Unspecified</pose>
		<truncated>0</truncated>
		<difficult>0</difficult>
		<robndbox>
			<cx>277.3432</cx>
			<cy>282.6444</cy>
			<w>13.5994</w>
			<h>22.6287</h>
			<angle>5.819283</angle>
		</robndbox>
		<extra/>
	</object>
	<object>
		<name>scale</name>
		<pose>Unspecified</pose>
		<truncated>0</truncated>
		<difficult>0</difficult>
		<robndbox>
			<cx>240.7175</cx>
			<cy>306.0333</cy>
			<w>10.0665</w>
			<h>22.6842</h>
			<angle>5.597813</angle>
		</robndbox>
		<extra/>
	</object>
	<object>
		<name>scale</name>
		<pose>Unspecified</pose>
		<truncated>0</truncated>
		<difficult>0</difficult>
		<robndbox>
			<cx>246.2751</cx>
			<cy>302.1709</cy>
			<w>10.2616</w>
			<h>23.2667</h>
			<angle>5.621294</angle>
		</robndbox>
		<extra/>
	</object>
	<object>
		<name>scale</name>
		<pose>Unspecified</pose>
		<truncated>0</truncated>
		<difficult>0</difficult>
		<robndbox>
			<cx>251.7941</cx>
			<cy>298.3952</cy>
			<w>9.4337</w>
			<h>23.6427</h>
			<angle>5.634001</angle>
		</robndbox>
		<extra/>
	</object>
	<object>
		<name>scale</name>
		<pose>Unspecified</pose>
		<truncated>0</truncated>
		<difficult>0</difficult>
		<robndbox>
			<cx>258.9926</cx>
			<cy>293.3929</cy>
			<w>13.2809</w>
			<h>23.3461</h>
			<angle>5.691993</angle>
		</robndbox>
		<extra/>
	</object>
	<object>
		<name>scale</name>
		<pose>Unspecified</pose>
		<truncated>0</truncated>
		<difficult>0</difficult>
		<robndbox>
			<cx>268.0227</cx>
			<cy>287.9535</cy>
			<w>13.5994</w>
			<h>22.6287</h>
			<angle>5.743666</angle>
		</robndbox>
		<extra/>
	</object>
	<object>
		<name>scale</name>
		<pose>Unspecified</pose>
		<truncated>0</truncated>
		<difficult>0</difficult>
		<robndbox>
			<cx>286.9199</cx>
			<cy>277.5828</cy>
			<w>13.5994</w>
			<h>22.6287</h>
			<angle>5.84539</angle>
		</robndbox>
		<extra/>
	</object>
	<object>
		<name>scale</name>
		<pose>Unspecified</pose>
		<truncated>0</truncated>
		<difficult>0</difficult>
		<robndbox>
			<cx>297.6526</cx>
			<cy>273.3892</cy>
			<w>14.9725</w>
			<h>22.86</h>
			<angle>5.883044</angle>
		</robndbox>
		<extra/>
	</object>
	<object>
		<name>scale</name>
		<pose>Unspecified</pose>
		<truncated>0</truncated>
		<difficult>0</difficult>
		<robndbox>
			<cx>307.903</cx>
			<cy>268.8466</cy>
			<w>17.5485</w>
			<h>21.9563</h>
			<angle>5.920698</angle>
		</robndbox>
		<extra/>
	</object>
	<object>
		<name>scale</name>
		<pose>Unspecified</pose>
		<truncated>0</truncated>
		<difficult>0</difficult>
		<robndbox>
			<cx>575.5695</cx>
			<cy>318.8602</cy>
			<w>10.117</w>
			<h>23.1972</h>
			<angle>0.749739</angle>
		</robndbox>
		<extra/>
	</object>
	<object>
		<name>scale</name>
		<pose>Unspecified</pose>
		<truncated>0</truncated>
		<difficult>0</difficult>
		<robndbox>
			<cx>320.4539</cx>
			<cy>263.9904</cy>
			<w>14.8805</w>
			<h>21.9106</h>
			<angle>5.958527</angle>
		</robndbox>
		<extra/>
	</object>
	<object>
		<name>scale</name>
		<pose>Unspecified</pose>
		<truncated>0</truncated>
		<difficult>0</difficult>
		<robndbox>
			<cx>333.2047</cx>
			<cy>260.031</cy>
			<w>16.4923</w>
			<h>22.7142</h>
			<angle>6.033661</angle>
		</robndbox>
		<extra/>
	</object>
	<object>
		<name>scale</name>
		<pose>Unspecified</pose>
		<truncated>0</truncated>
		<difficult>0</difficult>
		<robndbox>
			<cx>345.7116</cx>
			<cy>256.8609</cy>
			<w>16.2731</w>
			<h>21.3332</h>
			<angle>6.071315</angle>
		</robndbox>
		<extra/>
	</object>
	<object>
		<name>scale</name>
		<pose>Unspecified</pose>
		<truncated>0</truncated>
		<difficult>0</difficult>
		<robndbox>
			<cx>570.9482</cx>
			<cy>314.3451</cy>
			<w>10.3577</w>
			<h>21.6987</h>
			<angle>0.693116</angle>
		</robndbox>
		<extra/>
	</object>
	<object>
		<name>scale</name>
		<pose>Unspecified</pose>
		<truncated>0</truncated>
		<difficult>0</difficult>
		<robndbox>
			<cx>358.7073</cx>
			<cy>253.9605</cy>
			<w>15.6789</w>
			<h>22.4223</h>
			<angle>6.146624</angle>
		</robndbox>
		<extra/>
	</object>
	<object>
		<name>scale</name>
		<pose>Unspecified</pose>
		<truncated>0</truncated>
		<difficult>0</difficult>
		<robndbox>
			<cx>371.4955</cx>
			<cy>252.0097</cy>
			<w>15.515</w>
			<h>22.4823</h>
			<angle>6.175507</angle>
		</robndbox>
		<extra/>
	</object>
	<object>
		<name>scale</name>
		<pose>Unspecified</pose>
		<truncated>0</truncated>
		<difficult>0</difficult>
		<robndbox>
			<cx>384.0</cx>
			<cy>251.0</cy>
			<w>15.4429</w>
			<h>23.098</h>
			<angle>6.221932</angle>
		</robndbox>
		<extra/>
	</object>
	<object>
		<name>scale</name>
		<pose>Unspecified</pose>
		<truncated>0</truncated>
		<difficult>0</difficult>
		<robndbox>
			<cx>566.1648</cx>
			<cy>310.5185</cy>
			<w>8.8002</w>
			<h>22.6711</h>
			<angle>0.729465</angle>
		</robndbox>
		<extra/>
	</object>
	<object>
		<name>scale</name>
		<pose>Unspecified</pose>
		<truncated>0</truncated>
		<difficult>0</difficult>
		<robndbox>
			<cx>397.2964</cx>
			<cy>250.6852</cy>
			<w>15.7238</w>
			<h>22.4108</h>
			<angle>0.014056</angle>
		</robndbox>
		<extra/>
	</object>
	<object>
		<name>scale</name>
		<pose>Unspecified</pose>
		<truncated>0</truncated>
		<difficult>0</difficult>
		<robndbox>
			<cx>409.3833</cx>
			<cy>250.7529</cy>
			<w>15.0573</w>
			<h>23.3205</h>
			<angle>0.012418</angle>
		</robndbox>
		<extra/>
	</object>
	<object>
		<name>scale</name>
		<pose>Unspecified</pose>
		<truncated>0</truncated>
		<difficult>0</difficult>
		<robndbox>
			<cx>422.6327</cx>
			<cy>250.9638</cy>
			<w>16.8242</w>
			<h>22.6613</h>
			<angle>0.089364</angle>
		</robndbox>
		<extra/>
	</object>
	<object>
		<name>scale</name>
		<pose>Unspecified</pose>
		<truncated>0</truncated>
		<difficult>0</difficult>
		<robndbox>
			<cx>462.8829</cx>
			<cy>257.8741</cy>
			<w>13.5994</w>
			<h>22.6287</h>
			<angle>0.230767</angle>
		</robndbox>
		<extra/>
	</object>
	<object>
		<name>scale</name>
		<pose>Unspecified</pose>
		<truncated>0</truncated>
		<difficult>0</difficult>
		<robndbox>
			<cx>433.2839</cx>
			<cy>252.3612</cy>
			<w>14.3992</w>
			<h>22.8011</h>
			<angle>0.098319</angle>
		</robndbox>
		<extra/>
	</object>
	<object>
		<name>scale</name>
		<pose>Unspecified</pose>
		<truncated>0</truncated>
		<difficult>0</difficult>
		<robndbox>
			<cx>443.4367</cx>
			<cy>254.1235</cy>
			<w>13.5994</w>
			<h>22.6287</h>
			<angle>0.165798</angle>
		</robndbox>
		<extra/>
	</object>
	<object>
		<name>scale</name>
		<pose>Unspecified</pose>
		<truncated>0</truncated>
		<difficult>0</difficult>
		<robndbox>
			<cx>453.108</cx>
			<cy>255.2979</cy>
			<w>13.5994</w>
			<h>22.6287</h>
			<angle>0.163962</angle>
		</robndbox>
		<extra/>
	</object>
	<object>
		<name>scale</name>
		<pose>Unspecified</pose>
		<truncated>0</truncated>
		<difficult>0</difficult>
		<robndbox>
			<cx>472.6906</cx>
			<cy>260.8349</cy>
			<w>13.5994</w>
			<h>22.6287</h>
			<angle>0.277635</angle>
		</robndbox>
		<extra/>
	</object>
	<object>
		<name>scale</name>
		<pose>Unspecified</pose>
		<truncated>0</truncated>
		<difficult>0</difficult>
		<robndbox>
			<cx>482.1708</cx>
			<cy>263.7308</cy>
			<w>13.5994</w>
			<h>22.6287</h>
			<angle>0.31529</angle>
		</robndbox>
		<extra/>
	</object>
	<object>
		<name>scale</name>
		<pose>Unspecified</pose>
		<truncated>0</truncated>
		<difficult>0</difficult>
		<robndbox>
			<cx>491.5354</cx>
			<cy>266.9815</cy>
			<w>13.5994</w>
			<h>22.6287</h>
			<angle>0.352944</angle>
		</robndbox>
		<extra/>
	</object>
	<object>
		<name>scale</name>
		<pose>Unspecified</pose>
		<truncated>0</truncated>
		<difficult>0</difficult>
		<robndbox>
			<cx>499.7709</cx>
			<cy>270.5824</cy>
			<w>13.5994</w>
			<h>22.6287</h>
			<angle>0.390598</angle>
		</robndbox>
		<extra/>
	</object>
	<object>
		<name>scale</name>
		<pose>Unspecified</pose>
		<truncated>0</truncated>
		<difficult>0</difficult>
		<robndbox>
			<cx>508.6887</cx>
			<cy>274.2061</cy>
			<w>13.0119</w>
			<h>22.188</h>
			<angle>0.428252</angle>
		</robndbox>
		<extra/>
	</object>
	<object>
		<name>scale</name>
		<pose>Unspecified</pose>
		<truncated>0</truncated>
		<difficult>0</difficult>
		<robndbox>
			<cx>517.8028</cx>
			<cy>277.8141</cy>
			<w>13.5994</w>
			<h>22.6287</h>
			<angle>0.465907</angle>
		</robndbox>
		<extra/>
	</object>
	<object>
		<name>scale</name>
		<pose>Unspecified</pose>
		<truncated>0</truncated>
		<difficult>0</difficult>
		<robndbox>
			<cx>524.0388</cx>
			<cy>281.6211</cy>
			<w>12.844</w>
			<h>23.4739</h>
			<angle>0.503561</angle>
		</robndbox>
		<extra/>
	</object>
	<object>
		<name>scale</name>
		<pose>Unspecified</pose>
		<truncated>0</truncated>
		<difficult>0</difficult>
		<robndbox>
			<cx>531.0826</cx>
			<cy>285.5894</cy>
			<w>10.9316</w>
			<h>22.3893</h>
			<angle>0.541215</angle>
		</robndbox>
		<extra/>
	</object>
	<object>
		<name>scale</name>
		<pose>Unspecified</pose>
		<truncated>0</truncated>
		<difficult>0</difficult>
		<robndbox>
			<cx>538.0303</cx>
			<cy>289.727</cy>
			<w>10.0296</w>
			<h>22.7684</h>
			<angle>0.578869</angle>
		</robndbox>
		<extra/>
	</object>
	<object>
		<name>scale</name>
		<pose>Unspecified</pose>
		<truncated>0</truncated>
		<difficult>0</difficult>
		<robndbox>
			<cx>544.3755</cx>
			<cy>293.5302</cy>
			<w>10.5439</w>
			<h>23.0951</h>
			<angle>0.616524</angle>
		</robndbox>
		<extra/>
	</object>
	<object>
		<name>scale</name>
		<pose>Unspecified</pose>
		<truncated>0</truncated>
		<difficult>0</difficult>
		<robndbox>
			<cx>550.8479</cx>
			<cy>298.8161</cy>
			<w>10.6212</w>
			<h>22.803</h>
			<angle>0.654178</angle>
		</robndbox>
		<extra/>
	</object>
	<object>
		<name>scale</name>
		<pose>Unspecified</pose>
		<truncated>0</truncated>
		<difficult>0</difficult>
		<robndbox>
			<cx>556.554</cx>
			<cy>302.231</cy>
			<w>9.5424</w>
			<h>22.6606</h>
			<angle>0.691832</angle>
		</robndbox>
		<extra/>
	</object>
	<object>
		<name>V</name>
		<pose>Unspecified</pose>
		<truncated>0</truncated>
		<difficult>0</difficult>
		<robndbox>
			<cx>394.5</cx>
			<cy>329.5</cy>
			<w>43.0</w>
			<h>55.0</h>
			<angle>0.0</angle>
		</robndbox>
		<extra/>
	</object>
	<object>
		<name>0</name>
		<pose>Unspecified</pose>
		<truncated>0</truncated>
		<difficult>0</difficult>
		<robndbox>
			<cx>305.8734</cx>
			<cy>240.4083</cy>
			<w>14.553</w>
			<h>25.5719</h>
			<angle>5.893485</angle>
		</robndbox>
		<extra/>
	</object>
	<object>
		<name>0</name>
		<pose>Unspecified</pose>
		<truncated>0</truncated>
		<difficult>0</difficult>
		<robndbox>
			<cx>292.4075</cx>
			<cy>245.7102</cy>
			<w>15.6444</w>
			<h>25.7764</h>
			<angle>5.893485</angle>
		</robndbox>
		<extra/>
	</object>
	<object>
		<name>0</name>
		<pose>Unspecified</pose>
		<truncated>0</truncated>
		<difficult>0</difficult>
		<robndbox>
			<cx>232.4075</cx>
			<cy>279.7102</cy>
			<w>15.6444</w>
			<h>25.7764</h>
			<angle>5.645839</angle>
		</robndbox>
		<extra/>
	</object>
	<object>
		<name>0</name>
		<pose>Unspecified</pose>
		<truncated>0</truncated>
		<difficult>0</difficult>
		<robndbox>
			<cx>221.1923</cx>
			<cy>289.087</cy>
			<w>14.846</w>
			<h>26.1163</h>
			<angle>5.633906</angle>
		</robndbox>
		<extra/>
	</object>
	<object>
		<name>0</name>
		<pose>Unspecified</pose>
		<truncated>0</truncated>
		<difficult>0</difficult>
		<robndbox>
			<cx>432.4188</cx>
			<cy>225.5704</cy>
			<w>15.6406</w>
			<h>25.4958</h>
			<angle>0.094601</angle>
		</robndbox>
		<extra/>
	</object>
	<object>
		<name>0</name>
		<pose>Unspecified</pose>
		<truncated>0</truncated>
		<difficult>0</difficult>
		<robndbox>
			<cx>447.4886</cx>
			<cy>227.6398</cy>
			<w>15.4961</w>
			<h>25.9318</h>
			<angle>0.094601</angle>
		</robndbox>
		<extra/>
	</object>
	<object>
		<name>0</name>
		<pose>Unspecified</pose>
		<truncated>0</truncated>
		<difficult>0</difficult>
		<robndbox>
			<cx>533.7044</cx>
			<cy>257.1737</cy>
			<w>13.8975</w>
			<h>26.0542</h>
			<angle>0.494097</angle>
		</robndbox>
		<extra/>
	</object>
	<object>
		<name>0</name>
		<pose>Unspecified</pose>
		<truncated>0</truncated>
		<difficult>0</difficult>
		<robndbox>
			<cx>546.7918</cx>
			<cy>264.3865</cy>
			<w>16.251</w>
			<h>25.5338</h>
			<angle>0.494097</angle>
		</robndbox>
		<extra/>
	</object>
	<object>
		<name>1</name>
		<pose>Unspecified</pose>
		<truncated>0</truncated>
		<difficult>0</difficult>
		<robndbox>
			<cx>209.1923</cx>
			<cy>299.087</cy>
			<w>14.846</w>
			<h>26.1163</h>
			<angle>5.591639</angle>
		</robndbox>
		<extra/>
	</object>
	<object>
		<name>2</name>
		<pose>Unspecified</pose>
		<truncated>0</truncated>
		<difficult>0</difficult>
		<robndbox>
			<cx>278.4075</cx>
			<cy>251.7102</cy>
			<w>15.6444</w>
			<h>25.7764</h>
			<angle>5.893862</angle>
		</robndbox>
		<extra/>
	</object>
	<object>
		<name>3</name>
		<pose>Unspecified</pose>
		<truncated>0</truncated>
		<difficult>0</difficult>
		<robndbox>
			<cx>417.4188</cx>
			<cy>224.5704</cy>
			<w>15.6406</w>
			<h>25.4958</h>
			<angle>0.094601</angle>
		</robndbox>
		<extra/>
	</object>
	<object>
		<name>4</name>
		<pose>Unspecified</pose>
		<truncated>0</truncated>
		<difficult>0</difficult>
		<robndbox>
			<cx>521.4426</cx>
			<cy>249.9678</cy>
			<w>15.2391</w>
			<h>25.94</h>
			<angle>0.494097</angle>
		</robndbox>
		<extra/>
	</object>
	<object>
		<name>0</name>
		<pose>Unspecified</pose>
		<truncated>0</truncated>
		<difficult>0</difficult>
		<robndbox>
			<cx>572.911</cx>
			<cy>355.9407</cy>
			<w>16.1787</w>
			<h>26.1182</h>
			<angle>2.5e-05</angle>
		</robndbox>
		<extra/>
	</object>
	<object>
		<name>0</name>
		<pose>Unspecified</pose>
		<truncated>0</truncated>
		<difficult>0</difficult>
		<robndbox>
			<cx>557.911</cx>
			<cy>355.9407</cy>
			<w>14.1787</w>
			<h>26.1182</h>
			<angle>2.5e-05</angle>
		</robndbox>
		<extra/>
	</object>
	<object>
		<name>5</name>
		<pose>Unspecified</pose>
		<truncated>0</truncated>
		<difficult>0</difficult>
		<robndbox>
			<cx>542.911</cx>
			<cy>355.9407</cy>
			<w>16.1787</w>
			<h>26.1182</h>
			<angle>2.5e-05</angle>
		</robndbox>
		<extra/>
	</object>
	<object>
		<name>needle</name>
		<pose>Unspecified</pose>
		<truncated>0</truncated>
		<difficult>0</difficult>
		<robndbox>
			<cx>289.0444</cx>
			<cy>408.9232</cy>
			<w>19.7937</w>
			<h>237.2401</h>
			<angle>5.474708</angle>
		</robndbox>
		<extra/>
	</object>
</annotation>
