<annotation>
	<folder>images</folder>
	<filename>6d63a58b-ac38-47b7-bdab-48eb754f0ba1.jpg</filename>
	<path>C:\Users\yaman\Documents\images\6d63a58b-ac38-47b7-bdab-48eb754f0ba1.jpg</path>
	<source>
		<database>Unknown</database>
	</source>
	<size>
		<width>640</width>
		<height>640</height>
		<depth>3</depth>
	</size>
	<segmented>0</segmented>
	<object>
		<name>scale</name>
		<pose>Unspecified</pose>
		<truncated>0</truncated>
		<difficult>0</difficult>
		<robndbox>
			<cx>194.5369</cx>
			<cy>264.0574</cy>
			<w>14.9869</w>
			<h>13.4484</h>
			<angle>5.597853</angle>
		</robndbox>
		<extra/>
	</object>
	<object>
		<name>scale</name>
		<pose>Unspecified</pose>
		<truncated>0</truncated>
		<difficult>0</difficult>
		<robndbox>
			<cx>471.5369</cx>
			<cy>263.0574</cy>
			<w>14.9869</w>
			<h>13.4484</h>
			<angle>0.679605</angle>
		</robndbox>
		<extra/>
	</object>
	<object>
		<name>scale</name>
		<pose>Unspecified</pose>
		<truncated>0</truncated>
		<difficult>0</difficult>
		<robndbox>
			<cx>202.9815</cx>
			<cy>257.7672</cy>
			<w>14.6467</w>
			<h>13.8936</h>
			<angle>5.646601</angle>
		</robndbox>
		<extra/>
	</object>
	<object>
		<name>scale</name>
		<pose>Unspecified</pose>
		<truncated>0</truncated>
		<difficult>0</difficult>
		<robndbox>
			<cx>211.3902</cx>
			<cy>251.9482</cy>
			<w>13.7177</w>
			<h>14.0732</h>
			<angle>5.695349</angle>
		</robndbox>
		<extra/>
	</object>
	<object>
		<name>scale</name>
		<pose>Unspecified</pose>
		<truncated>0</truncated>
		<difficult>0</difficult>
		<robndbox>
			<cx>219.4555</cx>
			<cy>245.8479</cy>
			<w>14.1722</w>
			<h>13.4931</h>
			<angle>5.744097</angle>
		</robndbox>
		<extra/>
	</object>
	<object>
		<name>scale</name>
		<pose>Unspecified</pose>
		<truncated>0</truncated>
		<difficult>0</difficult>
		<robndbox>
			<cx>228.7769</cx>
			<cy>240.4449</cy>
			<w>13.8989</w>
			<h>14.243</h>
			<angle>5.792844</angle>
		</robndbox>
		<extra/>
	</object>
	<object>
		<name>scale</name>
		<pose>Unspecified</pose>
		<truncated>0</truncated>
		<difficult>0</difficult>
		<robndbox>
			<cx>237.5117</cx>
			<cy>235.8326</cy>
			<w>14.4488</w>
			<h>13.8372</h>
			<angle>5.841592</angle>
		</robndbox>
		<extra/>
	</object>
	<object>
		<name>scale</name>
		<pose>Unspecified</pose>
		<truncated>0</truncated>
		<difficult>0</difficult>
		<robndbox>
			<cx>246.9801</cx>
			<cy>231.4307</cy>
			<w>13.9329</w>
			<h>13.5008</h>
			<angle>5.89034</angle>
		</robndbox>
		<extra/>
	</object>
	<object>
		<name>scale</name>
		<pose>Unspecified</pose>
		<truncated>0</truncated>
		<difficult>0</difficult>
		<robndbox>
			<cx>256.4415</cx>
			<cy>227.3496</cy>
			<w>14.9869</w>
			<h>13.4484</h>
			<angle>5.939088</angle>
		</robndbox>
		<extra/>
	</object>
	<object>
		<name>scale</name>
		<pose>Unspecified</pose>
		<truncated>0</truncated>
		<difficult>0</difficult>
		<robndbox>
			<cx>266.238</cx>
			<cy>224.3669</cy>
			<w>14.0681</w>
			<h>13.9659</h>
			<angle>5.987835</angle>
		</robndbox>
		<extra/>
	</object>
	<object>
		<name>scale</name>
		<pose>Unspecified</pose>
		<truncated>0</truncated>
		<difficult>0</difficult>
		<robndbox>
			<cx>276.27</cx>
			<cy>221.3853</cy>
			<w>14.427</w>
			<h>14.1351</h>
			<angle>6.036583</angle>
		</robndbox>
		<extra/>
	</object>
	<object>
		<name>scale</name>
		<pose>Unspecified</pose>
		<truncated>0</truncated>
		<difficult>0</difficult>
		<robndbox>
			<cx>286.3546</cx>
			<cy>217.7617</cy>
			<w>14.9869</w>
			<h>13.4484</h>
			<angle>6.085331</angle>
		</robndbox>
		<extra/>
	</object>
	<object>
		<name>scale</name>
		<pose>Unspecified</pose>
		<truncated>0</truncated>
		<difficult>0</difficult>
		<robndbox>
			<cx>296.2439</cx>
			<cy>216.1889</cy>
			<w>13.6136</w>
			<h>13.7977</h>
			<angle>6.134079</angle>
		</robndbox>
		<extra/>
	</object>
	<object>
		<name>scale</name>
		<pose>Unspecified</pose>
		<truncated>0</truncated>
		<difficult>0</difficult>
		<robndbox>
			<cx>307.1495</cx>
			<cy>214.5708</cy>
			<w>13.7257</w>
			<h>13.5514</h>
			<angle>6.182826</angle>
		</robndbox>
		<extra/>
	</object>
	<object>
		<name>scale</name>
		<pose>Unspecified</pose>
		<truncated>0</truncated>
		<difficult>0</difficult>
		<robndbox>
			<cx>316.6794</cx>
			<cy>214.2208</cy>
			<w>13.9223</w>
			<h>14.2957</h>
			<angle>6.231574</angle>
		</robndbox>
		<extra/>
	</object>
	<object>
		<name>scale</name>
		<pose>Unspecified</pose>
		<truncated>0</truncated>
		<difficult>0</difficult>
		<robndbox>
			<cx>327.6812</cx>
			<cy>213.3665</cy>
			<w>13.4003</w>
			<h>13.2286</h>
			<angle>6.280322</angle>
		</robndbox>
		<extra/>
	</object>
	<object>
		<name>scale</name>
		<pose>Unspecified</pose>
		<truncated>0</truncated>
		<difficult>0</difficult>
		<robndbox>
			<cx>337.5888</cx>
			<cy>212.7089</cy>
			<w>14.9869</w>
			<h>13.4484</h>
			<angle>0.045884</angle>
		</robndbox>
		<extra/>
	</object>
	<object>
		<name>scale</name>
		<pose>Unspecified</pose>
		<truncated>0</truncated>
		<difficult>0</difficult>
		<robndbox>
			<cx>348.6803</cx>
			<cy>213.7371</cy>
			<w>14.1084</w>
			<h>13.9212</h>
			<angle>0.094632</angle>
		</robndbox>
		<extra/>
	</object>
	<object>
		<name>scale</name>
		<pose>Unspecified</pose>
		<truncated>0</truncated>
		<difficult>0</difficult>
		<robndbox>
			<cx>358.8928</cx>
			<cy>214.731</cy>
			<w>14.9869</w>
			<h>13.4484</h>
			<angle>0.14338</angle>
		</robndbox>
		<extra/>
	</object>
	<object>
		<name>scale</name>
		<pose>Unspecified</pose>
		<truncated>0</truncated>
		<difficult>0</difficult>
		<robndbox>
			<cx>369.0426</cx>
			<cy>215.6742</cy>
			<w>13.7553</w>
			<h>13.527</h>
			<angle>0.192128</angle>
		</robndbox>
		<extra/>
	</object>
	<object>
		<name>scale</name>
		<pose>Unspecified</pose>
		<truncated>0</truncated>
		<difficult>0</difficult>
		<robndbox>
			<cx>378.8988</cx>
			<cy>217.8172</cy>
			<w>14.9869</w>
			<h>13.4484</h>
			<angle>0.240875</angle>
		</robndbox>
		<extra/>
	</object>
	<object>
		<name>scale</name>
		<pose>Unspecified</pose>
		<truncated>0</truncated>
		<difficult>0</difficult>
		<robndbox>
			<cx>388.6647</cx>
			<cy>219.6595</cy>
			<w>14.1284</w>
			<h>13.2686</h>
			<angle>0.289623</angle>
		</robndbox>
		<extra/>
	</object>
	<object>
		<name>scale</name>
		<pose>Unspecified</pose>
		<truncated>0</truncated>
		<difficult>0</difficult>
		<robndbox>
			<cx>398.7854</cx>
			<cy>223.0492</cy>
			<w>13.8936</w>
			<h>14.0884</h>
			<angle>0.338371</angle>
		</robndbox>
		<extra/>
	</object>
	<object>
		<name>scale</name>
		<pose>Unspecified</pose>
		<truncated>0</truncated>
		<difficult>0</difficult>
		<robndbox>
			<cx>408.9457</cx>
			<cy>226.6645</cy>
			<w>14.049</w>
			<h>12.9317</h>
			<angle>0.387119</angle>
		</robndbox>
		<extra/>
	</object>
	<object>
		<name>scale</name>
		<pose>Unspecified</pose>
		<truncated>0</truncated>
		<difficult>0</difficult>
		<robndbox>
			<cx>418.2235</cx>
			<cy>231.0077</cy>
			<w>14.9869</w>
			<h>13.4484</h>
			<angle>0.435866</angle>
		</robndbox>
		<extra/>
	</object>
	<object>
		<name>scale</name>
		<pose>Unspecified</pose>
		<truncated>0</truncated>
		<difficult>0</difficult>
		<robndbox>
			<cx>427.8129</cx>
			<cy>235.7616</cy>
			<w>14.9869</w>
			<h>13.4484</h>
			<angle>0.484614</angle>
		</robndbox>
		<extra/>
	</object>
	<object>
		<name>scale</name>
		<pose>Unspecified</pose>
		<truncated>0</truncated>
		<difficult>0</difficult>
		<robndbox>
			<cx>436.5153</cx>
			<cy>240.4984</cy>
			<w>13.8436</w>
			<h>13.984</h>
			<angle>0.533362</angle>
		</robndbox>
		<extra/>
	</object>
	<object>
		<name>scale</name>
		<pose>Unspecified</pose>
		<truncated>0</truncated>
		<difficult>0</difficult>
		<robndbox>
			<cx>446.0982</cx>
			<cy>246.0725</cy>
			<w>13.0802</w>
			<h>13.2243</h>
			<angle>0.58211</angle>
		</robndbox>
		<extra/>
	</object>
	<object>
		<name>scale</name>
		<pose>Unspecified</pose>
		<truncated>0</truncated>
		<difficult>0</difficult>
		<robndbox>
			<cx>454.526</cx>
			<cy>250.8662</cy>
			<w>14.0474</w>
			<h>13.0686</h>
			<angle>0.630858</angle>
		</robndbox>
		<extra/>
	</object>
	<object>
		<name>scale</name>
		<pose>Unspecified</pose>
		<truncated>0</truncated>
		<difficult>0</difficult>
		<robndbox>
			<cx>463.2408</cx>
			<cy>256.8984</cy>
			<w>13.0865</w>
			<h>13.7107</h>
			<angle>0.585067</angle>
		</robndbox>
		<extra/>
	</object>
	<object>
		<name>mA</name>
		<pose>Unspecified</pose>
		<truncated>0</truncated>
		<difficult>0</difficult>
		<robndbox>
			<cx>334.0</cx>
			<cy>268.0</cy>
			<w>64.0</w>
			<h>44.0</h>
			<angle>0.0</angle>
		</robndbox>
		<extra/>
	</object>
	<object>
		<name>0</name>
		<pose>Unspecified</pose>
		<truncated>0</truncated>
		<difficult>0</difficult>
		<robndbox>
			<cx>283.3043</cx>
			<cy>185.6711</cy>
			<w>11.9343</w>
			<h>19.8037</h>
			<angle>5.941494</angle>
		</robndbox>
		<extra/>
	</object>
	<object>
		<name>0</name>
		<pose>Unspecified</pose>
		<truncated>0</truncated>
		<difficult>0</difficult>
		<robndbox>
			<cx>272.3043</cx>
			<cy>189.6711</cy>
			<w>11.9343</w>
			<h>19.8037</h>
			<angle>5.941494</angle>
		</robndbox>
		<extra/>
	</object>
	<object>
		<name>0</name>
		<pose>Unspecified</pose>
		<truncated>0</truncated>
		<difficult>0</difficult>
		<robndbox>
			<cx>169.9401</cx>
			<cy>244.3299</cy>
			<w>11.9343</w>
			<h>19.8037</h>
			<angle>5.503865</angle>
		</robndbox>
		<extra/>
	</object>
	<object>
		<name>0</name>
		<pose>Unspecified</pose>
		<truncated>0</truncated>
		<difficult>0</difficult>
		<robndbox>
			<cx>390.9401</cx>
			<cy>188.3299</cy>
			<w>11.9343</w>
			<h>19.8037</h>
			<angle>0.145123</angle>
		</robndbox>
		<extra/>
	</object>
	<object>
		<name>0</name>
		<pose>Unspecified</pose>
		<truncated>0</truncated>
		<difficult>0</difficult>
		<robndbox>
			<cx>402.9401</cx>
			<cy>190.3299</cy>
			<w>11.9343</w>
			<h>19.8037</h>
			<angle>0.145123</angle>
		</robndbox>
		<extra/>
	</object>
	<object>
		<name>0</name>
		<pose>Unspecified</pose>
		<truncated>0</truncated>
		<difficult>0</difficult>
		<robndbox>
			<cx>495.9401</cx>
			<cy>243.3299</cy>
			<w>11.9343</w>
			<h>19.8037</h>
			<angle>0.674752</angle>
		</robndbox>
		<extra/>
	</object>
	<object>
		<name>0</name>
		<pose>Unspecified</pose>
		<truncated>0</truncated>
		<difficult>0</difficult>
		<robndbox>
			<cx>504.9401</cx>
			<cy>250.3299</cy>
			<w>11.9343</w>
			<h>19.8037</h>
			<angle>0.704773</angle>
		</robndbox>
		<extra/>
	</object>
	<object>
		<name>3</name>
		<pose>Unspecified</pose>
		<truncated>0</truncated>
		<difficult>0</difficult>
		<robndbox>
			<cx>487.9401</cx>
			<cy>236.3299</cy>
			<w>11.9343</w>
			<h>19.8037</h>
			<angle>0.674752</angle>
		</robndbox>
		<extra/>
	</object>
	<object>
		<name>2</name>
		<pose>Unspecified</pose>
		<truncated>0</truncated>
		<difficult>0</difficult>
		<robndbox>
			<cx>379.9401</cx>
			<cy>186.3299</cy>
			<w>11.9343</w>
			<h>19.8037</h>
			<angle>0.145123</angle>
		</robndbox>
		<extra/>
	</object>
	<object>
		<name>1</name>
		<pose>Unspecified</pose>
		<truncated>0</truncated>
		<difficult>0</difficult>
		<robndbox>
			<cx>261.3043</cx>
			<cy>193.6711</cy>
			<w>11.9343</w>
			<h>19.8037</h>
			<angle>5.941494</angle>
		</robndbox>
		<extra/>
	</object>
	<object>
		<name>needle</name>
		<pose>Unspecified</pose>
		<truncated>0</truncated>
		<difficult>0</difficult>
		<robndbox>
			<cx>233.829</cx>
			<cy>309.2976</cy>
			<w>9.4935</w>
			<h>161.5863</h>
			<angle>5.540024</angle>
		</robndbox>
		<extra/>
	</object>
</annotation>
