<annotation>
	<folder>images</folder>
	<filename>7ae34b9a-0b16-4e55-a519-dfa3ef5768b3.jpg</filename>
	<path>C:\Users\yaman\Documents\images\7ae34b9a-0b16-4e55-a519-dfa3ef5768b3.jpg</path>
	<source>
		<database>Unknown</database>
	</source>
	<size>
		<width>1000</width>
		<height>1000</height>
		<depth>3</depth>
	</size>
	<segmented>0</segmented>
	<object>
		<name>scale</name>
		<pose>Unspecified</pose>
		<truncated>0</truncated>
		<difficult>0</difficult>
		<robndbox>
			<cx>279.7418</cx>
			<cy>647.4799</cy>
			<w>33.4917</w>
			<h>15.033</h>
			<angle>0.060796</angle>
		</robndbox>
		<extra/>
	</object>
	<object>
		<name>scale</name>
		<pose>Unspecified</pose>
		<truncated>0</truncated>
		<difficult>0</difficult>
		<robndbox>
			<cx>672.0</cx>
			<cy>267.5</cy>
			<w>32.6783</w>
			<h>32.3284</h>
			<angle>1.560796</angle>
		</robndbox>
		<extra/>
	</object>
	<object>
		<name>scale</name>
		<pose>Unspecified</pose>
		<truncated>0</truncated>
		<difficult>0</difficult>
		<robndbox>
			<cx>285.4017</cx>
			<cy>591.9803</cy>
			<w>33.2642</w>
			<h>25.4618</h>
			<angle>0.181715</angle>
		</robndbox>
		<extra/>
	</object>
	<object>
		<name>scale</name>
		<pose>Unspecified</pose>
		<truncated>0</truncated>
		<difficult>0</difficult>
		<robndbox>
			<cx>283.0</cx>
			<cy>607.0</cy>
			<w>33.1934</w>
			<h>16.7987</h>
			<angle>0.164245</angle>
		</robndbox>
		<extra/>
	</object>
	<object>
		<name>scale</name>
		<pose>Unspecified</pose>
		<truncated>0</truncated>
		<difficult>0</difficult>
		<robndbox>
			<cx>281.6246</cx>
			<cy>618.5145</cy>
			<w>33.2412</w>
			<h>15.2854</h>
			<angle>0.115969</angle>
		</robndbox>
		<extra/>
	</object>
	<object>
		<name>scale</name>
		<pose>Unspecified</pose>
		<truncated>0</truncated>
		<difficult>0</difficult>
		<robndbox>
			<cx>289.5</cx>
			<cy>573.0</cy>
			<w>33.9079</w>
			<h>23.8172</h>
			<angle>0.267693</angle>
		</robndbox>
		<extra/>
	</object>
	<object>
		<name>scale</name>
		<pose>Unspecified</pose>
		<truncated>0</truncated>
		<difficult>0</difficult>
		<robndbox>
			<cx>294.6235</cx>
			<cy>553.0327</cy>
			<w>33.0333</w>
			<h>25.9436</h>
			<angle>0.274827</angle>
		</robndbox>
		<extra/>
	</object>
	<object>
		<name>scale</name>
		<pose>Unspecified</pose>
		<truncated>0</truncated>
		<difficult>0</difficult>
		<robndbox>
			<cx>301.3392</cx>
			<cy>532.8504</cy>
			<w>34.1734</w>
			<h>23.5056</h>
			<angle>0.332338</angle>
		</robndbox>
		<extra/>
	</object>
	<object>
		<name>scale</name>
		<pose>Unspecified</pose>
		<truncated>0</truncated>
		<difficult>0</difficult>
		<robndbox>
			<cx>309.2337</cx>
			<cy>513.37</cy>
			<w>34.9266</w>
			<h>25.8719</h>
			<angle>0.422865</angle>
		</robndbox>
		<extra/>
	</object>
	<object>
		<name>scale</name>
		<pose>Unspecified</pose>
		<truncated>0</truncated>
		<difficult>0</difficult>
		<robndbox>
			<cx>317.2409</cx>
			<cy>495.4047</cy>
			<w>35.3524</w>
			<h>24.6295</h>
			<angle>0.421807</angle>
		</robndbox>
		<extra/>
	</object>
	<object>
		<name>scale</name>
		<pose>Unspecified</pose>
		<truncated>0</truncated>
		<difficult>0</difficult>
		<robndbox>
			<cx>325.4633</cx>
			<cy>476.6218</cy>
			<w>35.1409</w>
			<h>25.9405</h>
			<angle>0.469285</angle>
		</robndbox>
		<extra/>
	</object>
	<object>
		<name>scale</name>
		<pose>Unspecified</pose>
		<truncated>0</truncated>
		<difficult>0</difficult>
		<robndbox>
			<cx>335.5875</cx>
			<cy>458.0976</cy>
			<w>34.4074</w>
			<h>27.9921</h>
			<angle>0.547062</angle>
		</robndbox>
		<extra/>
	</object>
	<object>
		<name>scale</name>
		<pose>Unspecified</pose>
		<truncated>0</truncated>
		<difficult>0</difficult>
		<robndbox>
			<cx>280.7468</cx>
			<cy>628.0247</cy>
			<w>33.1347</w>
			<h>14.823</h>
			<angle>0.099762</angle>
		</robndbox>
		<extra/>
	</object>
	<object>
		<name>scale</name>
		<pose>Unspecified</pose>
		<truncated>0</truncated>
		<difficult>0</difficult>
		<robndbox>
			<cx>346.7319</cx>
			<cy>440.1871</cy>
			<w>33.8913</w>
			<h>27.2258</h>
			<angle>0.601504</angle>
		</robndbox>
		<extra/>
	</object>
	<object>
		<name>scale</name>
		<pose>Unspecified</pose>
		<truncated>0</truncated>
		<difficult>0</difficult>
		<robndbox>
			<cx>360.0</cx>
			<cy>421.5</cy>
			<w>33.9937</w>
			<h>28.1678</h>
			<angle>0.65035</angle>
		</robndbox>
		<extra/>
	</object>
	<object>
		<name>scale</name>
		<pose>Unspecified</pose>
		<truncated>0</truncated>
		<difficult>0</difficult>
		<robndbox>
			<cx>374.0</cx>
			<cy>405.0</cy>
			<w>34.0205</w>
			<h>27.9751</h>
			<angle>0.733616</angle>
		</robndbox>
		<extra/>
	</object>
	<object>
		<name>scale</name>
		<pose>Unspecified</pose>
		<truncated>0</truncated>
		<difficult>0</difficult>
		<robndbox>
			<cx>388.8899</cx>
			<cy>388.7096</cy>
			<w>33.2962</w>
			<h>28.4612</h>
			<angle>0.739673</angle>
		</robndbox>
		<extra/>
	</object>
	<object>
		<name>scale</name>
		<pose>Unspecified</pose>
		<truncated>0</truncated>
		<difficult>0</difficult>
		<robndbox>
			<cx>404.5585</cx>
			<cy>373.7578</cy>
			<w>32.4756</w>
			<h>28.5793</h>
			<angle>0.803022</angle>
		</robndbox>
		<extra/>
	</object>
	<object>
		<name>scale</name>
		<pose>Unspecified</pose>
		<truncated>0</truncated>
		<difficult>0</difficult>
		<robndbox>
			<cx>420.8189</cx>
			<cy>358.0971</cy>
			<w>32.5712</w>
			<h>27.7015</h>
			<angle>0.840981</angle>
		</robndbox>
		<extra/>
	</object>
	<object>
		<name>scale</name>
		<pose>Unspecified</pose>
		<truncated>0</truncated>
		<difficult>0</difficult>
		<robndbox>
			<cx>438.5563</cx>
			<cy>343.7204</cy>
			<w>34.4093</w>
			<h>28.3829</h>
			<angle>0.94911</angle>
		</robndbox>
		<extra/>
	</object>
	<object>
		<name>scale</name>
		<pose>Unspecified</pose>
		<truncated>0</truncated>
		<difficult>0</difficult>
		<robndbox>
			<cx>457.3485</cx>
			<cy>331.8264</cy>
			<w>35.1286</w>
			<h>27.4722</h>
			<angle>1.012622</angle>
		</robndbox>
		<extra/>
	</object>
	<object>
		<name>scale</name>
		<pose>Unspecified</pose>
		<truncated>0</truncated>
		<difficult>0</difficult>
		<robndbox>
			<cx>476.9864</cx>
			<cy>320.0871</cy>
			<w>34.4412</w>
			<h>28.2501</h>
			<angle>1.063789</angle>
		</robndbox>
		<extra/>
	</object>
	<object>
		<name>scale</name>
		<pose>Unspecified</pose>
		<truncated>0</truncated>
		<difficult>0</difficult>
		<robndbox>
			<cx>498.0376</cx>
			<cy>308.1562</cy>
			<w>34.5112</w>
			<h>28.6198</h>
			<angle>1.105107</angle>
		</robndbox>
		<extra/>
	</object>
	<object>
		<name>scale</name>
		<pose>Unspecified</pose>
		<truncated>0</truncated>
		<difficult>0</difficult>
		<robndbox>
			<cx>520.2023</cx>
			<cy>297.8623</cy>
			<w>34.146</w>
			<h>28.788</h>
			<angle>1.143498</angle>
		</robndbox>
		<extra/>
	</object>
	<object>
		<name>scale</name>
		<pose>Unspecified</pose>
		<truncated>0</truncated>
		<difficult>0</difficult>
		<robndbox>
			<cx>543.5659</cx>
			<cy>288.3333</cy>
			<w>33.8359</w>
			<h>29.2759</h>
			<angle>1.250451</angle>
		</robndbox>
		<extra/>
	</object>
	<object>
		<name>scale</name>
		<pose>Unspecified</pose>
		<truncated>0</truncated>
		<difficult>0</difficult>
		<robndbox>
			<cx>567.8012</cx>
			<cy>281.8292</cy>
			<w>34.0627</w>
			<h>29.1793</h>
			<angle>1.314774</angle>
		</robndbox>
		<extra/>
	</object>
	<object>
		<name>scale</name>
		<pose>Unspecified</pose>
		<truncated>0</truncated>
		<difficult>0</difficult>
		<robndbox>
			<cx>593.0</cx>
			<cy>276.0</cy>
			<w>34.7564</w>
			<h>29.5972</h>
			<angle>1.36824</angle>
		</robndbox>
		<extra/>
	</object>
	<object>
		<name>scale</name>
		<pose>Unspecified</pose>
		<truncated>0</truncated>
		<difficult>0</difficult>
		<robndbox>
			<cx>618.5</cx>
			<cy>271.5</cy>
			<w>33.0184</w>
			<h>30.063</h>
			<angle>1.426428</angle>
		</robndbox>
		<extra/>
	</object>
	<object>
		<name>scale</name>
		<pose>Unspecified</pose>
		<truncated>0</truncated>
		<difficult>0</difficult>
		<robndbox>
			<cx>644.736</cx>
			<cy>268.6772</cy>
			<w>32.904</w>
			<h>29.5128</h>
			<angle>1.483398</angle>
		</robndbox>
		<extra/>
	</object>
	<object>
		<name>scale</name>
		<pose>Unspecified</pose>
		<truncated>0</truncated>
		<difficult>0</difficult>
		<robndbox>
			<cx>280.203</cx>
			<cy>638.1884</cy>
			<w>32.9367</w>
			<h>14.0324</h>
			<angle>0.049762</angle>
		</robndbox>
		<extra/>
	</object>
	<object>
		<name>A</name>
		<pose>Unspecified</pose>
		<truncated>0</truncated>
		<difficult>0</difficult>
		<robndbox>
			<cx>328.0</cx>
			<cy>300.5</cy>
			<w>50.0</w>
			<h>61.0</h>
			<angle>0.0</angle>
		</robndbox>
		<extra/>
	</object>
	<object>
		<name>0</name>
		<pose>Unspecified</pose>
		<truncated>0</truncated>
		<difficult>0</difficult>
		<robndbox>
			<cx>492.5</cx>
			<cy>396.5</cy>
			<w>19.0</w>
			<h>31.0</h>
			<angle>0.0</angle>
		</robndbox>
		<extra/>
	</object>
	<object>
		<name>0</name>
		<pose>Unspecified</pose>
		<truncated>0</truncated>
		<difficult>0</difficult>
		<robndbox>
			<cx>472.5</cx>
			<cy>396.5</cy>
			<w>19.0</w>
			<h>31.0</h>
			<angle>0.0</angle>
		</robndbox>
		<extra/>
	</object>
	<object>
		<name>0</name>
		<pose>Unspecified</pose>
		<truncated>0</truncated>
		<difficult>0</difficult>
		<robndbox>
			<cx>377.5</cx>
			<cy>540.5</cy>
			<w>19.0</w>
			<h>31.0</h>
			<angle>0.0</angle>
		</robndbox>
		<extra/>
	</object>
	<object>
		<name>0</name>
		<pose>Unspecified</pose>
		<truncated>0</truncated>
		<difficult>0</difficult>
		<robndbox>
			<cx>701.5</cx>
			<cy>329.5</cy>
			<w>19.0</w>
			<h>31.0</h>
			<angle>0.0</angle>
		</robndbox>
		<extra/>
	</object>
	<object>
		<name>0</name>
		<pose>Unspecified</pose>
		<truncated>0</truncated>
		<difficult>0</difficult>
		<robndbox>
			<cx>335.5</cx>
			<cy>656.5</cy>
			<w>19.0</w>
			<h>31.0</h>
			<angle>0.0</angle>
		</robndbox>
		<extra/>
	</object>
	<object>
		<name>5</name>
		<pose>Unspecified</pose>
		<truncated>0</truncated>
		<difficult>0</difficult>
		<robndbox>
			<cx>357.5</cx>
			<cy>540.5</cy>
			<w>19.0</w>
			<h>31.0</h>
			<angle>0.0</angle>
		</robndbox>
		<extra/>
	</object>
	<object>
		<name>1</name>
		<pose>Unspecified</pose>
		<truncated>0</truncated>
		<difficult>0</difficult>
		<robndbox>
			<cx>453.5</cx>
			<cy>396.5</cy>
			<w>19.0</w>
			<h>31.0</h>
			<angle>0.0</angle>
		</robndbox>
		<extra/>
	</object>
	<object>
		<name>1</name>
		<pose>Unspecified</pose>
		<truncated>0</truncated>
		<difficult>0</difficult>
		<robndbox>
			<cx>661.5</cx>
			<cy>328.5</cy>
			<w>19.0</w>
			<h>31.0</h>
			<angle>0.0</angle>
		</robndbox>
		<extra/>
	</object>
	<object>
		<name>5</name>
		<pose>Unspecified</pose>
		<truncated>0</truncated>
		<difficult>0</difficult>
		<robndbox>
			<cx>680.5</cx>
			<cy>328.5</cy>
			<w>19.0</w>
			<h>31.0</h>
			<angle>0.0</angle>
		</robndbox>
		<extra/>
	</object>
	<object>
		<name>needle</name>
		<pose>Unspecified</pose>
		<truncated>0</truncated>
		<difficult>0</difficult>
		<robndbox>
			<cx>427.028</cx>
			<cy>655.3381</cy>
			<w>19.245</w>
			<h>313.9442</h>
			<angle>4.718508</angle>
		</robndbox>
		<extra/>
	</object>
</annotation>
