<annotation>
	<folder>images</folder>
	<filename>7c010a02-15bb-4e0b-9a43-87598d164513.jpg</filename>
	<path>C:\Users\yaman\Documents\images\7c010a02-15bb-4e0b-9a43-87598d164513.jpg</path>
	<source>
		<database>Unknown</database>
	</source>
	<size>
		<width>600</width>
		<height>600</height>
		<depth>1</depth>
	</size>
	<segmented>0</segmented>
	<object>
		<name>scale</name>
		<pose>Unspecified</pose>
		<truncated>0</truncated>
		<difficult>0</difficult>
		<robndbox>
			<cx>163.7973</cx>
			<cy>225.9358</cy>
			<w>19.7899</w>
			<h>20.3774</h>
			<angle>0.80454</angle>
		</robndbox>
		<extra/>
	</object>
	<object>
		<name>scale</name>
		<pose>Unspecified</pose>
		<truncated>0</truncated>
		<difficult>0</difficult>
		<robndbox>
			<cx>452.4098</cx>
			<cy>220.1922</cy>
			<w>13.4535</w>
			<h>8.4144</h>
			<angle>2.308355</angle>
		</robndbox>
		<extra/>
	</object>
	<object>
		<name>scale</name>
		<pose>Unspecified</pose>
		<truncated>0</truncated>
		<difficult>0</difficult>
		<robndbox>
			<cx>175.9204</cx>
			<cy>213.5916</cy>
			<w>12.9113</w>
			<h>9.5808</h>
			<angle>0.888423</angle>
		</robndbox>
		<extra/>
	</object>
	<object>
		<name>scale</name>
		<pose>Unspecified</pose>
		<truncated>0</truncated>
		<difficult>0</difficult>
		<robndbox>
			<cx>180.6205</cx>
			<cy>210.1179</cy>
			<w>12.9113</w>
			<h>9.5808</h>
			<angle>0.922305</angle>
		</robndbox>
		<extra/>
	</object>
	<object>
		<name>scale</name>
		<pose>Unspecified</pose>
		<truncated>0</truncated>
		<difficult>0</difficult>
		<robndbox>
			<cx>186.4689</cx>
			<cy>206.8398</cy>
			<w>12.9113</w>
			<h>9.5808</h>
			<angle>0.956188</angle>
		</robndbox>
		<extra/>
	</object>
	<object>
		<name>scale</name>
		<pose>Unspecified</pose>
		<truncated>0</truncated>
		<difficult>0</difficult>
		<robndbox>
			<cx>191.4588</cx>
			<cy>203.7624</cy>
			<w>12.9113</w>
			<h>9.5808</h>
			<angle>0.990071</angle>
		</robndbox>
		<extra/>
	</object>
	<object>
		<name>scale</name>
		<pose>Unspecified</pose>
		<truncated>0</truncated>
		<difficult>0</difficult>
		<robndbox>
			<cx>197.0674</cx>
			<cy>199.4335</cy>
			<w>12.6343</w>
			<h>10.8825</h>
			<angle>1.023953</angle>
		</robndbox>
		<extra/>
	</object>
	<object>
		<name>scale</name>
		<pose>Unspecified</pose>
		<truncated>0</truncated>
		<difficult>0</difficult>
		<robndbox>
			<cx>204.4207</cx>
			<cy>195.126</cy>
			<w>12.3267</w>
			<h>10.2042</h>
			<angle>1.057836</angle>
		</robndbox>
		<extra/>
	</object>
	<object>
		<name>scale</name>
		<pose>Unspecified</pose>
		<truncated>0</truncated>
		<difficult>0</difficult>
		<robndbox>
			<cx>218.0256</cx>
			<cy>187.7737</cy>
			<w>12.733</w>
			<h>11.179</h>
			<angle>1.091719</angle>
		</robndbox>
		<extra/>
	</object>
	<object>
		<name>scale</name>
		<pose>Unspecified</pose>
		<truncated>0</truncated>
		<difficult>0</difficult>
		<robndbox>
			<cx>226.5251</cx>
			<cy>184.3262</cy>
			<w>12.7119</w>
			<h>10.7652</h>
			<angle>1.159484</angle>
		</robndbox>
		<extra/>
	</object>
	<object>
		<name>scale</name>
		<pose>Unspecified</pose>
		<truncated>0</truncated>
		<difficult>0</difficult>
		<robndbox>
			<cx>233.5717</cx>
			<cy>181.7597</cy>
			<w>13.3589</w>
			<h>10.6854</h>
			<angle>1.193367</angle>
		</robndbox>
		<extra/>
	</object>
	<object>
		<name>scale</name>
		<pose>Unspecified</pose>
		<truncated>0</truncated>
		<difficult>0</difficult>
		<robndbox>
			<cx>240.0461</cx>
			<cy>179.2536</cy>
			<w>13.2091</w>
			<h>9.0714</h>
			<angle>1.227249</angle>
		</robndbox>
		<extra/>
	</object>
	<object>
		<name>scale</name>
		<pose>Unspecified</pose>
		<truncated>0</truncated>
		<difficult>0</difficult>
		<robndbox>
			<cx>248.8659</cx>
			<cy>176.3301</cy>
			<w>13.2436</w>
			<h>10.7433</h>
			<angle>1.261132</angle>
		</robndbox>
		<extra/>
	</object>
	<object>
		<name>scale</name>
		<pose>Unspecified</pose>
		<truncated>0</truncated>
		<difficult>0</difficult>
		<robndbox>
			<cx>256.5876</cx>
			<cy>173.7422</cy>
			<w>14.4822</w>
			<h>9.4768</h>
			<angle>1.295015</angle>
		</robndbox>
		<extra/>
	</object>
	<object>
		<name>scale</name>
		<pose>Unspecified</pose>
		<truncated>0</truncated>
		<difficult>0</difficult>
		<robndbox>
			<cx>264.8919</cx>
			<cy>171.4825</cy>
			<w>14.1191</w>
			<h>11.1588</h>
			<angle>1.328897</angle>
		</robndbox>
		<extra/>
	</object>
	<object>
		<name>scale</name>
		<pose>Unspecified</pose>
		<truncated>0</truncated>
		<difficult>0</difficult>
		<robndbox>
			<cx>272.0</cx>
			<cy>170.0</cy>
			<w>14.2441</w>
			<h>11.7092</h>
			<angle>1.396663</angle>
		</robndbox>
		<extra/>
	</object>
	<object>
		<name>scale</name>
		<pose>Unspecified</pose>
		<truncated>0</truncated>
		<difficult>0</difficult>
		<robndbox>
			<cx>280.6082</cx>
			<cy>169.1833</cy>
			<w>13.3062</w>
			<h>11.0318</h>
			<angle>1.430545</angle>
		</robndbox>
		<extra/>
	</object>
	<object>
		<name>scale</name>
		<pose>Unspecified</pose>
		<truncated>0</truncated>
		<difficult>0</difficult>
		<robndbox>
			<cx>288.5824</cx>
			<cy>167.9916</cy>
			<w>12.9647</w>
			<h>10.601</h>
			<angle>1.464428</angle>
		</robndbox>
		<extra/>
	</object>
	<object>
		<name>scale</name>
		<pose>Unspecified</pose>
		<truncated>0</truncated>
		<difficult>0</difficult>
		<robndbox>
			<cx>296.5292</cx>
			<cy>167.586</cy>
			<w>13.5867</w>
			<h>9.9838</h>
			<angle>1.498311</angle>
		</robndbox>
		<extra/>
	</object>
	<object>
		<name>scale</name>
		<pose>Unspecified</pose>
		<truncated>0</truncated>
		<difficult>0</difficult>
		<robndbox>
			<cx>304.9823</cx>
			<cy>167.1872</cy>
			<w>13.6568</w>
			<h>12.0</h>
			<angle>1.5682</angle>
		</robndbox>
		<extra/>
	</object>
	<object>
		<name>scale</name>
		<pose>Unspecified</pose>
		<truncated>0</truncated>
		<difficult>0</difficult>
		<robndbox>
			<cx>312.0028</cx>
			<cy>166.6169</cy>
			<w>12.7472</w>
			<h>12.0147</h>
			<angle>1.572391</angle>
		</robndbox>
		<extra/>
	</object>
	<object>
		<name>scale</name>
		<pose>Unspecified</pose>
		<truncated>0</truncated>
		<difficult>0</difficult>
		<robndbox>
			<cx>320.1859</cx>
			<cy>166.6286</cy>
			<w>12.4566</w>
			<h>9.9957</h>
			<angle>1.599958</angle>
		</robndbox>
		<extra/>
	</object>
	<object>
		<name>scale</name>
		<pose>Unspecified</pose>
		<truncated>0</truncated>
		<difficult>0</difficult>
		<robndbox>
			<cx>328.4896</cx>
			<cy>166.706</cy>
			<w>12.9113</w>
			<h>9.5808</h>
			<angle>1.649644</angle>
		</robndbox>
		<extra/>
	</object>
	<object>
		<name>scale</name>
		<pose>Unspecified</pose>
		<truncated>0</truncated>
		<difficult>0</difficult>
		<robndbox>
			<cx>336.1401</cx>
			<cy>167.3768</cy>
			<w>12.752</w>
			<h>10.7084</h>
			<angle>1.701606</angle>
		</robndbox>
		<extra/>
	</object>
	<object>
		<name>scale</name>
		<pose>Unspecified</pose>
		<truncated>0</truncated>
		<difficult>0</difficult>
		<robndbox>
			<cx>345.0943</cx>
			<cy>168.7212</cy>
			<w>12.7521</w>
			<h>12.0654</h>
			<angle>1.735489</angle>
		</robndbox>
		<extra/>
	</object>
	<object>
		<name>scale</name>
		<pose>Unspecified</pose>
		<truncated>0</truncated>
		<difficult>0</difficult>
		<robndbox>
			<cx>351.3042</cx>
			<cy>170.5186</cy>
			<w>13.2106</w>
			<h>10.198</h>
			<angle>1.769372</angle>
		</robndbox>
		<extra/>
	</object>
	<object>
		<name>scale</name>
		<pose>Unspecified</pose>
		<truncated>0</truncated>
		<difficult>0</difficult>
		<robndbox>
			<cx>358.4935</cx>
			<cy>171.6913</cy>
			<w>12.6088</w>
			<h>10.1918</h>
			<angle>1.803254</angle>
		</robndbox>
		<extra/>
	</object>
	<object>
		<name>scale</name>
		<pose>Unspecified</pose>
		<truncated>0</truncated>
		<difficult>0</difficult>
		<robndbox>
			<cx>366.2335</cx>
			<cy>173.6461</cy>
			<w>12.733</w>
			<h>9.2091</h>
			<angle>1.837137</angle>
		</robndbox>
		<extra/>
	</object>
	<object>
		<name>scale</name>
		<pose>Unspecified</pose>
		<truncated>0</truncated>
		<difficult>0</difficult>
		<robndbox>
			<cx>372.377</cx>
			<cy>175.437</cy>
			<w>12.8981</w>
			<h>9.4846</h>
			<angle>1.87102</angle>
		</robndbox>
		<extra/>
	</object>
	<object>
		<name>scale</name>
		<pose>Unspecified</pose>
		<truncated>0</truncated>
		<difficult>0</difficult>
		<robndbox>
			<cx>380.0761</cx>
			<cy>178.019</cy>
			<w>13.1617</w>
			<h>10.7587</h>
			<angle>1.904902</angle>
		</robndbox>
		<extra/>
	</object>
	<object>
		<name>scale</name>
		<pose>Unspecified</pose>
		<truncated>0</truncated>
		<difficult>0</difficult>
		<robndbox>
			<cx>385.8555</cx>
			<cy>179.8905</cy>
			<w>12.8708</w>
			<h>11.7025</h>
			<angle>1.938785</angle>
		</robndbox>
		<extra/>
	</object>
	<object>
		<name>scale</name>
		<pose>Unspecified</pose>
		<truncated>0</truncated>
		<difficult>0</difficult>
		<robndbox>
			<cx>392.8916</cx>
			<cy>182.3726</cy>
			<w>12.3901</w>
			<h>9.8475</h>
			<angle>1.972668</angle>
		</robndbox>
		<extra/>
	</object>
	<object>
		<name>scale</name>
		<pose>Unspecified</pose>
		<truncated>0</truncated>
		<difficult>0</difficult>
		<robndbox>
			<cx>399.2014</cx>
			<cy>185.198</cy>
			<w>12.6274</w>
			<h>9.8473</h>
			<angle>2.00655</angle>
		</robndbox>
		<extra/>
	</object>
	<object>
		<name>scale</name>
		<pose>Unspecified</pose>
		<truncated>0</truncated>
		<difficult>0</difficult>
		<robndbox>
			<cx>405.8743</cx>
			<cy>188.3364</cy>
			<w>12.6489</w>
			<h>8.9441</h>
			<angle>2.040433</angle>
		</robndbox>
		<extra/>
	</object>
	<object>
		<name>scale</name>
		<pose>Unspecified</pose>
		<truncated>0</truncated>
		<difficult>0</difficult>
		<robndbox>
			<cx>412.5907</cx>
			<cy>191.8896</cy>
			<w>12.8476</w>
			<h>10.2956</h>
			<angle>2.074316</angle>
		</robndbox>
		<extra/>
	</object>
	<object>
		<name>scale</name>
		<pose>Unspecified</pose>
		<truncated>0</truncated>
		<difficult>0</difficult>
		<robndbox>
			<cx>417.6023</cx>
			<cy>194.9549</cy>
			<w>13.415</w>
			<h>8.92</h>
			<angle>2.108198</angle>
		</robndbox>
		<extra/>
	</object>
	<object>
		<name>scale</name>
		<pose>Unspecified</pose>
		<truncated>0</truncated>
		<difficult>0</difficult>
		<robndbox>
			<cx>422.867</cx>
			<cy>197.984</cy>
			<w>13.3424</w>
			<h>8.8925</h>
			<angle>2.142081</angle>
		</robndbox>
		<extra/>
	</object>
	<object>
		<name>scale</name>
		<pose>Unspecified</pose>
		<truncated>0</truncated>
		<difficult>0</difficult>
		<robndbox>
			<cx>428.1929</cx>
			<cy>201.1615</cy>
			<w>13.1125</w>
			<h>8.6013</h>
			<angle>2.175964</angle>
		</robndbox>
		<extra/>
	</object>
	<object>
		<name>scale</name>
		<pose>Unspecified</pose>
		<truncated>0</truncated>
		<difficult>0</difficult>
		<robndbox>
			<cx>433.3434</cx>
			<cy>204.8277</cy>
			<w>13.5288</w>
			<h>9.1972</h>
			<angle>2.209846</angle>
		</robndbox>
		<extra/>
	</object>
	<object>
		<name>scale</name>
		<pose>Unspecified</pose>
		<truncated>0</truncated>
		<difficult>0</difficult>
		<robndbox>
			<cx>438.3765</cx>
			<cy>208.5091</cy>
			<w>13.749</w>
			<h>9.9957</h>
			<angle>2.243729</angle>
		</robndbox>
		<extra/>
	</object>
	<object>
		<name>scale</name>
		<pose>Unspecified</pose>
		<truncated>0</truncated>
		<difficult>0</difficult>
		<robndbox>
			<cx>442.3884</cx>
			<cy>211.776</cy>
			<w>14.3109</w>
			<h>8.5701</h>
			<angle>2.277612</angle>
		</robndbox>
		<extra/>
	</object>
	<object>
		<name>scale</name>
		<pose>Unspecified</pose>
		<truncated>0</truncated>
		<difficult>0</difficult>
		<robndbox>
			<cx>447.6093</cx>
			<cy>216.1337</cy>
			<w>14.4734</w>
			<h>9.5049</h>
			<angle>2.311495</angle>
		</robndbox>
		<extra/>
	</object>
	<object>
		<name>scale</name>
		<pose>Unspecified</pose>
		<truncated>0</truncated>
		<difficult>0</difficult>
		<robndbox>
			<cx>456.4098</cx>
			<cy>224.1922</cy>
			<w>13.4535</w>
			<h>8.4144</h>
			<angle>2.308355</angle>
		</robndbox>
		<extra/>
	</object>
	<object>
		<name>scale</name>
		<pose>Unspecified</pose>
		<truncated>0</truncated>
		<difficult>0</difficult>
		<robndbox>
			<cx>461.4098</cx>
			<cy>229.1922</cy>
			<w>13.4535</w>
			<h>8.4144</h>
			<angle>2.34337</angle>
		</robndbox>
		<extra/>
	</object>
	<object>
		<name>0</name>
		<pose>Unspecified</pose>
		<truncated>0</truncated>
		<difficult>0</difficult>
		<robndbox>
			<cx>270.5</cx>
			<cy>140.0</cy>
			<w>17.0</w>
			<h>30.0</h>
			<angle>0.0</angle>
		</robndbox>
		<extra/>
	</object>
	<object>
		<name>6</name>
		<pose>Unspecified</pose>
		<truncated>0</truncated>
		<difficult>0</difficult>
		<robndbox>
			<cx>344.5</cx>
			<cy>139.0</cy>
			<w>17.0</w>
			<h>30.0</h>
			<angle>0.0</angle>
		</robndbox>
		<extra/>
	</object>
	<object>
		<name>0</name>
		<pose>Unspecified</pose>
		<truncated>0</truncated>
		<difficult>0</difficult>
		<robndbox>
			<cx>439.5</cx>
			<cy>165.0</cy>
			<w>17.0</w>
			<h>30.0</h>
			<angle>0.0</angle>
		</robndbox>
		<extra/>
	</object>
	<object>
		<name>0</name>
		<pose>Unspecified</pose>
		<truncated>0</truncated>
		<difficult>0</difficult>
		<robndbox>
			<cx>185.0</cx>
			<cy>172.0</cy>
			<w>16.0</w>
			<h>30.0</h>
			<angle>0.0</angle>
		</robndbox>
		<extra/>
	</object>
	<object>
		<name>0</name>
		<pose>Unspecified</pose>
		<truncated>0</truncated>
		<difficult>0</difficult>
		<robndbox>
			<cx>174.0</cx>
			<cy>257.0</cy>
			<w>16.0</w>
			<h>30.0</h>
			<angle>0.0</angle>
		</robndbox>
		<extra/>
	</object>
	<object>
		<name>0</name>
		<pose>Unspecified</pose>
		<truncated>0</truncated>
		<difficult>0</difficult>
		<robndbox>
			<cx>453.0</cx>
			<cy>257.0</cy>
			<w>16.0</w>
			<h>30.0</h>
			<angle>0.0</angle>
		</robndbox>
		<extra/>
	</object>
	<object>
		<name>0</name>
		<pose>Unspecified</pose>
		<truncated>0</truncated>
		<difficult>0</difficult>
		<robndbox>
			<cx>437.0</cx>
			<cy>257.0</cy>
			<w>16.0</w>
			<h>30.0</h>
			<angle>0.0</angle>
		</robndbox>
		<extra/>
	</object>
	<object>
		<name>1</name>
		<pose>Unspecified</pose>
		<truncated>0</truncated>
		<difficult>0</difficult>
		<robndbox>
			<cx>423.5</cx>
			<cy>257.0</cy>
			<w>11.0</w>
			<h>30.0</h>
			<angle>0.0</angle>
		</robndbox>
		<extra/>
	</object>
	<object>
		<name>8</name>
		<pose>Unspecified</pose>
		<truncated>0</truncated>
		<difficult>0</difficult>
		<robndbox>
			<cx>423.5</cx>
			<cy>165.0</cy>
			<w>17.0</w>
			<h>30.0</h>
			<angle>0.0</angle>
		</robndbox>
		<extra/>
	</object>
	<object>
		<name>0</name>
		<pose>Unspecified</pose>
		<truncated>0</truncated>
		<difficult>0</difficult>
		<robndbox>
			<cx>361.5</cx>
			<cy>139.0</cy>
			<w>17.0</w>
			<h>30.0</h>
			<angle>0.0</angle>
		</robndbox>
		<extra/>
	</object>
	<object>
		<name>4</name>
		<pose>Unspecified</pose>
		<truncated>0</truncated>
		<difficult>0</difficult>
		<robndbox>
			<cx>253.5</cx>
			<cy>140.0</cy>
			<w>17.0</w>
			<h>30.0</h>
			<angle>0.0</angle>
		</robndbox>
		<extra/>
	</object>
	<object>
		<name>2</name>
		<pose>Unspecified</pose>
		<truncated>0</truncated>
		<difficult>0</difficult>
		<robndbox>
			<cx>169.0</cx>
			<cy>172.0</cy>
			<w>16.0</w>
			<h>30.0</h>
			<angle>0.0</angle>
		</robndbox>
		<extra/>
	</object>
	<object>
		<name>needle</name>
		<pose>Unspecified</pose>
		<truncated>0</truncated>
		<difficult>0</difficult>
		<robndbox>
			<cx>201.1737</cx>
			<cy>273.8157</cy>
			<w>12.778</w>
			<h>156.9485</h>
			<angle>5.501331</angle>
		</robndbox>
		<extra/>
	</object>
	<object>
		<name>scale</name>
		<pose>Unspecified</pose>
		<truncated>0</truncated>
		<difficult>0</difficult>
		<robndbox>
			<cx>210.4908</cx>
			<cy>191.6292</cy>
			<w>12.9055</w>
			<h>10.2201</h>
			<angle>1.091719</angle>
		</robndbox>
		<extra/>
	</object>
	<object>
		<name>scale</name>
		<pose>Unspecified</pose>
		<truncated>0</truncated>
		<difficult>0</difficult>
		<robndbox>
			<cx>170.3747</cx>
			<cy>217.9855</cy>
			<w>12.9113</w>
			<h>9.5808</h>
			<angle>0.85454</angle>
		</robndbox>
		<extra/>
	</object>
</annotation>
