<annotation>
	<folder>images</folder>
	<filename>7e0f5909-bb21-4d0d-ac26-9344d3da949b.jpg</filename>
	<path>C:\Users\yaman\Documents\images\7e0f5909-bb21-4d0d-ac26-9344d3da949b.jpg</path>
	<source>
		<database>Unknown</database>
	</source>
	<size>
		<width>492</width>
		<height>500</height>
		<depth>3</depth>
	</size>
	<segmented>0</segmented>
	<object>
		<name>scale</name>
		<pose>Unspecified</pose>
		<truncated>0</truncated>
		<difficult>0</difficult>
		<robndbox>
			<cx>135.939</cx>
			<cy>316.0</cy>
			<w>14.3844</w>
			<h>26.3455</h>
			<angle>0.023518</angle>
		</robndbox>
		<extra/>
	</object>
	<object>
		<name>scale</name>
		<pose>Unspecified</pose>
		<truncated>0</truncated>
		<difficult>0</difficult>
		<robndbox>
			<cx>138.3311</cx>
			<cy>290.3293</cy>
			<w>14.6306</w>
			<h>12.2815</h>
			<angle>0.187362</angle>
		</robndbox>
		<extra/>
	</object>
	<object>
		<name>scale</name>
		<pose>Unspecified</pose>
		<truncated>0</truncated>
		<difficult>0</difficult>
		<robndbox>
			<cx>140.5</cx>
			<cy>279.5</cy>
			<w>13.7321</w>
			<h>14.8805</h>
			<angle>0.251205</angle>
		</robndbox>
		<extra/>
	</object>
	<object>
		<name>scale</name>
		<pose>Unspecified</pose>
		<truncated>0</truncated>
		<difficult>0</difficult>
		<robndbox>
			<cx>144.5</cx>
			<cy>267.0</cy>
			<w>14.7543</w>
			<h>16.2269</h>
			<angle>0.315049</angle>
		</robndbox>
		<extra/>
	</object>
	<object>
		<name>scale</name>
		<pose>Unspecified</pose>
		<truncated>0</truncated>
		<difficult>0</difficult>
		<robndbox>
			<cx>148.5</cx>
			<cy>254.0</cy>
			<w>13.9535</w>
			<h>16.3187</h>
			<angle>0.378893</angle>
		</robndbox>
		<extra/>
	</object>
	<object>
		<name>scale</name>
		<pose>Unspecified</pose>
		<truncated>0</truncated>
		<difficult>0</difficult>
		<robndbox>
			<cx>153.9534</cx>
			<cy>241.2108</cy>
			<w>13.4836</w>
			<h>17.113</h>
			<angle>0.467833</angle>
		</robndbox>
		<extra/>
	</object>
	<object>
		<name>scale</name>
		<pose>Unspecified</pose>
		<truncated>0</truncated>
		<difficult>0</difficult>
		<robndbox>
			<cx>161.7617</cx>
			<cy>228.6328</cy>
			<w>14.3889</w>
			<h>17.6081</h>
			<angle>0.592758</angle>
		</robndbox>
		<extra/>
	</object>
	<object>
		<name>scale</name>
		<pose>Unspecified</pose>
		<truncated>0</truncated>
		<difficult>0</difficult>
		<robndbox>
			<cx>169.4257</cx>
			<cy>216.6248</cy>
			<w>14.4068</w>
			<h>18.9789</h>
			<angle>0.634269</angle>
		</robndbox>
		<extra/>
	</object>
	<object>
		<name>scale</name>
		<pose>Unspecified</pose>
		<truncated>0</truncated>
		<difficult>0</difficult>
		<robndbox>
			<cx>179.5848</cx>
			<cy>204.8041</cy>
			<w>14.2377</w>
			<h>17.3219</h>
			<angle>0.740165</angle>
		</robndbox>
		<extra/>
	</object>
	<object>
		<name>scale</name>
		<pose>Unspecified</pose>
		<truncated>0</truncated>
		<difficult>0</difficult>
		<robndbox>
			<cx>189.4528</cx>
			<cy>194.4668</cy>
			<w>14.8858</w>
			<h>17.6436</h>
			<angle>0.837882</angle>
		</robndbox>
		<extra/>
	</object>
	<object>
		<name>scale</name>
		<pose>Unspecified</pose>
		<truncated>0</truncated>
		<difficult>0</difficult>
		<robndbox>
			<cx>200.7963</cx>
			<cy>185.5277</cy>
			<w>15.5623</w>
			<h>17.2388</h>
			<angle>0.889644</angle>
		</robndbox>
		<extra/>
	</object>
	<object>
		<name>scale</name>
		<pose>Unspecified</pose>
		<truncated>0</truncated>
		<difficult>0</difficult>
		<robndbox>
			<cx>212.2566</cx>
			<cy>176.8178</cy>
			<w>15.6243</w>
			<h>16.6257</h>
			<angle>0.953488</angle>
		</robndbox>
		<extra/>
	</object>
	<object>
		<name>scale</name>
		<pose>Unspecified</pose>
		<truncated>0</truncated>
		<difficult>0</difficult>
		<robndbox>
			<cx>223.2437</cx>
			<cy>169.5819</cy>
			<w>16.017</w>
			<h>17.5226</h>
			<angle>1.017332</angle>
		</robndbox>
		<extra/>
	</object>
	<object>
		<name>scale</name>
		<pose>Unspecified</pose>
		<truncated>0</truncated>
		<difficult>0</difficult>
		<robndbox>
			<cx>236.2437</cx>
			<cy>162.5819</cy>
			<w>16.017</w>
			<h>17.5226</h>
			<angle>1.096383</angle>
		</robndbox>
		<extra/>
	</object>
	<object>
		<name>scale</name>
		<pose>Unspecified</pose>
		<truncated>0</truncated>
		<difficult>0</difficult>
		<robndbox>
			<cx>248.2437</cx>
			<cy>156.5819</cy>
			<w>16.017</w>
			<h>17.5226</h>
			<angle>1.171055</angle>
		</robndbox>
		<extra/>
	</object>
	<object>
		<name>scale</name>
		<pose>Unspecified</pose>
		<truncated>0</truncated>
		<difficult>0</difficult>
		<robndbox>
			<cx>260.2782</cx>
			<cy>151.7084</cy>
			<w>15.7066</w>
			<h>15.5999</h>
			<angle>1.280453</angle>
		</robndbox>
		<extra/>
	</object>
	<object>
		<name>scale</name>
		<pose>Unspecified</pose>
		<truncated>0</truncated>
		<difficult>0</difficult>
		<robndbox>
			<cx>270.7517</cx>
			<cy>148.4754</cy>
			<w>15.5313</w>
			<h>14.5592</h>
			<angle>1.326211</angle>
		</robndbox>
		<extra/>
	</object>
	<object>
		<name>scale</name>
		<pose>Unspecified</pose>
		<truncated>0</truncated>
		<difficult>0</difficult>
		<robndbox>
			<cx>281.2018</cx>
			<cy>145.4359</cy>
			<w>15.2905</w>
			<h>13.4831</h>
			<angle>1.422351</angle>
		</robndbox>
		<extra/>
	</object>
	<object>
		<name>scale</name>
		<pose>Unspecified</pose>
		<truncated>0</truncated>
		<difficult>0</difficult>
		<robndbox>
			<cx>290.7018</cx>
			<cy>143.4359</cy>
			<w>15.1426</w>
			<h>12.4941</h>
			<angle>1.422351</angle>
		</robndbox>
		<extra/>
	</object>
	<object>
		<name>scale</name>
		<pose>Unspecified</pose>
		<truncated>0</truncated>
		<difficult>0</difficult>
		<robndbox>
			<cx>299.7018</cx>
			<cy>142.4359</cy>
			<w>15.1426</w>
			<h>12.4941</h>
			<angle>1.493147</angle>
		</robndbox>
		<extra/>
	</object>
	<object>
		<name>scale</name>
		<pose>Unspecified</pose>
		<truncated>0</truncated>
		<difficult>0</difficult>
		<robndbox>
			<cx>307.4431</cx>
			<cy>141.186</cy>
			<w>14.449</w>
			<h>10.0231</h>
			<angle>1.493147</angle>
		</robndbox>
		<extra/>
	</object>
	<object>
		<name>scale</name>
		<pose>Unspecified</pose>
		<truncated>0</truncated>
		<difficult>0</difficult>
		<robndbox>
			<cx>315.1849</cx>
			<cy>140.4517</cy>
			<w>14.9743</w>
			<h>10.5456</h>
			<angle>1.559107</angle>
		</robndbox>
		<extra/>
	</object>
	<object>
		<name>scale</name>
		<pose>Unspecified</pose>
		<truncated>0</truncated>
		<difficult>0</difficult>
		<robndbox>
			<cx>321.9125</cx>
			<cy>139.5133</cy>
			<w>15.0912</w>
			<h>9.9993</h>
			<angle>1.559107</angle>
		</robndbox>
		<extra/>
	</object>
	<object>
		<name>scale</name>
		<pose>Unspecified</pose>
		<truncated>0</truncated>
		<difficult>0</difficult>
		<robndbox>
			<cx>328.9125</cx>
			<cy>139.5133</cy>
			<w>15.0912</w>
			<h>9.9993</h>
			<angle>1.559107</angle>
		</robndbox>
		<extra/>
	</object>
	<object>
		<name>A</name>
		<pose>Unspecified</pose>
		<truncated>0</truncated>
		<difficult>0</difficult>
		<robndbox>
			<cx>145.5</cx>
			<cy>162.0</cy>
			<w>29.0</w>
			<h>34.0</h>
			<angle>0.0</angle>
		</robndbox>
		<extra/>
	</object>
	<object>
		<name>0</name>
		<pose>Unspecified</pose>
		<truncated>0</truncated>
		<difficult>0</difficult>
		<robndbox>
			<cx>274.5</cx>
			<cy>191.5</cy>
			<w>13.0</w>
			<h>23.0</h>
			<angle>0.0</angle>
		</robndbox>
		<extra/>
	</object>
	<object>
		<name>0</name>
		<pose>Unspecified</pose>
		<truncated>0</truncated>
		<difficult>0</difficult>
		<robndbox>
			<cx>262.0</cx>
			<cy>191.5</cy>
			<w>12.0</w>
			<h>23.0</h>
			<angle>0.0</angle>
		</robndbox>
		<extra/>
	</object>
	<object>
		<name>0</name>
		<pose>Unspecified</pose>
		<truncated>0</truncated>
		<difficult>0</difficult>
		<robndbox>
			<cx>250.0</cx>
			<cy>191.5</cy>
			<w>12.0</w>
			<h>23.0</h>
			<angle>0.0</angle>
		</robndbox>
		<extra/>
	</object>
	<object>
		<name>0</name>
		<pose>Unspecified</pose>
		<truncated>0</truncated>
		<difficult>0</difficult>
		<robndbox>
			<cx>346.5</cx>
			<cy>174.5</cy>
			<w>13.0</w>
			<h>23.0</h>
			<angle>0.0</angle>
		</robndbox>
		<extra/>
	</object>
	<object>
		<name>0</name>
		<pose>Unspecified</pose>
		<truncated>0</truncated>
		<difficult>0</difficult>
		<robndbox>
			<cx>334.0</cx>
			<cy>174.5</cy>
			<w>12.0</w>
			<h>23.0</h>
			<angle>0.0</angle>
		</robndbox>
		<extra/>
	</object>
	<object>
		<name>0</name>
		<pose>Unspecified</pose>
		<truncated>0</truncated>
		<difficult>0</difficult>
		<robndbox>
			<cx>197.0</cx>
			<cy>275.5</cy>
			<w>12.0</w>
			<h>23.0</h>
			<angle>0.0</angle>
		</robndbox>
		<extra/>
	</object>
	<object>
		<name>0</name>
		<pose>Unspecified</pose>
		<truncated>0</truncated>
		<difficult>0</difficult>
		<robndbox>
			<cx>185.0</cx>
			<cy>275.5</cy>
			<w>12.0</w>
			<h>23.0</h>
			<angle>0.0</angle>
		</robndbox>
		<extra/>
	</object>
	<object>
		<name>5</name>
		<pose>Unspecified</pose>
		<truncated>0</truncated>
		<difficult>0</difficult>
		<robndbox>
			<cx>173.0</cx>
			<cy>275.5</cy>
			<w>12.0</w>
			<h>23.0</h>
			<angle>0.0</angle>
		</robndbox>
		<extra/>
	</object>
	<object>
		<name>5</name>
		<pose>Unspecified</pose>
		<truncated>0</truncated>
		<difficult>0</difficult>
		<robndbox>
			<cx>322.0</cx>
			<cy>174.5</cy>
			<w>12.0</w>
			<h>23.0</h>
			<angle>0.0</angle>
		</robndbox>
		<extra/>
	</object>
	<object>
		<name>1</name>
		<pose>Unspecified</pose>
		<truncated>0</truncated>
		<difficult>0</difficult>
		<robndbox>
			<cx>312.5</cx>
			<cy>174.5</cy>
			<w>9.0</w>
			<h>23.0</h>
			<angle>0.0</angle>
		</robndbox>
		<extra/>
	</object>
	<object>
		<name>1</name>
		<pose>Unspecified</pose>
		<truncated>0</truncated>
		<difficult>0</difficult>
		<robndbox>
			<cx>240.5</cx>
			<cy>191.5</cy>
			<w>9.0</w>
			<h>23.0</h>
			<angle>0.0</angle>
		</robndbox>
		<extra/>
	</object>
	<object>
		<name>0</name>
		<pose>Unspecified</pose>
		<truncated>0</truncated>
		<difficult>0</difficult>
		<robndbox>
			<cx>164.0</cx>
			<cy>327.5</cy>
			<w>12.0</w>
			<h>23.0</h>
			<angle>0.0</angle>
		</robndbox>
		<extra/>
	</object>
	<object>
		<name>needle</name>
		<pose>Unspecified</pose>
		<truncated>0</truncated>
		<difficult>0</difficult>
		<robndbox>
			<cx>216.7592</cx>
			<cy>327.584</cy>
			<w>11.8693</w>
			<h>154.5642</h>
			<angle>4.719098</angle>
		</robndbox>
		<extra/>
	</object>
	<object>
		<name>scale</name>
		<pose>Unspecified</pose>
		<truncated>0</truncated>
		<difficult>0</difficult>
		<robndbox>
			<cx>136.6885</cx>
			<cy>300.1587</cy>
			<w>14.2126</w>
			<h>12.0231</h>
			<angle>0.133518</angle>
		</robndbox>
		<extra/>
	</object>
</annotation>
