<annotation>
	<folder>drive-download-20220120T141758Z-001</folder>
	<filename>7e504ae1-b584-41a6-ad29-578b057206d7.jpg</filename>
	<path>C:\Users\yaman\Documents\drive-download-20220120T141758Z-001\7e504ae1-b584-41a6-ad29-578b057206d7.jpg</path>
	<source>
		<database>Unknown</database>
	</source>
	<size>
		<width>800</width>
		<height>554</height>
		<depth>3</depth>
	</size>
	<segmented>0</segmented>
	<object>
		<name>scale</name>
		<pose>Unspecified</pose>
		<truncated>0</truncated>
		<difficult>0</difficult>
		<robndbox>
			<cx>264.3797</cx>
			<cy>226.9221</cy>
			<w>12.3436</w>
			<h>9.1955</h>
			<angle>0.780796</angle>
		</robndbox>
		<extra/>
	</object>
	<object>
		<name>scale</name>
		<pose>Unspecified</pose>
		<truncated>0</truncated>
		<difficult>0</difficult>
		<robndbox>
			<cx>534.1495</cx>
			<cy>227.1405</cy>
			<w>11.5278</w>
			<h>7.7849</h>
			<angle>2.330796</angle>
		</robndbox>
		<extra/>
	</object>
	<object>
		<name>scale</name>
		<pose>Unspecified</pose>
		<truncated>0</truncated>
		<difficult>0</difficult>
		<robndbox>
			<cx>267.76</cx>
			<cy>222.6718</cy>
			<w>12.3436</w>
			<h>9.1955</h>
			<angle>0.812429</angle>
		</robndbox>
		<extra/>
	</object>
	<object>
		<name>scale</name>
		<pose>Unspecified</pose>
		<truncated>0</truncated>
		<difficult>0</difficult>
		<robndbox>
			<cx>272.2733</cx>
			<cy>218.5295</cy>
			<w>12.3436</w>
			<h>9.1955</h>
			<angle>0.844062</angle>
		</robndbox>
		<extra/>
	</object>
	<object>
		<name>scale</name>
		<pose>Unspecified</pose>
		<truncated>0</truncated>
		<difficult>0</difficult>
		<robndbox>
			<cx>277.9154</cx>
			<cy>214.532</cy>
			<w>12.3436</w>
			<h>9.1955</h>
			<angle>0.875694</angle>
		</robndbox>
		<extra/>
	</object>
	<object>
		<name>scale</name>
		<pose>Unspecified</pose>
		<truncated>0</truncated>
		<difficult>0</difficult>
		<robndbox>
			<cx>281.6817</cx>
			<cy>210.6834</cy>
			<w>12.3436</w>
			<h>9.1955</h>
			<angle>0.907327</angle>
		</robndbox>
		<extra/>
	</object>
	<object>
		<name>scale</name>
		<pose>Unspecified</pose>
		<truncated>0</truncated>
		<difficult>0</difficult>
		<robndbox>
			<cx>291.5673</cx>
			<cy>203.9874</cy>
			<w>12.3436</w>
			<h>9.1955</h>
			<angle>0.93896</angle>
		</robndbox>
		<extra/>
	</object>
	<object>
		<name>scale</name>
		<pose>Unspecified</pose>
		<truncated>0</truncated>
		<difficult>0</difficult>
		<robndbox>
			<cx>286.5673</cx>
			<cy>207.4478</cy>
			<w>12.3436</w>
			<h>9.1955</h>
			<angle>0.970592</angle>
		</robndbox>
		<extra/>
	</object>
	<object>
		<name>scale</name>
		<pose>Unspecified</pose>
		<truncated>0</truncated>
		<difficult>0</difficult>
		<robndbox>
			<cx>296.6767</cx>
			<cy>200.0681</cy>
			<w>12.3436</w>
			<h>9.1955</h>
			<angle>1.002225</angle>
		</robndbox>
		<extra/>
	</object>
	<object>
		<name>scale</name>
		<pose>Unspecified</pose>
		<truncated>0</truncated>
		<difficult>0</difficult>
		<robndbox>
			<cx>301.8905</cx>
			<cy>197.8517</cy>
			<w>12.3436</w>
			<h>9.1955</h>
			<angle>1.033858</angle>
		</robndbox>
		<extra/>
	</object>
	<object>
		<name>scale</name>
		<pose>Unspecified</pose>
		<truncated>0</truncated>
		<difficult>0</difficult>
		<robndbox>
			<cx>307.2035</cx>
			<cy>194.8018</cy>
			<w>12.3436</w>
			<h>9.1955</h>
			<angle>1.06549</angle>
		</robndbox>
		<extra/>
	</object>
	<object>
		<name>scale</name>
		<pose>Unspecified</pose>
		<truncated>0</truncated>
		<difficult>0</difficult>
		<robndbox>
			<cx>312.6102</cx>
			<cy>191.9215</cy>
			<w>12.3436</w>
			<h>9.1955</h>
			<angle>1.097123</angle>
		</robndbox>
		<extra/>
	</object>
	<object>
		<name>scale</name>
		<pose>Unspecified</pose>
		<truncated>0</truncated>
		<difficult>0</difficult>
		<robndbox>
			<cx>319.1053</cx>
			<cy>189.2136</cy>
			<w>12.3436</w>
			<h>9.1955</h>
			<angle>1.128755</angle>
		</robndbox>
		<extra/>
	</object>
	<object>
		<name>scale</name>
		<pose>Unspecified</pose>
		<truncated>0</truncated>
		<difficult>0</difficult>
		<robndbox>
			<cx>324.6833</cx>
			<cy>186.6808</cy>
			<w>12.3436</w>
			<h>9.1955</h>
			<angle>1.160388</angle>
		</robndbox>
		<extra/>
	</object>
	<object>
		<name>scale</name>
		<pose>Unspecified</pose>
		<truncated>0</truncated>
		<difficult>0</difficult>
		<robndbox>
			<cx>331.3386</cx>
			<cy>184.3258</cy>
			<w>12.3436</w>
			<h>9.1955</h>
			<angle>1.192021</angle>
		</robndbox>
		<extra/>
	</object>
	<object>
		<name>scale</name>
		<pose>Unspecified</pose>
		<truncated>0</truncated>
		<difficult>0</difficult>
		<robndbox>
			<cx>337.0656</cx>
			<cy>183.1507</cy>
			<w>12.3436</w>
			<h>9.1955</h>
			<angle>1.223653</angle>
		</robndbox>
		<extra/>
	</object>
	<object>
		<name>scale</name>
		<pose>Unspecified</pose>
		<truncated>0</truncated>
		<difficult>0</difficult>
		<robndbox>
			<cx>342.8585</cx>
			<cy>181.1579</cy>
			<w>12.3436</w>
			<h>9.1955</h>
			<angle>1.255286</angle>
		</robndbox>
		<extra/>
	</object>
	<object>
		<name>scale</name>
		<pose>Unspecified</pose>
		<truncated>0</truncated>
		<difficult>0</difficult>
		<robndbox>
			<cx>348.7115</cx>
			<cy>179.3494</cy>
			<w>12.3436</w>
			<h>9.1955</h>
			<angle>1.286919</angle>
		</robndbox>
		<extra/>
	</object>
	<object>
		<name>scale</name>
		<pose>Unspecified</pose>
		<truncated>0</truncated>
		<difficult>0</difficult>
		<robndbox>
			<cx>354.6188</cx>
			<cy>177.7268</cy>
			<w>12.3436</w>
			<h>9.1955</h>
			<angle>1.318551</angle>
		</robndbox>
		<extra/>
	</object>
	<object>
		<name>scale</name>
		<pose>Unspecified</pose>
		<truncated>0</truncated>
		<difficult>0</difficult>
		<robndbox>
			<cx>360.5745</cx>
			<cy>177.2919</cy>
			<w>12.3436</w>
			<h>9.1955</h>
			<angle>1.350184</angle>
		</robndbox>
		<extra/>
	</object>
	<object>
		<name>scale</name>
		<pose>Unspecified</pose>
		<truncated>0</truncated>
		<difficult>0</difficult>
		<robndbox>
			<cx>366.5726</cx>
			<cy>176.046</cy>
			<w>12.3436</w>
			<h>9.1955</h>
			<angle>1.381817</angle>
		</robndbox>
		<extra/>
	</object>
	<object>
		<name>scale</name>
		<pose>Unspecified</pose>
		<truncated>0</truncated>
		<difficult>0</difficult>
		<robndbox>
			<cx>372.6071</cx>
			<cy>174.9905</cy>
			<w>12.3436</w>
			<h>9.1955</h>
			<angle>1.405789</angle>
		</robndbox>
		<extra/>
	</object>
	<object>
		<name>scale</name>
		<pose>Unspecified</pose>
		<truncated>0</truncated>
		<difficult>0</difficult>
		<robndbox>
			<cx>378.6719</cx>
			<cy>174.1263</cy>
			<w>12.3436</w>
			<h>9.1955</h>
			<angle>1.445082</angle>
		</robndbox>
		<extra/>
	</object>
	<object>
		<name>scale</name>
		<pose>Unspecified</pose>
		<truncated>0</truncated>
		<difficult>0</difficult>
		<robndbox>
			<cx>385.761</cx>
			<cy>173.4545</cy>
			<w>12.3436</w>
			<h>9.1955</h>
			<angle>1.476715</angle>
		</robndbox>
		<extra/>
	</object>
	<object>
		<name>scale</name>
		<pose>Unspecified</pose>
		<truncated>0</truncated>
		<difficult>0</difficult>
		<robndbox>
			<cx>391.8684</cx>
			<cy>172.9755</cy>
			<w>12.3436</w>
			<h>9.1955</h>
			<angle>1.508347</angle>
		</robndbox>
		<extra/>
	</object>
	<object>
		<name>scale</name>
		<pose>Unspecified</pose>
		<truncated>0</truncated>
		<difficult>0</difficult>
		<robndbox>
			<cx>397.9878</cx>
			<cy>173.6899</cy>
			<w>12.3436</w>
			<h>9.1955</h>
			<angle>1.53998</angle>
		</robndbox>
		<extra/>
	</object>
	<object>
		<name>scale</name>
		<pose>Unspecified</pose>
		<truncated>0</truncated>
		<difficult>0</difficult>
		<robndbox>
			<cx>404.1132</cx>
			<cy>173.598</cy>
			<w>12.3436</w>
			<h>9.1955</h>
			<angle>1.571612</angle>
		</robndbox>
		<extra/>
	</object>
	<object>
		<name>scale</name>
		<pose>Unspecified</pose>
		<truncated>0</truncated>
		<difficult>0</difficult>
		<robndbox>
			<cx>410.2384</cx>
			<cy>173.6999</cy>
			<w>12.3436</w>
			<h>9.1955</h>
			<angle>1.603245</angle>
		</robndbox>
		<extra/>
	</object>
	<object>
		<name>scale</name>
		<pose>Unspecified</pose>
		<truncated>0</truncated>
		<difficult>0</difficult>
		<robndbox>
			<cx>416.3574</cx>
			<cy>173.9955</cy>
			<w>12.3436</w>
			<h>9.1955</h>
			<angle>1.634878</angle>
		</robndbox>
		<extra/>
	</object>
	<object>
		<name>scale</name>
		<pose>Unspecified</pose>
		<truncated>0</truncated>
		<difficult>0</difficult>
		<robndbox>
			<cx>422.464</cx>
			<cy>174.4844</cy>
			<w>12.3436</w>
			<h>9.1955</h>
			<angle>1.66651</angle>
		</robndbox>
		<extra/>
	</object>
	<object>
		<name>scale</name>
		<pose>Unspecified</pose>
		<truncated>0</truncated>
		<difficult>0</difficult>
		<robndbox>
			<cx>429.552</cx>
			<cy>176.1663</cy>
			<w>12.3436</w>
			<h>9.1955</h>
			<angle>1.698143</angle>
		</robndbox>
		<extra/>
	</object>
	<object>
		<name>scale</name>
		<pose>Unspecified</pose>
		<truncated>0</truncated>
		<difficult>0</difficult>
		<robndbox>
			<cx>435.6154</cx>
			<cy>177.0403</cy>
			<w>12.3436</w>
			<h>9.1955</h>
			<angle>1.777851</angle>
		</robndbox>
		<extra/>
	</object>
	<object>
		<name>scale</name>
		<pose>Unspecified</pose>
		<truncated>0</truncated>
		<difficult>0</difficult>
		<robndbox>
			<cx>441.6481</cx>
			<cy>178.1057</cy>
			<w>12.3436</w>
			<h>9.1955</h>
			<angle>1.761408</angle>
		</robndbox>
		<extra/>
	</object>
	<object>
		<name>scale</name>
		<pose>Unspecified</pose>
		<truncated>0</truncated>
		<difficult>0</difficult>
		<robndbox>
			<cx>447.6442</cx>
			<cy>180.3613</cy>
			<w>12.3436</w>
			<h>9.1955</h>
			<angle>1.793041</angle>
		</robndbox>
		<extra/>
	</object>
	<object>
		<name>scale</name>
		<pose>Unspecified</pose>
		<truncated>0</truncated>
		<difficult>0</difficult>
		<robndbox>
			<cx>453.5975</cx>
			<cy>181.8059</cy>
			<w>12.3436</w>
			<h>9.1955</h>
			<angle>1.834386</angle>
		</robndbox>
		<extra/>
	</object>
	<object>
		<name>scale</name>
		<pose>Unspecified</pose>
		<truncated>0</truncated>
		<difficult>0</difficult>
		<robndbox>
			<cx>459.5021</cx>
			<cy>183.4382</cy>
			<w>12.3436</w>
			<h>9.1955</h>
			<angle>1.856306</angle>
		</robndbox>
		<extra/>
	</object>
	<object>
		<name>scale</name>
		<pose>Unspecified</pose>
		<truncated>0</truncated>
		<difficult>0</difficult>
		<robndbox>
			<cx>465.3522</cx>
			<cy>185.2563</cy>
			<w>12.3436</w>
			<h>9.1955</h>
			<angle>1.887939</angle>
		</robndbox>
		<extra/>
	</object>
	<object>
		<name>scale</name>
		<pose>Unspecified</pose>
		<truncated>0</truncated>
		<difficult>0</difficult>
		<robndbox>
			<cx>472.1419</cx>
			<cy>187.2586</cy>
			<w>12.3436</w>
			<h>9.1955</h>
			<angle>1.919572</angle>
		</robndbox>
		<extra/>
	</object>
	<object>
		<name>scale</name>
		<pose>Unspecified</pose>
		<truncated>0</truncated>
		<difficult>0</difficult>
		<robndbox>
			<cx>477.8653</cx>
			<cy>189.4429</cy>
			<w>12.3436</w>
			<h>9.1955</h>
			<angle>1.951204</angle>
		</robndbox>
		<extra/>
	</object>
	<object>
		<name>scale</name>
		<pose>Unspecified</pose>
		<truncated>0</truncated>
		<difficult>0</difficult>
		<robndbox>
			<cx>483.5167</cx>
			<cy>191.8072</cy>
			<w>12.3436</w>
			<h>9.1955</h>
			<angle>1.982837</angle>
		</robndbox>
		<extra/>
	</object>
	<object>
		<name>scale</name>
		<pose>Unspecified</pose>
		<truncated>0</truncated>
		<difficult>0</difficult>
		<robndbox>
			<cx>489.0906</cx>
			<cy>195.3491</cy>
			<w>12.3436</w>
			<h>9.1955</h>
			<angle>2.014469</angle>
		</robndbox>
		<extra/>
	</object>
	<object>
		<name>scale</name>
		<pose>Unspecified</pose>
		<truncated>0</truncated>
		<difficult>0</difficult>
		<robndbox>
			<cx>494.0699</cx>
			<cy>198.253</cy>
			<w>13.1268</w>
			<h>8.4388</h>
			<angle>2.022654</angle>
		</robndbox>
		<extra/>
	</object>
	<object>
		<name>scale</name>
		<pose>Unspecified</pose>
		<truncated>0</truncated>
		<difficult>0</difficult>
		<robndbox>
			<cx>498.9833</cx>
			<cy>200.9551</cy>
			<w>12.3436</w>
			<h>9.1955</h>
			<angle>2.077735</angle>
		</robndbox>
		<extra/>
	</object>
	<object>
		<name>scale</name>
		<pose>Unspecified</pose>
		<truncated>0</truncated>
		<difficult>0</difficult>
		<robndbox>
			<cx>503.7549</cx>
			<cy>204.1787</cy>
			<w>13.1769</w>
			<h>8.444</h>
			<angle>2.109367</angle>
		</robndbox>
		<extra/>
	</object>
	<object>
		<name>scale</name>
		<pose>Unspecified</pose>
		<truncated>0</truncated>
		<difficult>0</difficult>
		<robndbox>
			<cx>507.8509</cx>
			<cy>206.7626</cy>
			<w>12.8467</w>
			<h>8.0388</h>
			<angle>2.141</angle>
		</robndbox>
		<extra/>
	</object>
	<object>
		<name>scale</name>
		<pose>Unspecified</pose>
		<truncated>0</truncated>
		<difficult>0</difficult>
		<robndbox>
			<cx>512.9439</cx>
			<cy>210.0711</cy>
			<w>12.6912</w>
			<h>8.1313</h>
			<angle>2.172633</angle>
		</robndbox>
		<extra/>
	</object>
	<object>
		<name>scale</name>
		<pose>Unspecified</pose>
		<truncated>0</truncated>
		<difficult>0</difficult>
		<robndbox>
			<cx>516.9785</cx>
			<cy>212.4608</cy>
			<w>12.3548</w>
			<h>8.243</h>
			<angle>2.204265</angle>
		</robndbox>
		<extra/>
	</object>
	<object>
		<name>scale</name>
		<pose>Unspecified</pose>
		<truncated>0</truncated>
		<difficult>0</difficult>
		<robndbox>
			<cx>521.4775</cx>
			<cy>215.8783</cy>
			<w>12.3436</w>
			<h>9.1955</h>
			<angle>2.235898</angle>
		</robndbox>
		<extra/>
	</object>
	<object>
		<name>scale</name>
		<pose>Unspecified</pose>
		<truncated>0</truncated>
		<difficult>0</difficult>
		<robndbox>
			<cx>525.3621</cx>
			<cy>219.4759</cy>
			<w>13.3205</w>
			<h>8.053</h>
			<angle>2.267531</angle>
		</robndbox>
		<extra/>
	</object>
	<object>
		<name>scale</name>
		<pose>Unspecified</pose>
		<truncated>0</truncated>
		<difficult>0</difficult>
		<robndbox>
			<cx>529.7751</cx>
			<cy>223.5368</cy>
			<w>12.1709</w>
			<h>8.779</h>
			<angle>2.299163</angle>
		</robndbox>
		<extra/>
	</object>
	<object>
		<name>0</name>
		<pose>Unspecified</pose>
		<truncated>0</truncated>
		<difficult>0</difficult>
		<robndbox>
			<cx>371.1073</cx>
			<cy>149.7588</cy>
			<w>10.1502</w>
			<h>16.2619</h>
			<angle>6.143399</angle>
		</robndbox>
		<extra/>
	</object>
	<object>
		<name>0</name>
		<pose>Unspecified</pose>
		<truncated>0</truncated>
		<difficult>0</difficult>
		<robndbox>
			<cx>442.1073</cx>
			<cy>152.7588</cy>
			<w>10.1502</w>
			<h>16.2619</h>
			<angle>0.218064</angle>
		</robndbox>
		<extra/>
	</object>
	<object>
		<name>0</name>
		<pose>Unspecified</pose>
		<truncated>0</truncated>
		<difficult>0</difficult>
		<robndbox>
			<cx>540.1073</cx>
			<cy>244.7588</cy>
			<w>10.1502</w>
			<h>16.2619</h>
			<angle>0.022238</angle>
		</robndbox>
		<extra/>
	</object>
	<object>
		<name>0</name>
		<pose>Unspecified</pose>
		<truncated>0</truncated>
		<difficult>0</difficult>
		<robndbox>
			<cx>304.1073</cx>
			<cy>169.7588</cy>
			<w>10.1502</w>
			<h>16.2619</h>
			<angle>5.823372</angle>
		</robndbox>
		<extra/>
	</object>
	<object>
		<name>0</name>
		<pose>Unspecified</pose>
		<truncated>0</truncated>
		<difficult>0</difficult>
		<robndbox>
			<cx>508.1073</cx>
			<cy>176.7588</cy>
			<w>10.1502</w>
			<h>16.2619</h>
			<angle>0.474775</angle>
		</robndbox>
		<extra/>
	</object>
	<object>
		<name>0</name>
		<pose>Unspecified</pose>
		<truncated>0</truncated>
		<difficult>0</difficult>
		<robndbox>
			<cx>531.1073</cx>
			<cy>244.7588</cy>
			<w>10.1502</w>
			<h>16.2619</h>
			<angle>0.024043</angle>
		</robndbox>
		<extra/>
	</object>
	<object>
		<name>1</name>
		<pose>Unspecified</pose>
		<truncated>0</truncated>
		<difficult>0</difficult>
		<robndbox>
			<cx>522.8718</cx>
			<cy>244.6849</cy>
			<w>6.6183</w>
			<h>16.3018</h>
			<angle>0.025828</angle>
		</robndbox>
		<extra/>
	</object>
	<object>
		<name>6</name>
		<pose>Unspecified</pose>
		<truncated>0</truncated>
		<difficult>0</difficult>
		<robndbox>
			<cx>432.1073</cx>
			<cy>150.7588</cy>
			<w>10.1502</w>
			<h>16.2619</h>
			<angle>0.218064</angle>
		</robndbox>
		<extra/>
	</object>
	<object>
		<name>8</name>
		<pose>Unspecified</pose>
		<truncated>0</truncated>
		<difficult>0</difficult>
		<robndbox>
			<cx>499.1073</cx>
			<cy>171.7588</cy>
			<w>10.1502</w>
			<h>16.2619</h>
			<angle>0.474775</angle>
		</robndbox>
		<extra/>
	</object>
	<object>
		<name>4</name>
		<pose>Unspecified</pose>
		<truncated>0</truncated>
		<difficult>0</difficult>
		<robndbox>
			<cx>361.1073</cx>
			<cy>150.7588</cy>
			<w>10.1502</w>
			<h>16.2619</h>
			<angle>6.143399</angle>
		</robndbox>
		<extra/>
	</object>
	<object>
		<name>2</name>
		<pose>Unspecified</pose>
		<truncated>0</truncated>
		<difficult>0</difficult>
		<robndbox>
			<cx>295.1073</cx>
			<cy>173.7588</cy>
			<w>10.1502</w>
			<h>16.2619</h>
			<angle>5.823372</angle>
		</robndbox>
		<extra/>
	</object>
	<object>
		<name>0</name>
		<pose>Unspecified</pose>
		<truncated>0</truncated>
		<difficult>0</difficult>
		<robndbox>
			<cx>265.1073</cx>
			<cy>244.7588</cy>
			<w>10.1502</w>
			<h>16.2619</h>
			<angle>0.05628</angle>
		</robndbox>
		<extra/>
	</object>
	<object>
		<name>needle</name>
		<pose>Unspecified</pose>
		<truncated>0</truncated>
		<difficult>0</difficult>
		<robndbox>
			<cx>305.454</cx>
			<cy>277.0074</cy>
			<w>6.3527</w>
			<h>133.7485</h>
			<angle>5.477108</angle>
		</robndbox>
		<extra/>
	</object>
	<object>
		<name>uA</name>
		<pose>Unspecified</pose>
		<truncated>0</truncated>
		<difficult>0</difficult>
		<robndbox>
			<cx>399.9982</cx>
			<cy>254.5641</cy>
			<w>41.0</w>
			<h>41.0</h>
			<angle>0.0</angle>
		</robndbox>
		<extra/>
	</object>
</annotation>
