<annotation>
	<folder>images</folder>
	<filename>7ecc0867-f01e-4710-8d9c-7e83515c9d9a.jpg</filename>
	<path>C:\Users\yaman\Documents\images\7ecc0867-f01e-4710-8d9c-7e83515c9d9a.jpg</path>
	<source>
		<database>Unknown</database>
	</source>
	<size>
		<width>550</width>
		<height>550</height>
		<depth>3</depth>
	</size>
	<segmented>0</segmented>
	<object>
		<name>scale</name>
		<pose>Unspecified</pose>
		<truncated>0</truncated>
		<difficult>0</difficult>
		<robndbox>
			<cx>175.2701</cx>
			<cy>326.0931</cy>
			<w>14.7622</w>
			<h>16.6894</h>
			<angle>0.840127</angle>
		</robndbox>
		<extra/>
	</object>
	<object>
		<name>scale</name>
		<pose>Unspecified</pose>
		<truncated>0</truncated>
		<difficult>0</difficult>
		<robndbox>
			<cx>374.7625</cx>
			<cy>327.545</cy>
			<w>16.1053</w>
			<h>16.4808</h>
			<angle>5.401696</angle>
		</robndbox>
		<extra/>
	</object>
	<object>
		<name>scale</name>
		<pose>Unspecified</pose>
		<truncated>0</truncated>
		<difficult>0</difficult>
		<robndbox>
			<cx>168.5484</cx>
			<cy>317.0277</cy>
			<w>14.7622</w>
			<h>16.6894</h>
			<angle>0.920155</angle>
		</robndbox>
		<extra/>
	</object>
	<object>
		<name>scale</name>
		<pose>Unspecified</pose>
		<truncated>0</truncated>
		<difficult>0</difficult>
		<robndbox>
			<cx>161.4981</cx>
			<cy>307.3825</cy>
			<w>14.7622</w>
			<h>16.6894</h>
			<angle>1.000182</angle>
		</robndbox>
		<extra/>
	</object>
	<object>
		<name>scale</name>
		<pose>Unspecified</pose>
		<truncated>0</truncated>
		<difficult>0</difficult>
		<robndbox>
			<cx>156.1583</cx>
			<cy>298.2814</cy>
			<w>14.7622</w>
			<h>16.6894</h>
			<angle>1.08021</angle>
		</robndbox>
		<extra/>
	</object>
	<object>
		<name>scale</name>
		<pose>Unspecified</pose>
		<truncated>0</truncated>
		<difficult>0</difficult>
		<robndbox>
			<cx>151.5631</cx>
			<cy>288.7826</cy>
			<w>14.7622</w>
			<h>16.6894</h>
			<angle>1.160238</angle>
		</robndbox>
		<extra/>
	</object>
	<object>
		<name>scale</name>
		<pose>Unspecified</pose>
		<truncated>0</truncated>
		<difficult>0</difficult>
		<robndbox>
			<cx>147.742</cx>
			<cy>278.9467</cy>
			<w>14.7622</w>
			<h>16.6894</h>
			<angle>1.240265</angle>
		</robndbox>
		<extra/>
	</object>
	<object>
		<name>scale</name>
		<pose>Unspecified</pose>
		<truncated>0</truncated>
		<difficult>0</difficult>
		<robndbox>
			<cx>143.7194</cx>
			<cy>267.8369</cy>
			<w>14.7622</w>
			<h>16.6894</h>
			<angle>1.320293</angle>
		</robndbox>
		<extra/>
	</object>
	<object>
		<name>scale</name>
		<pose>Unspecified</pose>
		<truncated>0</truncated>
		<difficult>0</difficult>
		<robndbox>
			<cx>141.4953</cx>
			<cy>256.6881</cy>
			<w>16.4041</w>
			<h>16.4461</h>
			<angle>1.40032</angle>
		</robndbox>
		<extra/>
	</object>
	<object>
		<name>scale</name>
		<pose>Unspecified</pose>
		<truncated>0</truncated>
		<difficult>0</difficult>
		<robndbox>
			<cx>140.1419</cx>
			<cy>247.0555</cy>
			<w>14.7622</w>
			<h>16.6894</h>
			<angle>1.480348</angle>
		</robndbox>
		<extra/>
	</object>
	<object>
		<name>scale</name>
		<pose>Unspecified</pose>
		<truncated>0</truncated>
		<difficult>0</difficult>
		<robndbox>
			<cx>139.61</cx>
			<cy>235.517</cy>
			<w>14.7622</w>
			<h>16.6894</h>
			<angle>1.560375</angle>
		</robndbox>
		<extra/>
	</object>
	<object>
		<name>scale</name>
		<pose>Unspecified</pose>
		<truncated>0</truncated>
		<difficult>0</difficult>
		<robndbox>
			<cx>139.9222</cx>
			<cy>223.9696</cy>
			<w>14.7622</w>
			<h>16.6894</h>
			<angle>1.640403</angle>
		</robndbox>
		<extra/>
	</object>
	<object>
		<name>scale</name>
		<pose>Unspecified</pose>
		<truncated>0</truncated>
		<difficult>0</difficult>
		<robndbox>
			<cx>141.0766</cx>
			<cy>212.481</cy>
			<w>14.7622</w>
			<h>16.6894</h>
			<angle>1.72043</angle>
		</robndbox>
		<extra/>
	</object>
	<object>
		<name>scale</name>
		<pose>Unspecified</pose>
		<truncated>0</truncated>
		<difficult>0</difficult>
		<robndbox>
			<cx>143.0658</cx>
			<cy>202.1182</cy>
			<w>14.7622</w>
			<h>16.6894</h>
			<angle>1.800458</angle>
		</robndbox>
		<extra/>
	</object>
	<object>
		<name>scale</name>
		<pose>Unspecified</pose>
		<truncated>0</truncated>
		<difficult>0</difficult>
		<robndbox>
			<cx>145.877</cx>
			<cy>190.9476</cy>
			<w>14.7622</w>
			<h>16.6894</h>
			<angle>1.880485</angle>
		</robndbox>
		<extra/>
	</object>
	<object>
		<name>scale</name>
		<pose>Unspecified</pose>
		<truncated>0</truncated>
		<difficult>0</difficult>
		<robndbox>
			<cx>148.4923</cx>
			<cy>181.0343</cy>
			<w>14.7622</w>
			<h>16.6894</h>
			<angle>1.960513</angle>
		</robndbox>
		<extra/>
	</object>
	<object>
		<name>scale</name>
		<pose>Unspecified</pose>
		<truncated>0</truncated>
		<difficult>0</difficult>
		<robndbox>
			<cx>153.8885</cx>
			<cy>170.4417</cy>
			<w>14.7622</w>
			<h>16.6894</h>
			<angle>2.04054</angle>
		</robndbox>
		<extra/>
	</object>
	<object>
		<name>scale</name>
		<pose>Unspecified</pose>
		<truncated>0</truncated>
		<difficult>0</difficult>
		<robndbox>
			<cx>159.0375</cx>
			<cy>161.2313</cy>
			<w>14.7622</w>
			<h>16.6894</h>
			<angle>2.120568</angle>
		</robndbox>
		<extra/>
	</object>
	<object>
		<name>scale</name>
		<pose>Unspecified</pose>
		<truncated>0</truncated>
		<difficult>0</difficult>
		<robndbox>
			<cx>165.9064</cx>
			<cy>151.4619</cy>
			<w>14.7622</w>
			<h>16.6894</h>
			<angle>2.200595</angle>
		</robndbox>
		<extra/>
	</object>
	<object>
		<name>scale</name>
		<pose>Unspecified</pose>
		<truncated>0</truncated>
		<difficult>0</difficult>
		<robndbox>
			<cx>173.4575</cx>
			<cy>143.1899</cy>
			<w>14.7622</w>
			<h>16.6894</h>
			<angle>2.280623</angle>
		</robndbox>
		<extra/>
	</object>
	<object>
		<name>scale</name>
		<pose>Unspecified</pose>
		<truncated>0</truncated>
		<difficult>0</difficult>
		<robndbox>
			<cx>180.6489</cx>
			<cy>135.4679</cy>
			<w>14.7622</w>
			<h>16.6894</h>
			<angle>2.36065</angle>
		</robndbox>
		<extra/>
	</object>
	<object>
		<name>scale</name>
		<pose>Unspecified</pose>
		<truncated>0</truncated>
		<difficult>0</difficult>
		<robndbox>
			<cx>188.4345</cx>
			<cy>128.3456</cy>
			<w>14.7622</w>
			<h>16.6894</h>
			<angle>2.440678</angle>
		</robndbox>
		<extra/>
	</object>
	<object>
		<name>scale</name>
		<pose>Unspecified</pose>
		<truncated>0</truncated>
		<difficult>0</difficult>
		<robndbox>
			<cx>196.7647</cx>
			<cy>121.8685</cy>
			<w>14.7622</w>
			<h>16.6894</h>
			<angle>2.520705</angle>
		</robndbox>
		<extra/>
	</object>
	<object>
		<name>scale</name>
		<pose>Unspecified</pose>
		<truncated>0</truncated>
		<difficult>0</difficult>
		<robndbox>
			<cx>206.586</cx>
			<cy>115.0781</cy>
			<w>14.7622</w>
			<h>16.6894</h>
			<angle>2.600733</angle>
		</robndbox>
		<extra/>
	</object>
	<object>
		<name>scale</name>
		<pose>Unspecified</pose>
		<truncated>0</truncated>
		<difficult>0</difficult>
		<robndbox>
			<cx>215.8419</cx>
			<cy>110.0114</cy>
			<w>14.7622</w>
			<h>16.6894</h>
			<angle>2.680761</angle>
		</robndbox>
		<extra/>
	</object>
	<object>
		<name>scale</name>
		<pose>Unspecified</pose>
		<truncated>0</truncated>
		<difficult>0</difficult>
		<robndbox>
			<cx>226.4733</cx>
			<cy>105.7008</cy>
			<w>14.7622</w>
			<h>16.6894</h>
			<angle>2.760788</angle>
		</robndbox>
		<extra/>
	</object>
	<object>
		<name>scale</name>
		<pose>Unspecified</pose>
		<truncated>0</truncated>
		<difficult>0</difficult>
		<robndbox>
			<cx>236.4184</cx>
			<cy>101.174</cy>
			<w>14.7622</w>
			<h>16.6894</h>
			<angle>2.840816</angle>
		</robndbox>
		<extra/>
	</object>
	<object>
		<name>scale</name>
		<pose>Unspecified</pose>
		<truncated>0</truncated>
		<difficult>0</difficult>
		<robndbox>
			<cx>246.6137</cx>
			<cy>98.4535</cy>
			<w>14.7622</w>
			<h>16.6894</h>
			<angle>2.920843</angle>
		</robndbox>
		<extra/>
	</object>
	<object>
		<name>scale</name>
		<pose>Unspecified</pose>
		<truncated>0</truncated>
		<difficult>0</difficult>
		<robndbox>
			<cx>258.428</cx>
			<cy>96.4271</cy>
			<w>15.6584</w>
			<h>16.8243</h>
			<angle>3.000871</angle>
		</robndbox>
		<extra/>
	</object>
	<object>
		<name>scale</name>
		<pose>Unspecified</pose>
		<truncated>0</truncated>
		<difficult>0</difficult>
		<robndbox>
			<cx>268.9499</cx>
			<cy>96.4478</cy>
			<w>15.033</w>
			<h>18.2261</h>
			<angle>3.080898</angle>
		</robndbox>
		<extra/>
	</object>
	<object>
		<name>scale</name>
		<pose>Unspecified</pose>
		<truncated>0</truncated>
		<difficult>0</difficult>
		<robndbox>
			<cx>279.042</cx>
			<cy>95.2777</cy>
			<w>14.7622</w>
			<h>16.6894</h>
			<angle>3.160926</angle>
		</robndbox>
		<extra/>
	</object>
	<object>
		<name>scale</name>
		<pose>Unspecified</pose>
		<truncated>0</truncated>
		<difficult>0</difficult>
		<robndbox>
			<cx>290.5754</cx>
			<cy>95.9035</cy>
			<w>14.7622</w>
			<h>16.6894</h>
			<angle>3.240953</angle>
		</robndbox>
		<extra/>
	</object>
	<object>
		<name>scale</name>
		<pose>Unspecified</pose>
		<truncated>0</truncated>
		<difficult>0</difficult>
		<robndbox>
			<cx>302.0251</cx>
			<cy>97.3694</cy>
			<w>14.7622</w>
			<h>16.6894</h>
			<angle>3.320981</angle>
		</robndbox>
		<extra/>
	</object>
	<object>
		<name>scale</name>
		<pose>Unspecified</pose>
		<truncated>0</truncated>
		<difficult>0</difficult>
		<robndbox>
			<cx>313.3241</cx>
			<cy>99.666</cy>
			<w>14.7622</w>
			<h>16.6894</h>
			<angle>3.401008</angle>
		</robndbox>
		<extra/>
	</object>
	<object>
		<name>scale</name>
		<pose>Unspecified</pose>
		<truncated>0</truncated>
		<difficult>0</difficult>
		<robndbox>
			<cx>323.4066</cx>
			<cy>102.7786</cy>
			<w>14.7622</w>
			<h>16.6894</h>
			<angle>3.481036</angle>
		</robndbox>
		<extra/>
	</object>
	<object>
		<name>scale</name>
		<pose>Unspecified</pose>
		<truncated>0</truncated>
		<difficult>0</difficult>
		<robndbox>
			<cx>334.208</cx>
			<cy>107.6872</cy>
			<w>14.7622</w>
			<h>16.6894</h>
			<angle>3.561063</angle>
		</robndbox>
		<extra/>
	</object>
	<object>
		<name>scale</name>
		<pose>Unspecified</pose>
		<truncated>0</truncated>
		<difficult>0</difficult>
		<robndbox>
			<cx>343.6655</cx>
			<cy>112.3669</cy>
			<w>14.7622</w>
			<h>16.6894</h>
			<angle>3.641091</angle>
		</robndbox>
		<extra/>
	</object>
	<object>
		<name>scale</name>
		<pose>Unspecified</pose>
		<truncated>0</truncated>
		<difficult>0</difficult>
		<robndbox>
			<cx>353.7187</cx>
			<cy>118.7876</cy>
			<w>14.7622</w>
			<h>16.6894</h>
			<angle>3.721118</angle>
		</robndbox>
		<extra/>
	</object>
	<object>
		<name>scale</name>
		<pose>Unspecified</pose>
		<truncated>0</truncated>
		<difficult>0</difficult>
		<robndbox>
			<cx>362.7949</cx>
			<cy>126.3987</cy>
			<w>16.1224</w>
			<h>16.8594</h>
			<angle>3.801146</angle>
		</robndbox>
		<extra/>
	</object>
	<object>
		<name>scale</name>
		<pose>Unspecified</pose>
		<truncated>0</truncated>
		<difficult>0</difficult>
		<robndbox>
			<cx>369.73</cx>
			<cy>132.7595</cy>
			<w>15.659</w>
			<h>17.6444</h>
			<angle>3.881173</angle>
		</robndbox>
		<extra/>
	</object>
	<object>
		<name>scale</name>
		<pose>Unspecified</pose>
		<truncated>0</truncated>
		<difficult>0</difficult>
		<robndbox>
			<cx>377.8876</cx>
			<cy>141.127</cy>
			<w>14.7622</w>
			<h>16.6894</h>
			<angle>3.961201</angle>
		</robndbox>
		<extra/>
	</object>
	<object>
		<name>scale</name>
		<pose>Unspecified</pose>
		<truncated>0</truncated>
		<difficult>0</difficult>
		<robndbox>
			<cx>384.7751</cx>
			<cy>149.1211</cy>
			<w>14.7622</w>
			<h>16.6894</h>
			<angle>4.041228</angle>
		</robndbox>
		<extra/>
	</object>
	<object>
		<name>scale</name>
		<pose>Unspecified</pose>
		<truncated>0</truncated>
		<difficult>0</difficult>
		<robndbox>
			<cx>391.3256</cx>
			<cy>158.5572</cy>
			<w>13.954</w>
			<h>17.786</h>
			<angle>4.199541</angle>
		</robndbox>
		<extra/>
	</object>
	<object>
		<name>scale</name>
		<pose>Unspecified</pose>
		<truncated>0</truncated>
		<difficult>0</difficult>
		<robndbox>
			<cx>397.527</cx>
			<cy>168.6299</cy>
			<w>14.7622</w>
			<h>16.6894</h>
			<angle>4.181577</angle>
		</robndbox>
		<extra/>
	</object>
	<object>
		<name>scale</name>
		<pose>Unspecified</pose>
		<truncated>0</truncated>
		<difficult>0</difficult>
		<robndbox>
			<cx>401.3161</cx>
			<cy>179.0325</cy>
			<w>14.7622</w>
			<h>16.6894</h>
			<angle>4.343764</angle>
		</robndbox>
		<extra/>
	</object>
	<object>
		<name>scale</name>
		<pose>Unspecified</pose>
		<truncated>0</truncated>
		<difficult>0</difficult>
		<robndbox>
			<cx>405.3382</cx>
			<cy>189.7878</cy>
			<w>14.7622</w>
			<h>16.6894</h>
			<angle>4.361339</angle>
		</robndbox>
		<extra/>
	</object>
	<object>
		<name>scale</name>
		<pose>Unspecified</pose>
		<truncated>0</truncated>
		<difficult>0</difficult>
		<robndbox>
			<cx>408.5676</cx>
			<cy>200.8335</cy>
			<w>14.7622</w>
			<h>16.6894</h>
			<angle>4.441366</angle>
		</robndbox>
		<extra/>
	</object>
	<object>
		<name>scale</name>
		<pose>Unspecified</pose>
		<truncated>0</truncated>
		<difficult>0</difficult>
		<robndbox>
			<cx>409.9836</cx>
			<cy>212.1052</cy>
			<w>14.7622</w>
			<h>16.6894</h>
			<angle>4.521394</angle>
		</robndbox>
		<extra/>
	</object>
	<object>
		<name>scale</name>
		<pose>Unspecified</pose>
		<truncated>0</truncated>
		<difficult>0</difficult>
		<robndbox>
			<cx>410.5707</cx>
			<cy>223.5371</cy>
			<w>14.7622</w>
			<h>16.6894</h>
			<angle>4.601421</angle>
		</robndbox>
		<extra/>
	</object>
	<object>
		<name>scale</name>
		<pose>Unspecified</pose>
		<truncated>0</truncated>
		<difficult>0</difficult>
		<robndbox>
			<cx>411.3188</cx>
			<cy>234.0625</cy>
			<w>14.7622</w>
			<h>16.6894</h>
			<angle>4.681449</angle>
		</robndbox>
		<extra/>
	</object>
	<object>
		<name>scale</name>
		<pose>Unspecified</pose>
		<truncated>0</truncated>
		<difficult>0</difficult>
		<robndbox>
			<cx>411.2231</cx>
			<cy>245.6141</cy>
			<w>14.7622</w>
			<h>16.6894</h>
			<angle>4.761476</angle>
		</robndbox>
		<extra/>
	</object>
	<object>
		<name>scale</name>
		<pose>Unspecified</pose>
		<truncated>0</truncated>
		<difficult>0</difficult>
		<robndbox>
			<cx>409.2841</cx>
			<cy>257.1242</cy>
			<w>14.7622</w>
			<h>16.6894</h>
			<angle>4.841504</angle>
		</robndbox>
		<extra/>
	</object>
	<object>
		<name>scale</name>
		<pose>Unspecified</pose>
		<truncated>0</truncated>
		<difficult>0</difficult>
		<robndbox>
			<cx>406.508</cx>
			<cy>267.5256</cy>
			<w>14.7622</w>
			<h>16.6894</h>
			<angle>4.921531</angle>
		</robndbox>
		<extra/>
	</object>
	<object>
		<name>scale</name>
		<pose>Unspecified</pose>
		<truncated>0</truncated>
		<difficult>0</difficult>
		<robndbox>
			<cx>402.906</cx>
			<cy>278.7517</cy>
			<w>14.7622</w>
			<h>16.6894</h>
			<angle>5.001559</angle>
		</robndbox>
		<extra/>
	</object>
	<object>
		<name>scale</name>
		<pose>Unspecified</pose>
		<truncated>0</truncated>
		<difficult>0</difficult>
		<robndbox>
			<cx>399.4948</cx>
			<cy>288.7372</cy>
			<w>14.7622</w>
			<h>16.6894</h>
			<angle>5.081586</angle>
		</robndbox>
		<extra/>
	</object>
	<object>
		<name>scale</name>
		<pose>Unspecified</pose>
		<truncated>0</truncated>
		<difficult>0</difficult>
		<robndbox>
			<cx>394.2964</cx>
			<cy>298.4179</cy>
			<w>14.7622</w>
			<h>16.6894</h>
			<angle>5.161614</angle>
		</robndbox>
		<extra/>
	</object>
	<object>
		<name>scale</name>
		<pose>Unspecified</pose>
		<truncated>0</truncated>
		<difficult>0</difficult>
		<robndbox>
			<cx>389.3374</cx>
			<cy>308.732</cy>
			<w>14.7622</w>
			<h>16.6894</h>
			<angle>5.241641</angle>
		</robndbox>
		<extra/>
	</object>
	<object>
		<name>scale</name>
		<pose>Unspecified</pose>
		<truncated>0</truncated>
		<difficult>0</difficult>
		<robndbox>
			<cx>382.6498</cx>
			<cy>317.6199</cy>
			<w>14.7622</w>
			<h>16.6894</h>
			<angle>5.321669</angle>
		</robndbox>
		<extra/>
	</object>
	<object>
		<name>0</name>
		<pose>Unspecified</pose>
		<truncated>0</truncated>
		<difficult>0</difficult>
		<robndbox>
			<cx>191.0</cx>
			<cy>246.0</cy>
			<w>22.0</w>
			<h>38.0</h>
			<angle>0.0</angle>
		</robndbox>
		<extra/>
	</object>
	<object>
		<name>0</name>
		<pose>Unspecified</pose>
		<truncated>0</truncated>
		<difficult>0</difficult>
		<robndbox>
			<cx>215.5</cx>
			<cy>176.5</cy>
			<w>21.0</w>
			<h>39.0</h>
			<angle>0.0</angle>
		</robndbox>
		<extra/>
	</object>
	<object>
		<name>0</name>
		<pose>Unspecified</pose>
		<truncated>0</truncated>
		<difficult>0</difficult>
		<robndbox>
			<cx>278.5</cx>
			<cy>139.0</cy>
			<w>21.0</w>
			<h>38.0</h>
			<angle>0.0</angle>
		</robndbox>
		<extra/>
	</object>
	<object>
		<name>0</name>
		<pose>Unspecified</pose>
		<truncated>0</truncated>
		<difficult>0</difficult>
		<robndbox>
			<cx>342.5</cx>
			<cy>164.0</cy>
			<w>21.0</w>
			<h>38.0</h>
			<angle>0.0</angle>
		</robndbox>
		<extra/>
	</object>
	<object>
		<name>0</name>
		<pose>Unspecified</pose>
		<truncated>0</truncated>
		<difficult>0</difficult>
		<robndbox>
			<cx>377.5</cx>
			<cy>231.0</cy>
			<w>21.0</w>
			<h>38.0</h>
			<angle>0.0</angle>
		</robndbox>
		<extra/>
	</object>
	<object>
		<name>6</name>
		<pose>Unspecified</pose>
		<truncated>0</truncated>
		<difficult>0</difficult>
		<robndbox>
			<cx>333.5</cx>
			<cy>292.0</cy>
			<w>21.0</w>
			<h>38.0</h>
			<angle>0.0</angle>
		</robndbox>
		<extra/>
	</object>
	<object>
		<name>1</name>
		<pose>Unspecified</pose>
		<truncated>0</truncated>
		<difficult>0</difficult>
		<robndbox>
			<cx>170.5</cx>
			<cy>246.0</cy>
			<w>17.0</w>
			<h>38.0</h>
			<angle>0.0</angle>
		</robndbox>
		<extra/>
	</object>
	<object>
		<name>2</name>
		<pose>Unspecified</pose>
		<truncated>0</truncated>
		<difficult>0</difficult>
		<robndbox>
			<cx>194.5</cx>
			<cy>177.5</cy>
			<w>21.0</w>
			<h>39.0</h>
			<angle>0.0</angle>
		</robndbox>
		<extra/>
	</object>
	<object>
		<name>3</name>
		<pose>Unspecified</pose>
		<truncated>0</truncated>
		<difficult>0</difficult>
		<robndbox>
			<cx>258.5</cx>
			<cy>139.0</cy>
			<w>21.0</w>
			<h>38.0</h>
			<angle>0.0</angle>
		</robndbox>
		<extra/>
	</object>
	<object>
		<name>4</name>
		<pose>Unspecified</pose>
		<truncated>0</truncated>
		<difficult>0</difficult>
		<robndbox>
			<cx>321.0</cx>
			<cy>163.5</cy>
			<w>22.0</w>
			<h>37.0</h>
			<angle>0.0</angle>
		</robndbox>
		<extra/>
	</object>
	<object>
		<name>5</name>
		<pose>Unspecified</pose>
		<truncated>0</truncated>
		<difficult>0</difficult>
		<robndbox>
			<cx>356.5</cx>
			<cy>231.0</cy>
			<w>21.0</w>
			<h>38.0</h>
			<angle>0.0</angle>
		</robndbox>
		<extra/>
	</object>
	<object>
		<name>0</name>
		<pose>Unspecified</pose>
		<truncated>0</truncated>
		<difficult>0</difficult>
		<robndbox>
			<cx>353.5</cx>
			<cy>292.0</cy>
			<w>21.0</w>
			<h>38.0</h>
			<angle>0.0</angle>
		</robndbox>
		<extra/>
	</object>
	<object>
		<name>needle</name>
		<pose>Unspecified</pose>
		<truncated>0</truncated>
		<difficult>0</difficult>
		<robndbox>
			<cx>247.8605</cx>
			<cy>259.746</cy>
			<w>43.134</w>
			<h>196.4467</h>
			<angle>3.926227</angle>
		</robndbox>
		<extra/>
	</object>
	<object>
		<name>0</name>
		<pose>Unspecified</pose>
		<truncated>0</truncated>
		<difficult>0</difficult>
		<robndbox>
			<cx>204.5</cx>
			<cy>297.0</cy>
			<w>21.0</w>
			<h>38.0</h>
			<angle>0.0</angle>
		</robndbox>
		<extra/>
	</object>
</annotation>
