<annotation>
	<folder>images</folder>
	<filename>7f3e7548-c952-4f16-9ecd-10305f156874.jpg</filename>
	<path>C:\Users\yaman\Documents\images\7f3e7548-c952-4f16-9ecd-10305f156874.jpg</path>
	<source>
		<database>Unknown</database>
	</source>
	<size>
		<width>1100</width>
		<height>1100</height>
		<depth>3</depth>
	</size>
	<segmented>0</segmented>
	<object>
		<name>scale</name>
		<pose>Unspecified</pose>
		<truncated>0</truncated>
		<difficult>0</difficult>
		<robndbox>
			<cx>298.6974</cx>
			<cy>410.9032</cy>
			<w>34.9602</w>
			<h>17.6234</h>
			<angle>0.84227</angle>
		</robndbox>
		<extra/>
	</object>
	<object>
		<name>scale</name>
		<pose>Unspecified</pose>
		<truncated>0</truncated>
		<difficult>0</difficult>
		<robndbox>
			<cx>796.6974</cx>
			<cy>412.9032</cy>
			<w>34.9602</w>
			<h>17.6234</h>
			<angle>2.278907</angle>
		</robndbox>
		<extra/>
	</object>
	<object>
		<name>scale</name>
		<pose>Unspecified</pose>
		<truncated>0</truncated>
		<difficult>0</difficult>
		<robndbox>
			<cx>312.0824</cx>
			<cy>408.1818</cy>
			<w>34.9602</w>
			<h>17.6234</h>
			<angle>0.871589</angle>
		</robndbox>
		<extra/>
	</object>
	<object>
		<name>scale</name>
		<pose>Unspecified</pose>
		<truncated>0</truncated>
		<difficult>0</difficult>
		<robndbox>
			<cx>324.4577</cx>
			<cy>405.9681</cy>
			<w>35.9441</w>
			<h>16.2866</h>
			<angle>0.900908</angle>
		</robndbox>
		<extra/>
	</object>
	<object>
		<name>scale</name>
		<pose>Unspecified</pose>
		<truncated>0</truncated>
		<difficult>0</difficult>
		<robndbox>
			<cx>335.9801</cx>
			<cy>403.3298</cy>
			<w>35.8503</w>
			<h>15.7328</h>
			<angle>0.930227</angle>
		</robndbox>
		<extra/>
	</object>
	<object>
		<name>scale</name>
		<pose>Unspecified</pose>
		<truncated>0</truncated>
		<difficult>0</difficult>
		<robndbox>
			<cx>347.6072</cx>
			<cy>400.8256</cy>
			<w>35.4797</w>
			<h>15.1712</h>
			<angle>0.959546</angle>
		</robndbox>
		<extra/>
	</object>
	<object>
		<name>scale</name>
		<pose>Unspecified</pose>
		<truncated>0</truncated>
		<difficult>0</difficult>
		<robndbox>
			<cx>358.5</cx>
			<cy>398.5</cy>
			<w>34.0107</w>
			<h>17.1252</h>
			<angle>0.988865</angle>
		</robndbox>
		<extra/>
	</object>
	<object>
		<name>scale</name>
		<pose>Unspecified</pose>
		<truncated>0</truncated>
		<difficult>0</difficult>
		<robndbox>
			<cx>369.5</cx>
			<cy>396.5</cy>
			<w>32.4443</w>
			<h>16.4125</h>
			<angle>1.018184</angle>
		</robndbox>
		<extra/>
	</object>
	<object>
		<name>scale</name>
		<pose>Unspecified</pose>
		<truncated>0</truncated>
		<difficult>0</difficult>
		<robndbox>
			<cx>381.0765</cx>
			<cy>394.6475</cy>
			<w>32.8499</w>
			<h>15.5059</h>
			<angle>1.047503</angle>
		</robndbox>
		<extra/>
	</object>
	<object>
		<name>scale</name>
		<pose>Unspecified</pose>
		<truncated>0</truncated>
		<difficult>0</difficult>
		<robndbox>
			<cx>391.5818</cx>
			<cy>393.2088</cy>
			<w>32.6745</w>
			<h>15.1564</h>
			<angle>1.076823</angle>
		</robndbox>
		<extra/>
	</object>
	<object>
		<name>scale</name>
		<pose>Unspecified</pose>
		<truncated>0</truncated>
		<difficult>0</difficult>
		<robndbox>
			<cx>402.1711</cx>
			<cy>391.9181</cy>
			<w>32.2077</w>
			<h>14.7936</h>
			<angle>1.106142</angle>
		</robndbox>
		<extra/>
	</object>
	<object>
		<name>scale</name>
		<pose>Unspecified</pose>
		<truncated>0</truncated>
		<difficult>0</difficult>
		<robndbox>
			<cx>412.34</cx>
			<cy>390.7778</cy>
			<w>31.8722</w>
			<h>15.3068</h>
			<angle>1.135461</angle>
		</robndbox>
		<extra/>
	</object>
	<object>
		<name>scale</name>
		<pose>Unspecified</pose>
		<truncated>0</truncated>
		<difficult>0</difficult>
		<robndbox>
			<cx>422.0841</cx>
			<cy>389.7902</cy>
			<w>30.7993</w>
			<h>14.8771</h>
			<angle>1.16478</angle>
		</robndbox>
		<extra/>
	</object>
	<object>
		<name>scale</name>
		<pose>Unspecified</pose>
		<truncated>0</truncated>
		<difficult>0</difficult>
		<robndbox>
			<cx>432.3989</cx>
			<cy>388.4574</cy>
			<w>30.7373</w>
			<h>14.9433</h>
			<angle>1.194099</angle>
		</robndbox>
		<extra/>
	</object>
	<object>
		<name>scale</name>
		<pose>Unspecified</pose>
		<truncated>0</truncated>
		<difficult>0</difficult>
		<robndbox>
			<cx>441.7797</cx>
			<cy>387.2813</cy>
			<w>30.3578</w>
			<h>15.0018</h>
			<angle>1.223418</angle>
		</robndbox>
		<extra/>
	</object>
	<object>
		<name>scale</name>
		<pose>Unspecified</pose>
		<truncated>0</truncated>
		<difficult>0</difficult>
		<robndbox>
			<cx>451.7221</cx>
			<cy>386.264</cy>
			<w>29.3485</w>
			<h>14.0843</h>
			<angle>1.252737</angle>
		</robndbox>
		<extra/>
	</object>
	<object>
		<name>scale</name>
		<pose>Unspecified</pose>
		<truncated>0</truncated>
		<difficult>0</difficult>
		<robndbox>
			<cx>460.7212</cx>
			<cy>384.907</cy>
			<w>27.6906</w>
			<h>15.3064</h>
			<angle>1.282056</angle>
		</robndbox>
		<extra/>
	</object>
	<object>
		<name>scale</name>
		<pose>Unspecified</pose>
		<truncated>0</truncated>
		<difficult>0</difficult>
		<robndbox>
			<cx>470.2725</cx>
			<cy>384.2121</cy>
			<w>28.2906</w>
			<h>14.6895</h>
			<angle>1.311376</angle>
		</robndbox>
		<extra/>
	</object>
	<object>
		<name>scale</name>
		<pose>Unspecified</pose>
		<truncated>0</truncated>
		<difficult>0</difficult>
		<robndbox>
			<cx>479.371</cx>
			<cy>383.6806</cy>
			<w>26.4344</w>
			<h>13.5871</h>
			<angle>1.340695</angle>
		</robndbox>
		<extra/>
	</object>
	<object>
		<name>scale</name>
		<pose>Unspecified</pose>
		<truncated>0</truncated>
		<difficult>0</difficult>
		<robndbox>
			<cx>489.012</cx>
			<cy>382.8139</cy>
			<w>25.5078</w>
			<h>13.1531</h>
			<angle>1.370014</angle>
		</robndbox>
		<extra/>
	</object>
	<object>
		<name>scale</name>
		<pose>Unspecified</pose>
		<truncated>0</truncated>
		<difficult>0</difficult>
		<robndbox>
			<cx>497.6907</cx>
			<cy>382.1132</cy>
			<w>26.6018</w>
			<h>14.2893</h>
			<angle>1.399333</angle>
		</robndbox>
		<extra/>
	</object>
	<object>
		<name>scale</name>
		<pose>Unspecified</pose>
		<truncated>0</truncated>
		<difficult>0</difficult>
		<robndbox>
			<cx>506.9021</cx>
			<cy>381.5794</cy>
			<w>27.1684</w>
			<h>14.4932</h>
			<angle>1.428652</angle>
		</robndbox>
		<extra/>
	</object>
	<object>
		<name>scale</name>
		<pose>Unspecified</pose>
		<truncated>0</truncated>
		<difficult>0</difficult>
		<robndbox>
			<cx>515.6413</cx>
			<cy>381.7135</cy>
			<w>26.2988</w>
			<h>13.8445</h>
			<angle>1.457971</angle>
		</robndbox>
		<extra/>
	</object>
	<object>
		<name>scale</name>
		<pose>Unspecified</pose>
		<truncated>0</truncated>
		<difficult>0</difficult>
		<robndbox>
			<cx>525.4035</cx>
			<cy>381.0163</cy>
			<w>27.1442</w>
			<h>12.9741</h>
			<angle>1.48729</angle>
		</robndbox>
		<extra/>
	</object>
	<object>
		<name>scale</name>
		<pose>Unspecified</pose>
		<truncated>0</truncated>
		<difficult>0</difficult>
		<robndbox>
			<cx>533.6837</cx>
			<cy>380.9882</cy>
			<w>26.7779</w>
			<h>13.2018</h>
			<angle>1.516609</angle>
		</robndbox>
		<extra/>
	</object>
	<object>
		<name>scale</name>
		<pose>Unspecified</pose>
		<truncated>0</truncated>
		<difficult>0</difficult>
		<robndbox>
			<cx>542.9768</cx>
			<cy>380.6298</cy>
			<w>27.0813</w>
			<h>13.3772</h>
			<angle>1.545929</angle>
		</robndbox>
		<extra/>
	</object>
	<object>
		<name>scale</name>
		<pose>Unspecified</pose>
		<truncated>0</truncated>
		<difficult>0</difficult>
		<robndbox>
			<cx>551.778</cx>
			<cy>381.4414</cy>
			<w>27.0615</w>
			<h>12.5647</h>
			<angle>1.575248</angle>
		</robndbox>
		<extra/>
	</object>
	<object>
		<name>scale</name>
		<pose>Unspecified</pose>
		<truncated>0</truncated>
		<difficult>0</difficult>
		<robndbox>
			<cx>561.0821</cx>
			<cy>381.4232</cy>
			<w>26.7385</w>
			<h>12.7458</h>
			<angle>1.604567</angle>
		</robndbox>
		<extra/>
	</object>
	<object>
		<name>scale</name>
		<pose>Unspecified</pose>
		<truncated>0</truncated>
		<difficult>0</difficult>
		<robndbox>
			<cx>569.8844</cx>
			<cy>381.5751</cy>
			<w>26.0253</w>
			<h>13.8998</h>
			<angle>1.633886</angle>
		</robndbox>
		<extra/>
	</object>
	<object>
		<name>scale</name>
		<pose>Unspecified</pose>
		<truncated>0</truncated>
		<difficult>0</difficult>
		<robndbox>
			<cx>578.6796</cx>
			<cy>382.397</cy>
			<w>26.108</w>
			<h>13.1058</h>
			<angle>1.663205</angle>
		</robndbox>
		<extra/>
	</object>
	<object>
		<name>scale</name>
		<pose>Unspecified</pose>
		<truncated>0</truncated>
		<difficult>0</difficult>
		<robndbox>
			<cx>587.963</cx>
			<cy>382.3887</cy>
			<w>26.0408</w>
			<h>11.3198</h>
			<angle>1.692524</angle>
		</robndbox>
		<extra/>
	</object>
	<object>
		<name>scale</name>
		<pose>Unspecified</pose>
		<truncated>0</truncated>
		<difficult>0</difficult>
		<robndbox>
			<cx>597.2295</cx>
			<cy>382.5497</cy>
			<w>25.1586</w>
			<h>13.4803</h>
			<angle>1.721843</angle>
		</robndbox>
		<extra/>
	</object>
	<object>
		<name>scale</name>
		<pose>Unspecified</pose>
		<truncated>0</truncated>
		<difficult>0</difficult>
		<robndbox>
			<cx>605.974</cx>
			<cy>382.8795</cy>
			<w>26.3385</w>
			<h>12.9874</h>
			<angle>1.751162</angle>
		</robndbox>
		<extra/>
	</object>
	<object>
		<name>scale</name>
		<pose>Unspecified</pose>
		<truncated>0</truncated>
		<difficult>0</difficult>
		<robndbox>
			<cx>615.1919</cx>
			<cy>384.3773</cy>
			<w>27.0195</w>
			<h>13.537</h>
			<angle>1.780482</angle>
		</robndbox>
		<extra/>
	</object>
	<object>
		<name>scale</name>
		<pose>Unspecified</pose>
		<truncated>0</truncated>
		<difficult>0</difficult>
		<robndbox>
			<cx>624.378</cx>
			<cy>385.0423</cy>
			<w>25.407</w>
			<h>13.6468</h>
			<angle>1.809801</angle>
		</robndbox>
		<extra/>
	</object>
	<object>
		<name>scale</name>
		<pose>Unspecified</pose>
		<truncated>0</truncated>
		<difficult>0</difficult>
		<robndbox>
			<cx>633.5275</cx>
			<cy>386.3734</cy>
			<w>24.4367</w>
			<h>13.9218</h>
			<angle>1.83912</angle>
		</robndbox>
		<extra/>
	</object>
	<object>
		<name>scale</name>
		<pose>Unspecified</pose>
		<truncated>0</truncated>
		<difficult>0</difficult>
		<robndbox>
			<cx>643.1355</cx>
			<cy>386.3697</cy>
			<w>26.294</w>
			<h>14.0583</h>
			<angle>1.868439</angle>
		</robndbox>
		<extra/>
	</object>
	<object>
		<name>scale</name>
		<pose>Unspecified</pose>
		<truncated>0</truncated>
		<difficult>0</difficult>
		<robndbox>
			<cx>653.1973</cx>
			<cy>387.5297</cy>
			<w>28.1436</w>
			<h>13.3516</h>
			<angle>1.897758</angle>
		</robndbox>
		<extra/>
	</object>
	<object>
		<name>scale</name>
		<pose>Unspecified</pose>
		<truncated>0</truncated>
		<difficult>0</difficult>
		<robndbox>
			<cx>663.208</cx>
			<cy>388.352</cy>
			<w>28.0806</w>
			<h>14.2747</h>
			<angle>1.927077</angle>
		</robndbox>
		<extra/>
	</object>
	<object>
		<name>scale</name>
		<pose>Unspecified</pose>
		<truncated>0</truncated>
		<difficult>0</difficult>
		<robndbox>
			<cx>673.1629</cx>
			<cy>389.335</cy>
			<w>27.6476</w>
			<h>15.188</h>
			<angle>1.956396</angle>
		</robndbox>
		<extra/>
	</object>
	<object>
		<name>scale</name>
		<pose>Unspecified</pose>
		<truncated>0</truncated>
		<difficult>0</difficult>
		<robndbox>
			<cx>682.5574</cx>
			<cy>391.9772</cy>
			<w>28.1635</w>
			<h>15.5585</h>
			<angle>1.985715</angle>
		</robndbox>
		<extra/>
	</object>
	<object>
		<name>scale</name>
		<pose>Unspecified</pose>
		<truncated>0</truncated>
		<difficult>0</difficult>
		<robndbox>
			<cx>693.3867</cx>
			<cy>392.7765</cy>
			<w>28.7705</w>
			<h>15.0522</h>
			<angle>2.015035</angle>
		</robndbox>
		<extra/>
	</object>
	<object>
		<name>scale</name>
		<pose>Unspecified</pose>
		<truncated>0</truncated>
		<difficult>0</difficult>
		<robndbox>
			<cx>703.1464</cx>
			<cy>394.7311</cy>
			<w>30.8705</w>
			<h>15.4906</h>
			<angle>2.044354</angle>
		</robndbox>
		<extra/>
	</object>
	<object>
		<name>scale</name>
		<pose>Unspecified</pose>
		<truncated>0</truncated>
		<difficult>0</difficult>
		<robndbox>
			<cx>714.3318</cx>
			<cy>395.8388</cy>
			<w>28.6406</w>
			<h>14.9962</h>
			<angle>2.073673</angle>
		</robndbox>
		<extra/>
	</object>
	<object>
		<name>scale</name>
		<pose>Unspecified</pose>
		<truncated>0</truncated>
		<difficult>0</difficult>
		<robndbox>
			<cx>724.9386</cx>
			<cy>398.0975</cy>
			<w>30.0822</w>
			<h>15.5361</h>
			<angle>2.102992</angle>
		</robndbox>
		<extra/>
	</object>
	<object>
		<name>scale</name>
		<pose>Unspecified</pose>
		<truncated>0</truncated>
		<difficult>0</difficult>
		<robndbox>
			<cx>735.9623</cx>
			<cy>400.5046</cy>
			<w>28.9498</w>
			<h>15.9376</h>
			<angle>2.132311</angle>
		</robndbox>
		<extra/>
	</object>
	<object>
		<name>scale</name>
		<pose>Unspecified</pose>
		<truncated>0</truncated>
		<difficult>0</difficult>
		<robndbox>
			<cx>747.8986</cx>
			<cy>402.5577</cy>
			<w>31.086</w>
			<h>16.2791</h>
			<angle>2.16163</angle>
		</robndbox>
		<extra/>
	</object>
	<object>
		<name>scale</name>
		<pose>Unspecified</pose>
		<truncated>0</truncated>
		<difficult>0</difficult>
		<robndbox>
			<cx>760.2433</cx>
			<cy>405.2543</cy>
			<w>33.1175</w>
			<h>18.1374</h>
			<angle>2.190949</angle>
		</robndbox>
		<extra/>
	</object>
	<object>
		<name>scale</name>
		<pose>Unspecified</pose>
		<truncated>0</truncated>
		<difficult>0</difficult>
		<robndbox>
			<cx>771.4922</cx>
			<cy>407.5915</cy>
			<w>33.5451</w>
			<h>16.7034</h>
			<angle>2.220269</angle>
		</robndbox>
		<extra/>
	</object>
	<object>
		<name>scale</name>
		<pose>Unspecified</pose>
		<truncated>0</truncated>
		<difficult>0</difficult>
		<robndbox>
			<cx>783.1659</cx>
			<cy>411.2707</cy>
			<w>34.9602</w>
			<h>17.6234</h>
			<angle>2.249588</angle>
		</robndbox>
		<extra/>
	</object>
	<object>
		<name>0</name>
		<pose>Unspecified</pose>
		<truncated>0</truncated>
		<difficult>0</difficult>
		<robndbox>
			<cx>391.5</cx>
			<cy>331.5</cy>
			<w>37.0</w>
			<h>37.0</h>
			<angle>0.0</angle>
		</robndbox>
		<extra/>
	</object>
	<object>
		<name>0</name>
		<pose>Unspecified</pose>
		<truncated>0</truncated>
		<difficult>0</difficult>
		<robndbox>
			<cx>512.0</cx>
			<cy>320.5</cy>
			<w>36.0</w>
			<h>37.0</h>
			<angle>0.0</angle>
		</robndbox>
		<extra/>
	</object>
	<object>
		<name>0</name>
		<pose>Unspecified</pose>
		<truncated>0</truncated>
		<difficult>0</difficult>
		<robndbox>
			<cx>620.0</cx>
			<cy>322.5</cy>
			<w>36.0</w>
			<h>37.0</h>
			<angle>0.0</angle>
		</robndbox>
		<extra/>
	</object>
	<object>
		<name>0</name>
		<pose>Unspecified</pose>
		<truncated>0</truncated>
		<difficult>0</difficult>
		<robndbox>
			<cx>733.5</cx>
			<cy>332.5</cy>
			<w>37.0</w>
			<h>37.0</h>
			<angle>0.0</angle>
		</robndbox>
		<extra/>
	</object>
	<object>
		<name>0</name>
		<pose>Unspecified</pose>
		<truncated>0</truncated>
		<difficult>0</difficult>
		<robndbox>
			<cx>259.5</cx>
			<cy>356.5</cy>
			<w>37.0</w>
			<h>37.0</h>
			<angle>0.0</angle>
		</robndbox>
		<extra/>
	</object>
	<object>
		<name>1</name>
		<pose>Unspecified</pose>
		<truncated>0</truncated>
		<difficult>0</difficult>
		<robndbox>
			<cx>357.5</cx>
			<cy>331.5</cy>
			<w>31.0</w>
			<h>37.0</h>
			<angle>0.0</angle>
		</robndbox>
		<extra/>
	</object>
	<object>
		<name>2</name>
		<pose>Unspecified</pose>
		<truncated>0</truncated>
		<difficult>0</difficult>
		<robndbox>
			<cx>476.5</cx>
			<cy>320.5</cy>
			<w>37.0</w>
			<h>37.0</h>
			<angle>0.0</angle>
		</robndbox>
		<extra/>
	</object>
	<object>
		<name>3</name>
		<pose>Unspecified</pose>
		<truncated>0</truncated>
		<difficult>0</difficult>
		<robndbox>
			<cx>584.0</cx>
			<cy>322.5</cy>
			<w>36.0</w>
			<h>37.0</h>
			<angle>0.0</angle>
		</robndbox>
		<extra/>
	</object>
	<object>
		<name>4</name>
		<pose>Unspecified</pose>
		<truncated>0</truncated>
		<difficult>0</difficult>
		<robndbox>
			<cx>697.5</cx>
			<cy>332.5</cy>
			<w>37.0</w>
			<h>37.0</h>
			<angle>0.0</angle>
		</robndbox>
		<extra/>
	</object>
	<object>
		<name>0</name>
		<pose>Unspecified</pose>
		<truncated>0</truncated>
		<difficult>0</difficult>
		<robndbox>
			<cx>861.5</cx>
			<cy>359.5</cy>
			<w>37.0</w>
			<h>37.0</h>
			<angle>0.0</angle>
		</robndbox>
		<extra/>
	</object>
	<object>
		<name>5</name>
		<pose>Unspecified</pose>
		<truncated>0</truncated>
		<difficult>0</difficult>
		<robndbox>
			<cx>824.5</cx>
			<cy>359.5</cy>
			<w>37.0</w>
			<h>37.0</h>
			<angle>0.0</angle>
		</robndbox>
		<extra/>
	</object>
	<object>
		<name>needle</name>
		<pose>Unspecified</pose>
		<truncated>0</truncated>
		<difficult>0</difficult>
		<robndbox>
			<cx>352.7811</cx>
			<cy>482.7471</cy>
			<w>12.8131</w>
			<h>270.57</h>
			<angle>5.519177</angle>
		</robndbox>
		<extra/>
	</object>
</annotation>
