<annotation>
	<folder>images</folder>
	<filename>7f7ca393-bc45-4178-95c3-4187de64df35.jpg</filename>
	<path>C:\Users\yaman\Documents\images\7f7ca393-bc45-4178-95c3-4187de64df35.jpg</path>
	<source>
		<database>Unknown</database>
	</source>
	<size>
		<width>518</width>
		<height>518</height>
		<depth>3</depth>
	</size>
	<segmented>0</segmented>
	<object>
		<name>scale</name>
		<pose>Unspecified</pose>
		<truncated>0</truncated>
		<difficult>0</difficult>
		<robndbox>
			<cx>151.5407</cx>
			<cy>313.6796</cy>
			<w>13.1166</w>
			<h>15.1325</h>
			<angle>0.126329</angle>
		</robndbox>
		<extra/>
	</object>
	<object>
		<name>scale</name>
		<pose>Unspecified</pose>
		<truncated>0</truncated>
		<difficult>0</difficult>
		<robndbox>
			<cx>350.0099</cx>
			<cy>143.6797</cy>
			<w>12.8355</w>
			<h>15.8641</h>
			<angle>1.583024</angle>
		</robndbox>
		<extra/>
	</object>
	<object>
		<name>scale</name>
		<pose>Unspecified</pose>
		<truncated>0</truncated>
		<difficult>0</difficult>
		<robndbox>
			<cx>153.4123</cx>
			<cy>302.1897</cy>
			<w>13.1166</w>
			<h>15.1325</h>
			<angle>0.187025</angle>
		</robndbox>
		<extra/>
	</object>
	<object>
		<name>scale</name>
		<pose>Unspecified</pose>
		<truncated>0</truncated>
		<difficult>0</difficult>
		<robndbox>
			<cx>155.9988</cx>
			<cy>292.4786</cy>
			<w>13.1166</w>
			<h>15.1325</h>
			<angle>0.24772</angle>
		</robndbox>
		<extra/>
	</object>
	<object>
		<name>scale</name>
		<pose>Unspecified</pose>
		<truncated>0</truncated>
		<difficult>0</difficult>
		<robndbox>
			<cx>159.291</cx>
			<cy>280.9461</cy>
			<w>13.1166</w>
			<h>15.1325</h>
			<angle>0.308416</angle>
		</robndbox>
		<extra/>
	</object>
	<object>
		<name>scale</name>
		<pose>Unspecified</pose>
		<truncated>0</truncated>
		<difficult>0</difficult>
		<robndbox>
			<cx>163.2766</cx>
			<cy>270.6344</cy>
			<w>13.1166</w>
			<h>15.1325</h>
			<angle>0.369111</angle>
		</robndbox>
		<extra/>
	</object>
	<object>
		<name>scale</name>
		<pose>Unspecified</pose>
		<truncated>0</truncated>
		<difficult>0</difficult>
		<robndbox>
			<cx>167.941</cx>
			<cy>260.5854</cy>
			<w>13.1166</w>
			<h>15.1325</h>
			<angle>0.429807</angle>
		</robndbox>
		<extra/>
	</object>
	<object>
		<name>scale</name>
		<pose>Unspecified</pose>
		<truncated>0</truncated>
		<difficult>0</difficult>
		<robndbox>
			<cx>173.2671</cx>
			<cy>249.8396</cy>
			<w>13.1166</w>
			<h>15.1325</h>
			<angle>0.490503</angle>
		</robndbox>
		<extra/>
	</object>
	<object>
		<name>scale</name>
		<pose>Unspecified</pose>
		<truncated>0</truncated>
		<difficult>0</difficult>
		<robndbox>
			<cx>179.2351</cx>
			<cy>239.4367</cy>
			<w>13.1166</w>
			<h>15.1325</h>
			<angle>0.551198</angle>
		</robndbox>
		<extra/>
	</object>
	<object>
		<name>scale</name>
		<pose>Unspecified</pose>
		<truncated>0</truncated>
		<difficult>0</difficult>
		<robndbox>
			<cx>185.8232</cx>
			<cy>229.415</cy>
			<w>13.1166</w>
			<h>15.1325</h>
			<angle>0.611894</angle>
		</robndbox>
		<extra/>
	</object>
	<object>
		<name>scale</name>
		<pose>Unspecified</pose>
		<truncated>0</truncated>
		<difficult>0</difficult>
		<robndbox>
			<cx>193.0071</cx>
			<cy>219.8113</cy>
			<w>13.1166</w>
			<h>15.1325</h>
			<angle>0.67259</angle>
		</robndbox>
		<extra/>
	</object>
	<object>
		<name>scale</name>
		<pose>Unspecified</pose>
		<truncated>0</truncated>
		<difficult>0</difficult>
		<robndbox>
			<cx>200.7603</cx>
			<cy>210.6611</cy>
			<w>13.1166</w>
			<h>15.1325</h>
			<angle>0.733285</angle>
		</robndbox>
		<extra/>
	</object>
	<object>
		<name>scale</name>
		<pose>Unspecified</pose>
		<truncated>0</truncated>
		<difficult>0</difficult>
		<robndbox>
			<cx>209.0542</cx>
			<cy>201.998</cy>
			<w>13.1166</w>
			<h>15.1325</h>
			<angle>0.793981</angle>
		</robndbox>
		<extra/>
	</object>
	<object>
		<name>scale</name>
		<pose>Unspecified</pose>
		<truncated>0</truncated>
		<difficult>0</difficult>
		<robndbox>
			<cx>217.8584</cx>
			<cy>194.854</cy>
			<w>13.1166</w>
			<h>15.1325</h>
			<angle>0.854676</angle>
		</robndbox>
		<extra/>
	</object>
	<object>
		<name>scale</name>
		<pose>Unspecified</pose>
		<truncated>0</truncated>
		<difficult>0</difficult>
		<robndbox>
			<cx>227.1403</cx>
			<cy>187.259</cy>
			<w>13.1166</w>
			<h>15.1325</h>
			<angle>0.915372</angle>
		</robndbox>
		<extra/>
	</object>
	<object>
		<name>scale</name>
		<pose>Unspecified</pose>
		<truncated>0</truncated>
		<difficult>0</difficult>
		<robndbox>
			<cx>236.8659</cx>
			<cy>180.241</cy>
			<w>13.1166</w>
			<h>15.1325</h>
			<angle>0.976068</angle>
		</robndbox>
		<extra/>
	</object>
	<object>
		<name>scale</name>
		<pose>Unspecified</pose>
		<truncated>0</truncated>
		<difficult>0</difficult>
		<robndbox>
			<cx>246.9992</cx>
			<cy>173.8259</cy>
			<w>13.1166</w>
			<h>15.1325</h>
			<angle>1.036763</angle>
		</robndbox>
		<extra/>
	</object>
	<object>
		<name>scale</name>
		<pose>Unspecified</pose>
		<truncated>0</truncated>
		<difficult>0</difficult>
		<robndbox>
			<cx>257.5031</cx>
			<cy>168.0373</cy>
			<w>13.1166</w>
			<h>15.1325</h>
			<angle>1.097459</angle>
		</robndbox>
		<extra/>
	</object>
	<object>
		<name>scale</name>
		<pose>Unspecified</pose>
		<truncated>0</truncated>
		<difficult>0</difficult>
		<robndbox>
			<cx>268.3387</cx>
			<cy>162.8965</cy>
			<w>13.1166</w>
			<h>15.1325</h>
			<angle>1.158155</angle>
		</robndbox>
		<extra/>
	</object>
	<object>
		<name>scale</name>
		<pose>Unspecified</pose>
		<truncated>0</truncated>
		<difficult>0</difficult>
		<robndbox>
			<cx>279.4661</cx>
			<cy>157.4224</cy>
			<w>13.1166</w>
			<h>15.1325</h>
			<angle>1.21885</angle>
		</robndbox>
		<extra/>
	</object>
	<object>
		<name>scale</name>
		<pose>Unspecified</pose>
		<truncated>0</truncated>
		<difficult>0</difficult>
		<robndbox>
			<cx>290.8445</cx>
			<cy>152.6315</cy>
			<w>13.1166</w>
			<h>15.1325</h>
			<angle>1.279546</angle>
		</robndbox>
		<extra/>
	</object>
	<object>
		<name>scale</name>
		<pose>Unspecified</pose>
		<truncated>0</truncated>
		<difficult>0</difficult>
		<robndbox>
			<cx>302.4319</cx>
			<cy>149.5378</cy>
			<w>13.1166</w>
			<h>15.1325</h>
			<angle>1.340241</angle>
		</robndbox>
		<extra/>
	</object>
	<object>
		<name>scale</name>
		<pose>Unspecified</pose>
		<truncated>0</truncated>
		<difficult>0</difficult>
		<robndbox>
			<cx>314.1856</cx>
			<cy>147.1527</cy>
			<w>13.1166</w>
			<h>15.1325</h>
			<angle>1.400937</angle>
		</robndbox>
		<extra/>
	</object>
	<object>
		<name>scale</name>
		<pose>Unspecified</pose>
		<truncated>0</truncated>
		<difficult>0</difficult>
		<robndbox>
			<cx>326.0624</cx>
			<cy>145.4849</cy>
			<w>13.1166</w>
			<h>15.1325</h>
			<angle>1.461633</angle>
		</robndbox>
		<extra/>
	</object>
	<object>
		<name>scale</name>
		<pose>Unspecified</pose>
		<truncated>0</truncated>
		<difficult>0</difficult>
		<robndbox>
			<cx>338.0184</cx>
			<cy>144.5406</cy>
			<w>13.1166</w>
			<h>15.1325</h>
			<angle>1.522328</angle>
		</robndbox>
		<extra/>
	</object>
	<object>
		<name>0</name>
		<pose>Unspecified</pose>
		<truncated>0</truncated>
		<difficult>0</difficult>
		<robndbox>
			<cx>270.5</cx>
			<cy>209.0</cy>
			<w>11.0</w>
			<h>22.0</h>
			<angle>0.0</angle>
		</robndbox>
		<extra/>
	</object>
	<object>
		<name>0</name>
		<pose>Unspecified</pose>
		<truncated>0</truncated>
		<difficult>0</difficult>
		<robndbox>
			<cx>260.5</cx>
			<cy>209.0</cy>
			<w>11.0</w>
			<h>22.0</h>
			<angle>0.0</angle>
		</robndbox>
		<extra/>
	</object>
	<object>
		<name>0</name>
		<pose>Unspecified</pose>
		<truncated>0</truncated>
		<difficult>0</difficult>
		<robndbox>
			<cx>366.5</cx>
			<cy>180.0</cy>
			<w>11.0</w>
			<h>22.0</h>
			<angle>0.0</angle>
		</robndbox>
		<extra/>
	</object>
	<object>
		<name>0</name>
		<pose>Unspecified</pose>
		<truncated>0</truncated>
		<difficult>0</difficult>
		<robndbox>
			<cx>355.5</cx>
			<cy>180.0</cy>
			<w>11.0</w>
			<h>22.0</h>
			<angle>0.0</angle>
		</robndbox>
		<extra/>
	</object>
	<object>
		<name>0</name>
		<pose>Unspecified</pose>
		<truncated>0</truncated>
		<difficult>0</difficult>
		<robndbox>
			<cx>215.5</cx>
			<cy>282.0</cy>
			<w>11.0</w>
			<h>22.0</h>
			<angle>0.0</angle>
		</robndbox>
		<extra/>
	</object>
	<object>
		<name>0</name>
		<pose>Unspecified</pose>
		<truncated>0</truncated>
		<difficult>0</difficult>
		<robndbox>
			<cx>205.5</cx>
			<cy>282.0</cy>
			<w>11.0</w>
			<h>22.0</h>
			<angle>0.0</angle>
		</robndbox>
		<extra/>
	</object>
	<object>
		<name>0</name>
		<pose>Unspecified</pose>
		<truncated>0</truncated>
		<difficult>0</difficult>
		<robndbox>
			<cx>180.5</cx>
			<cy>345.0</cy>
			<w>11.0</w>
			<h>22.0</h>
			<angle>0.0</angle>
		</robndbox>
		<extra/>
	</object>
	<object>
		<name>2</name>
		<pose>Unspecified</pose>
		<truncated>0</truncated>
		<difficult>0</difficult>
		<robndbox>
			<cx>195.5</cx>
			<cy>282.0</cy>
			<w>11.0</w>
			<h>22.0</h>
			<angle>0.0</angle>
		</robndbox>
		<extra/>
	</object>
	<object>
		<name>4</name>
		<pose>Unspecified</pose>
		<truncated>0</truncated>
		<difficult>0</difficult>
		<robndbox>
			<cx>250.5</cx>
			<cy>209.0</cy>
			<w>11.0</w>
			<h>22.0</h>
			<angle>0.0</angle>
		</robndbox>
		<extra/>
	</object>
	<object>
		<name>6</name>
		<pose>Unspecified</pose>
		<truncated>0</truncated>
		<difficult>0</difficult>
		<robndbox>
			<cx>345.5</cx>
			<cy>180.0</cy>
			<w>11.0</w>
			<h>22.0</h>
			<angle>0.0</angle>
		</robndbox>
		<extra/>
	</object>
	<object>
		<name>A</name>
		<pose>Unspecified</pose>
		<truncated>0</truncated>
		<difficult>0</difficult>
		<robndbox>
			<cx>185.5</cx>
			<cy>166.5</cy>
			<w>25.0</w>
			<h>33.0</h>
			<angle>0.0</angle>
		</robndbox>
		<extra/>
	</object>
	<object>
		<name>scale</name>
		<pose>Unspecified</pose>
		<truncated>0</truncated>
		<difficult>0</difficult>
		<robndbox>
			<cx>149.8325</cx>
			<cy>331.591</cy>
			<w>12.6373</w>
			<h>29.9476</h>
			<angle>0.07574</angle>
		</robndbox>
		<extra/>
	</object>
	<object>
		<name>needle</name>
		<pose>Unspecified</pose>
		<truncated>0</truncated>
		<difficult>0</difficult>
		<robndbox>
			<cx>228.929</cx>
			<cy>346.1865</cy>
			<w>12.9983</w>
			<h>163.9549</h>
			<angle>4.753619</angle>
		</robndbox>
		<extra/>
	</object>
</annotation>
