<annotation>
	<folder>images</folder>
	<filename>8afa3898-1f6a-4a90-aef9-55b303259640.jpg</filename>
	<path>C:\Users\yaman\Documents\images\8afa3898-1f6a-4a90-aef9-55b303259640.jpg</path>
	<source>
		<database>Unknown</database>
	</source>
	<size>
		<width>1500</width>
		<height>1500</height>
		<depth>3</depth>
	</size>
	<segmented>0</segmented>
	<object>
		<name>scale</name>
		<pose>Unspecified</pose>
		<truncated>0</truncated>
		<difficult>0</difficult>
		<robndbox>
			<cx>360.0172</cx>
			<cy>911.1843</cy>
			<w>38.9636</w>
			<h>48.7594</h>
			<angle>5.88611</angle>
		</robndbox>
		<extra/>
	</object>
	<object>
		<name>scale</name>
		<pose>Unspecified</pose>
		<truncated>0</truncated>
		<difficult>0</difficult>
		<robndbox>
			<cx>1078.5653</cx>
			<cy>1002.9947</cy>
			<w>38.4299</w>
			<h>56.1996</h>
			<angle>3.787368</angle>
		</robndbox>
		<extra/>
	</object>
	<object>
		<name>scale</name>
		<pose>Unspecified</pose>
		<truncated>0</truncated>
		<difficult>0</difficult>
		<robndbox>
			<cx>346.3291</cx>
			<cy>874.3998</cy>
			<w>38.9636</w>
			<h>48.7594</h>
			<angle>5.980127</angle>
		</robndbox>
		<extra/>
	</object>
	<object>
		<name>scale</name>
		<pose>Unspecified</pose>
		<truncated>0</truncated>
		<difficult>0</difficult>
		<robndbox>
			<cx>336.2577</cx>
			<cy>835.8422</cy>
			<w>38.9636</w>
			<h>48.7594</h>
			<angle>6.075254</angle>
		</robndbox>
		<extra/>
	</object>
	<object>
		<name>scale</name>
		<pose>Unspecified</pose>
		<truncated>0</truncated>
		<difficult>0</difficult>
		<robndbox>
			<cx>329.8942</cx>
			<cy>796.5023</cy>
			<w>38.9636</w>
			<h>48.7594</h>
			<angle>6.17038</angle>
		</robndbox>
		<extra/>
	</object>
	<object>
		<name>scale</name>
		<pose>Unspecified</pose>
		<truncated>0</truncated>
		<difficult>0</difficult>
		<robndbox>
			<cx>328.6241</cx>
			<cy>754.2281</cy>
			<w>39.7083</w>
			<h>53.7626</h>
			<angle>0.067786</angle>
		</robndbox>
		<extra/>
	</object>
	<object>
		<name>scale</name>
		<pose>Unspecified</pose>
		<truncated>0</truncated>
		<difficult>0</difficult>
		<robndbox>
			<cx>331.9748</cx>
			<cy>721.5442</cy>
			<w>38.1968</w>
			<h>52.1125</h>
			<angle>0.118037</angle>
		</robndbox>
		<extra/>
	</object>
	<object>
		<name>scale</name>
		<pose>Unspecified</pose>
		<truncated>0</truncated>
		<difficult>0</difficult>
		<robndbox>
			<cx>338.0384</cx>
			<cy>681.0171</cy>
			<w>38.3665</w>
			<h>47.3255</h>
			<angle>0.172573</angle>
		</robndbox>
		<extra/>
	</object>
	<object>
		<name>scale</name>
		<pose>Unspecified</pose>
		<truncated>0</truncated>
		<difficult>0</difficult>
		<robndbox>
			<cx>347.9093</cx>
			<cy>641.404</cy>
			<w>38.4482</w>
			<h>48.7587</h>
			<angle>0.267699</angle>
		</robndbox>
		<extra/>
	</object>
	<object>
		<name>scale</name>
		<pose>Unspecified</pose>
		<truncated>0</truncated>
		<difficult>0</difficult>
		<robndbox>
			<cx>360.5142</cx>
			<cy>605.5853</cy>
			<w>38.9636</w>
			<h>48.7594</h>
			<angle>0.362826</angle>
		</robndbox>
		<extra/>
	</object>
	<object>
		<name>scale</name>
		<pose>Unspecified</pose>
		<truncated>0</truncated>
		<difficult>0</difficult>
		<robndbox>
			<cx>376.4135</cx>
			<cy>568.0431</cy>
			<w>38.9636</w>
			<h>48.7594</h>
			<angle>0.457952</angle>
		</robndbox>
		<extra/>
	</object>
	<object>
		<name>scale</name>
		<pose>Unspecified</pose>
		<truncated>0</truncated>
		<difficult>0</difficult>
		<robndbox>
			<cx>395.7118</cx>
			<cy>535.1762</cy>
			<w>38.9636</w>
			<h>48.7594</h>
			<angle>0.553078</angle>
		</robndbox>
		<extra/>
	</object>
	<object>
		<name>scale</name>
		<pose>Unspecified</pose>
		<truncated>0</truncated>
		<difficult>0</difficult>
		<robndbox>
			<cx>417.2346</cx>
			<cy>502.2999</cy>
			<w>38.9636</w>
			<h>48.7594</h>
			<angle>0.648204</angle>
		</robndbox>
		<extra/>
	</object>
	<object>
		<name>scale</name>
		<pose>Unspecified</pose>
		<truncated>0</truncated>
		<difficult>0</difficult>
		<robndbox>
			<cx>442.7782</cx>
			<cy>471.7116</cy>
			<w>38.9636</w>
			<h>48.7594</h>
			<angle>0.74333</angle>
		</robndbox>
		<extra/>
	</object>
	<object>
		<name>scale</name>
		<pose>Unspecified</pose>
		<truncated>0</truncated>
		<difficult>0</difficult>
		<robndbox>
			<cx>471.1117</cx>
			<cy>444.6878</cy>
			<w>38.9636</w>
			<h>48.7594</h>
			<angle>0.838456</angle>
		</robndbox>
		<extra/>
	</object>
	<object>
		<name>scale</name>
		<pose>Unspecified</pose>
		<truncated>0</truncated>
		<difficult>0</difficult>
		<robndbox>
			<cx>505.3964</cx>
			<cy>416.6641</cy>
			<w>38.918</w>
			<h>54.8085</h>
			<angle>0.933583</angle>
		</robndbox>
		<extra/>
	</object>
	<object>
		<name>scale</name>
		<pose>Unspecified</pose>
		<truncated>0</truncated>
		<difficult>0</difficult>
		<robndbox>
			<cx>531.467</cx>
			<cy>398.5274</cy>
			<w>38.3117</w>
			<h>54.5157</h>
			<angle>1.028709</angle>
		</robndbox>
		<extra/>
	</object>
	<object>
		<name>scale</name>
		<pose>Unspecified</pose>
		<truncated>0</truncated>
		<difficult>0</difficult>
		<robndbox>
			<cx>568.3709</cx>
			<cy>378.6511</cy>
			<w>38.6304</w>
			<h>45.9531</h>
			<angle>1.123835</angle>
		</robndbox>
		<extra/>
	</object>
	<object>
		<name>scale</name>
		<pose>Unspecified</pose>
		<truncated>0</truncated>
		<difficult>0</difficult>
		<robndbox>
			<cx>604.0324</cx>
			<cy>364.1105</cy>
			<w>40.1237</w>
			<h>46.7565</h>
			<angle>1.218961</angle>
		</robndbox>
		<extra/>
	</object>
	<object>
		<name>scale</name>
		<pose>Unspecified</pose>
		<truncated>0</truncated>
		<difficult>0</difficult>
		<robndbox>
			<cx>642.2737</cx>
			<cy>351.9692</cy>
			<w>39.6496</w>
			<h>46.126</h>
			<angle>1.314087</angle>
		</robndbox>
		<extra/>
	</object>
	<object>
		<name>scale</name>
		<pose>Unspecified</pose>
		<truncated>0</truncated>
		<difficult>0</difficult>
		<robndbox>
			<cx>680.4119</cx>
			<cy>344.7737</cy>
			<w>39.2798</w>
			<h>47.7654</h>
			<angle>1.409214</angle>
		</robndbox>
		<extra/>
	</object>
	<object>
		<name>scale</name>
		<pose>Unspecified</pose>
		<truncated>0</truncated>
		<difficult>0</difficult>
		<robndbox>
			<cx>718.2603</cx>
			<cy>340.0529</cy>
			<w>38.8452</w>
			<h>47.2044</h>
			<angle>1.50434</angle>
		</robndbox>
		<extra/>
	</object>
	<object>
		<name>scale</name>
		<pose>Unspecified</pose>
		<truncated>0</truncated>
		<difficult>0</difficult>
		<robndbox>
			<cx>758.1304</cx>
			<cy>337.8179</cy>
			<w>39.7319</w>
			<h>47.1412</h>
			<angle>1.599466</angle>
		</robndbox>
		<extra/>
	</object>
	<object>
		<name>scale</name>
		<pose>Unspecified</pose>
		<truncated>0</truncated>
		<difficult>0</difficult>
		<robndbox>
			<cx>796.8334</cx>
			<cy>340.5617</cy>
			<w>38.7578</w>
			<h>45.2272</h>
			<angle>1.694592</angle>
		</robndbox>
		<extra/>
	</object>
	<object>
		<name>scale</name>
		<pose>Unspecified</pose>
		<truncated>0</truncated>
		<difficult>0</difficult>
		<robndbox>
			<cx>835.1823</cx>
			<cy>346.7596</cy>
			<w>39.6078</w>
			<h>46.8816</h>
			<angle>1.789718</angle>
		</robndbox>
		<extra/>
	</object>
	<object>
		<name>scale</name>
		<pose>Unspecified</pose>
		<truncated>0</truncated>
		<difficult>0</difficult>
		<robndbox>
			<cx>877.3056</cx>
			<cy>358.3378</cy>
			<w>38.5486</w>
			<h>53.9349</h>
			<angle>1.884845</angle>
		</robndbox>
		<extra/>
	</object>
	<object>
		<name>scale</name>
		<pose>Unspecified</pose>
		<truncated>0</truncated>
		<difficult>0</difficult>
		<robndbox>
			<cx>906.5862</cx>
			<cy>369.8302</cy>
			<w>39.0848</w>
			<h>54.0873</h>
			<angle>1.979971</angle>
		</robndbox>
		<extra/>
	</object>
	<object>
		<name>scale</name>
		<pose>Unspecified</pose>
		<truncated>0</truncated>
		<difficult>0</difficult>
		<robndbox>
			<cx>944.9447</cx>
			<cy>388.7865</cy>
			<w>38.7188</w>
			<h>46.6233</h>
			<angle>2.075097</angle>
		</robndbox>
		<extra/>
	</object>
	<object>
		<name>scale</name>
		<pose>Unspecified</pose>
		<truncated>0</truncated>
		<difficult>0</difficult>
		<robndbox>
			<cx>977.8088</cx>
			<cy>409.7316</cy>
			<w>39.0891</w>
			<h>46.5509</h>
			<angle>2.170223</angle>
		</robndbox>
		<extra/>
	</object>
	<object>
		<name>scale</name>
		<pose>Unspecified</pose>
		<truncated>0</truncated>
		<difficult>0</difficult>
		<robndbox>
			<cx>1009.1453</cx>
			<cy>432.376</cy>
			<w>38.0282</w>
			<h>46.918</h>
			<angle>2.265349</angle>
		</robndbox>
		<extra/>
	</object>
	<object>
		<name>scale</name>
		<pose>Unspecified</pose>
		<truncated>0</truncated>
		<difficult>0</difficult>
		<robndbox>
			<cx>1037.7974</cx>
			<cy>459.1144</cy>
			<w>37.5348</w>
			<h>46.955</h>
			<angle>2.360475</angle>
		</robndbox>
		<extra/>
	</object>
	<object>
		<name>scale</name>
		<pose>Unspecified</pose>
		<truncated>0</truncated>
		<difficult>0</difficult>
		<robndbox>
			<cx>1061.619</cx>
			<cy>487.8271</cy>
			<w>38.9028</w>
			<h>48.7253</h>
			<angle>2.455602</angle>
		</robndbox>
		<extra/>
	</object>
	<object>
		<name>scale</name>
		<pose>Unspecified</pose>
		<truncated>0</truncated>
		<difficult>0</difficult>
		<robndbox>
			<cx>1087.355</cx>
			<cy>518.8615</cy>
			<w>38.9636</w>
			<h>48.7594</h>
			<angle>2.520421</angle>
		</robndbox>
		<extra/>
	</object>
	<object>
		<name>scale</name>
		<pose>Unspecified</pose>
		<truncated>0</truncated>
		<difficult>0</difficult>
		<robndbox>
			<cx>1107.9567</cx>
			<cy>552.9744</cy>
			<w>38.9636</w>
			<h>48.7594</h>
			<angle>2.645854</angle>
		</robndbox>
		<extra/>
	</object>
	<object>
		<name>scale</name>
		<pose>Unspecified</pose>
		<truncated>0</truncated>
		<difficult>0</difficult>
		<robndbox>
			<cx>1125.2252</cx>
			<cy>588.8899</cy>
			<w>38.9636</w>
			<h>48.7594</h>
			<angle>2.74098</angle>
		</robndbox>
		<extra/>
	</object>
	<object>
		<name>scale</name>
		<pose>Unspecified</pose>
		<truncated>0</truncated>
		<difficult>0</difficult>
		<robndbox>
			<cx>1139.1258</cx>
			<cy>628.0865</cy>
			<w>37.9089</w>
			<h>52.8736</h>
			<angle>2.836106</angle>
		</robndbox>
		<extra/>
	</object>
	<object>
		<name>scale</name>
		<pose>Unspecified</pose>
		<truncated>0</truncated>
		<difficult>0</difficult>
		<robndbox>
			<cx>1147.5654</cx>
			<cy>658.953</cy>
			<w>39.081</w>
			<h>53.1041</h>
			<angle>2.931233</angle>
		</robndbox>
		<extra/>
	</object>
	<object>
		<name>scale</name>
		<pose>Unspecified</pose>
		<truncated>0</truncated>
		<difficult>0</difficult>
		<robndbox>
			<cx>1155.6282</cx>
			<cy>701.1407</cy>
			<w>38.9636</w>
			<h>48.7594</h>
			<angle>3.026359</angle>
		</robndbox>
		<extra/>
	</object>
	<object>
		<name>scale</name>
		<pose>Unspecified</pose>
		<truncated>0</truncated>
		<difficult>0</difficult>
		<robndbox>
			<cx>1159.1553</cx>
			<cy>741.0671</cy>
			<w>39.2652</w>
			<h>47.0858</h>
			<angle>3.121485</angle>
		</robndbox>
		<extra/>
	</object>
	<object>
		<name>scale</name>
		<pose>Unspecified</pose>
		<truncated>0</truncated>
		<difficult>0</difficult>
		<robndbox>
			<cx>1157.7416</cx>
			<cy>780.943</cy>
			<w>40.0545</w>
			<h>47.249</h>
			<angle>3.216611</angle>
		</robndbox>
		<extra/>
	</object>
	<object>
		<name>scale</name>
		<pose>Unspecified</pose>
		<truncated>0</truncated>
		<difficult>0</difficult>
		<robndbox>
			<cx>1153.3561</cx>
			<cy>819.2892</cy>
			<w>38.9636</w>
			<h>48.7594</h>
			<angle>3.353884</angle>
		</robndbox>
		<extra/>
	</object>
	<object>
		<name>scale</name>
		<pose>Unspecified</pose>
		<truncated>0</truncated>
		<difficult>0</difficult>
		<robndbox>
			<cx>1145.7485</cx>
			<cy>856.1998</cy>
			<w>38.9636</w>
			<h>48.7594</h>
			<angle>3.368541</angle>
		</robndbox>
		<extra/>
	</object>
	<object>
		<name>scale</name>
		<pose>Unspecified</pose>
		<truncated>0</truncated>
		<difficult>0</difficult>
		<robndbox>
			<cx>1135.484</cx>
			<cy>895.1169</cy>
			<w>38.9636</w>
			<h>48.7594</h>
			<angle>3.447318</angle>
		</robndbox>
		<extra/>
	</object>
	<object>
		<name>scale</name>
		<pose>Unspecified</pose>
		<truncated>0</truncated>
		<difficult>0</difficult>
		<robndbox>
			<cx>1120.6735</cx>
			<cy>931.6976</cy>
			<w>38.9636</w>
			<h>48.7594</h>
			<angle>3.544728</angle>
		</robndbox>
		<extra/>
	</object>
	<object>
		<name>scale</name>
		<pose>Unspecified</pose>
		<truncated>0</truncated>
		<difficult>0</difficult>
		<robndbox>
			<cx>1103.46</cx>
			<cy>967.6113</cy>
			<w>38.9636</w>
			<h>48.7594</h>
			<angle>3.692242</angle>
		</robndbox>
		<extra/>
	</object>
	<object>
		<name>scale</name>
		<pose>Unspecified</pose>
		<truncated>0</truncated>
		<difficult>0</difficult>
		<robndbox>
			<cx>396.8492</cx>
			<cy>972.163</cy>
			<w>39.4205</w>
			<h>117.2743</h>
			<angle>5.715398</angle>
		</robndbox>
		<extra/>
	</object>
	<object>
		<name>0</name>
		<pose>Unspecified</pose>
		<truncated>0</truncated>
		<difficult>0</difficult>
		<robndbox>
			<cx>499.6667</cx>
			<cy>747.0</cy>
			<w>67.0</w>
			<h>98.0</h>
			<angle>0.0</angle>
		</robndbox>
		<extra/>
	</object>
	<object>
		<name>0</name>
		<pose>Unspecified</pose>
		<truncated>0</truncated>
		<difficult>0</difficult>
		<robndbox>
			<cx>605.1667</cx>
			<cy>517.0</cy>
			<w>68.0</w>
			<h>102.0</h>
			<angle>0.0</angle>
		</robndbox>
		<extra/>
	</object>
	<object>
		<name>0</name>
		<pose>Unspecified</pose>
		<truncated>0</truncated>
		<difficult>0</difficult>
		<robndbox>
			<cx>888.1667</cx>
			<cy>476.0</cy>
			<w>68.0</w>
			<h>102.0</h>
			<angle>0.0</angle>
		</robndbox>
		<extra/>
	</object>
	<object>
		<name>0</name>
		<pose>Unspecified</pose>
		<truncated>0</truncated>
		<difficult>0</difficult>
		<robndbox>
			<cx>1042.1667</cx>
			<cy>681.0</cy>
			<w>68.0</w>
			<h>102.0</h>
			<angle>0.0</angle>
		</robndbox>
		<extra/>
	</object>
	<object>
		<name>0</name>
		<pose>Unspecified</pose>
		<truncated>0</truncated>
		<difficult>0</difficult>
		<robndbox>
			<cx>1007.6667</cx>
			<cy>939.5</cy>
			<w>41.0</w>
			<h>61.0</h>
			<angle>0.0</angle>
		</robndbox>
		<extra/>
	</object>
	<object>
		<name>0</name>
		<pose>Unspecified</pose>
		<truncated>0</truncated>
		<difficult>0</difficult>
		<robndbox>
			<cx>966.6667</cx>
			<cy>939.5</cy>
			<w>41.0</w>
			<h>61.0</h>
			<angle>0.0</angle>
		</robndbox>
		<extra/>
	</object>
	<object>
		<name>0</name>
		<pose>Unspecified</pose>
		<truncated>0</truncated>
		<difficult>0</difficult>
		<robndbox>
			<cx>453.5</cx>
			<cy>896.5</cy>
			<w>27.0</w>
			<h>41.0</h>
			<angle>0.0</angle>
		</robndbox>
		<extra/>
	</object>
	<object>
		<name>2</name>
		<pose>Unspecified</pose>
		<truncated>0</truncated>
		<difficult>0</difficult>
		<robndbox>
			<cx>436.6667</cx>
			<cy>747.0</cy>
			<w>67.0</w>
			<h>98.0</h>
			<angle>0.0</angle>
		</robndbox>
		<extra/>
	</object>
	<object>
		<name>4</name>
		<pose>Unspecified</pose>
		<truncated>0</truncated>
		<difficult>0</difficult>
		<robndbox>
			<cx>543.1667</cx>
			<cy>516.0</cy>
			<w>68.0</w>
			<h>102.0</h>
			<angle>0.0</angle>
		</robndbox>
		<extra/>
	</object>
	<object>
		<name>6</name>
		<pose>Unspecified</pose>
		<truncated>0</truncated>
		<difficult>0</difficult>
		<robndbox>
			<cx>825.1667</cx>
			<cy>475.0</cy>
			<w>68.0</w>
			<h>102.0</h>
			<angle>0.0</angle>
		</robndbox>
		<extra/>
	</object>
	<object>
		<name>8</name>
		<pose>Unspecified</pose>
		<truncated>0</truncated>
		<difficult>0</difficult>
		<robndbox>
			<cx>980.1667</cx>
			<cy>681.0</cy>
			<w>68.0</w>
			<h>102.0</h>
			<angle>0.0</angle>
		</robndbox>
		<extra/>
	</object>
	<object>
		<name>1</name>
		<pose>Unspecified</pose>
		<truncated>0</truncated>
		<difficult>0</difficult>
		<robndbox>
			<cx>930.5833</cx>
			<cy>938.5</cy>
			<w>33.1667</w>
			<h>61.0</h>
			<angle>0.0</angle>
		</robndbox>
		<extra/>
	</object>
	<object>
		<name>1</name>
		<pose>Unspecified</pose>
		<truncated>0</truncated>
		<difficult>0</difficult>
		<robndbox>
			<cx>430.0</cx>
			<cy>897.0</cy>
			<w>20.0</w>
			<h>42.0</h>
			<angle>0.0</angle>
		</robndbox>
		<extra/>
	</object>
	<object>
		<name>needle</name>
		<pose>Unspecified</pose>
		<truncated>0</truncated>
		<difficult>0</difficult>
		<robndbox>
			<cx>668.7311</cx>
			<cy>815.7657</cy>
			<w>75.6962</w>
			<h>624.3881</h>
			<angle>4.092192</angle>
		</robndbox>
		<extra/>
	</object>
</annotation>
