<annotation>
	<folder>images</folder>
	<filename>8be13cd4-5cd1-4b12-bb44-72ee79318896.jpg</filename>
	<path>C:\Users\yaman\Documents\images\8be13cd4-5cd1-4b12-bb44-72ee79318896.jpg</path>
	<source>
		<database>Unknown</database>
	</source>
	<size>
		<width>680</width>
		<height>600</height>
		<depth>3</depth>
	</size>
	<segmented>0</segmented>
	<object>
		<name>scale</name>
		<pose>Unspecified</pose>
		<truncated>0</truncated>
		<difficult>0</difficult>
		<robndbox>
			<cx>195.858</cx>
			<cy>159.2796</cy>
			<w>14.9971</w>
			<h>16.0783</h>
			<angle>0.743038</angle>
		</robndbox>
		<extra/>
	</object>
	<object>
		<name>scale</name>
		<pose>Unspecified</pose>
		<truncated>0</truncated>
		<difficult>0</difficult>
		<robndbox>
			<cx>521.6106</cx>
			<cy>397.3609</cy>
			<w>16.2018</w>
			<h>39.6168</h>
			<angle>3.570888</angle>
		</robndbox>
		<extra/>
	</object>
	<object>
		<name>scale</name>
		<pose>Unspecified</pose>
		<truncated>0</truncated>
		<difficult>0</difficult>
		<robndbox>
			<cx>236.2978</cx>
			<cy>127.3909</cy>
			<w>15.6405</w>
			<h>34.1669</h>
			<angle>1.019235</angle>
		</robndbox>
		<extra/>
	</object>
	<object>
		<name>scale</name>
		<pose>Unspecified</pose>
		<truncated>0</truncated>
		<difficult>0</difficult>
		<robndbox>
			<cx>263.9524</cx>
			<cy>113.6321</cy>
			<w>15.6405</w>
			<h>34.1669</h>
			<angle>1.169332</angle>
		</robndbox>
		<extra/>
	</object>
	<object>
		<name>scale</name>
		<pose>Unspecified</pose>
		<truncated>0</truncated>
		<difficult>0</difficult>
		<robndbox>
			<cx>294.8816</cx>
			<cy>103.9187</cy>
			<w>15.0701</w>
			<h>37.1528</h>
			<angle>1.319429</angle>
		</robndbox>
		<extra/>
	</object>
	<object>
		<name>scale</name>
		<pose>Unspecified</pose>
		<truncated>0</truncated>
		<difficult>0</difficult>
		<robndbox>
			<cx>323.0505</cx>
			<cy>99.6225</cy>
			<w>15.2113</w>
			<h>35.8223</h>
			<angle>1.469526</angle>
		</robndbox>
		<extra/>
	</object>
	<object>
		<name>scale</name>
		<pose>Unspecified</pose>
		<truncated>0</truncated>
		<difficult>0</difficult>
		<robndbox>
			<cx>354.8815</cx>
			<cy>98.9659</cy>
			<w>15.6405</w>
			<h>34.1669</h>
			<angle>1.619624</angle>
		</robndbox>
		<extra/>
	</object>
	<object>
		<name>scale</name>
		<pose>Unspecified</pose>
		<truncated>0</truncated>
		<difficult>0</difficult>
		<robndbox>
			<cx>385.6478</cx>
			<cy>103.6722</cy>
			<w>15.6405</w>
			<h>34.1669</h>
			<angle>1.832312</angle>
		</robndbox>
		<extra/>
	</object>
	<object>
		<name>scale</name>
		<pose>Unspecified</pose>
		<truncated>0</truncated>
		<difficult>0</difficult>
		<robndbox>
			<cx>414.5252</cx>
			<cy>113.7879</cy>
			<w>15.6405</w>
			<h>34.1669</h>
			<angle>1.938093</angle>
		</robndbox>
		<extra/>
	</object>
	<object>
		<name>scale</name>
		<pose>Unspecified</pose>
		<truncated>0</truncated>
		<difficult>0</difficult>
		<robndbox>
			<cx>443.5872</cx>
			<cy>128.2328</cy>
			<w>15.3353</w>
			<h>38.2386</h>
			<angle>2.086944</angle>
		</robndbox>
		<extra/>
	</object>
	<object>
		<name>scale</name>
		<pose>Unspecified</pose>
		<truncated>0</truncated>
		<difficult>0</difficult>
		<robndbox>
			<cx>467.3573</cx>
			<cy>143.6619</cy>
			<w>15.2463</w>
			<h>37.7475</h>
			<angle>2.220013</angle>
		</robndbox>
		<extra/>
	</object>
	<object>
		<name>scale</name>
		<pose>Unspecified</pose>
		<truncated>0</truncated>
		<difficult>0</difficult>
		<robndbox>
			<cx>490.5171</cx>
			<cy>164.2975</cy>
			<w>15.6405</w>
			<h>34.1669</h>
			<angle>2.37011</angle>
		</robndbox>
		<extra/>
	</object>
	<object>
		<name>scale</name>
		<pose>Unspecified</pose>
		<truncated>0</truncated>
		<difficult>0</difficult>
		<robndbox>
			<cx>509.7592</cx>
			<cy>189.3086</cy>
			<w>15.6405</w>
			<h>34.1669</h>
			<angle>2.550207</angle>
		</robndbox>
		<extra/>
	</object>
	<object>
		<name>scale</name>
		<pose>Unspecified</pose>
		<truncated>0</truncated>
		<difficult>0</difficult>
		<robndbox>
			<cx>524.344</cx>
			<cy>215.9383</cy>
			<w>15.6405</w>
			<h>34.1669</h>
			<angle>2.730304</angle>
		</robndbox>
		<extra/>
	</object>
	<object>
		<name>scale</name>
		<pose>Unspecified</pose>
		<truncated>0</truncated>
		<difficult>0</difficult>
		<robndbox>
			<cx>535.5538</cx>
			<cy>246.4347</cy>
			<w>15.6893</w>
			<h>38.0285</h>
			<angle>2.850402</angle>
		</robndbox>
		<extra/>
	</object>
	<object>
		<name>scale</name>
		<pose>Unspecified</pose>
		<truncated>0</truncated>
		<difficult>0</difficult>
		<robndbox>
			<cx>541.8077</cx>
			<cy>274.0999</cy>
			<w>16.303</w>
			<h>37.1179</h>
			<angle>2.970499</angle>
		</robndbox>
		<extra/>
	</object>
	<object>
		<name>scale</name>
		<pose>Unspecified</pose>
		<truncated>0</truncated>
		<difficult>0</difficult>
		<robndbox>
			<cx>543.1066</cx>
			<cy>305.5602</cy>
			<w>15.6405</w>
			<h>34.1669</h>
			<angle>3.200596</angle>
		</robndbox>
		<extra/>
	</object>
	<object>
		<name>scale</name>
		<pose>Unspecified</pose>
		<truncated>0</truncated>
		<difficult>0</difficult>
		<robndbox>
			<cx>540.4861</cx>
			<cy>336.5125</cy>
			<w>15.6405</w>
			<h>34.1669</h>
			<angle>3.290693</angle>
		</robndbox>
		<extra/>
	</object>
	<object>
		<name>scale</name>
		<pose>Unspecified</pose>
		<truncated>0</truncated>
		<difficult>0</difficult>
		<robndbox>
			<cx>533.4048</cx>
			<cy>366.8857</cy>
			<w>15.6405</w>
			<h>34.1669</h>
			<angle>3.46079</angle>
		</robndbox>
		<extra/>
	</object>
	<object>
		<name>scale</name>
		<pose>Unspecified</pose>
		<truncated>0</truncated>
		<difficult>0</difficult>
		<robndbox>
			<cx>211.0</cx>
			<cy>145.0</cy>
			<w>15.6405</w>
			<h>34.1669</h>
			<angle>0.869138</angle>
		</robndbox>
		<extra/>
	</object>
	<object>
		<name>scale</name>
		<pose>Unspecified</pose>
		<truncated>0</truncated>
		<difficult>0</difficult>
		<robndbox>
			<cx>157.2206</cx>
			<cy>212.2981</cy>
			<w>13.6773</w>
			<h>19.7482</h>
			<angle>0.508236</angle>
		</robndbox>
		<extra/>
	</object>
	<object>
		<name>scale</name>
		<pose>Unspecified</pose>
		<truncated>0</truncated>
		<difficult>0</difficult>
		<robndbox>
			<cx>164.2376</cx>
			<cy>199.2453</cy>
			<w>12.8893</w>
			<h>19.72</h>
			<angle>0.514141</angle>
		</robndbox>
		<extra/>
	</object>
	<object>
		<name>scale</name>
		<pose>Unspecified</pose>
		<truncated>0</truncated>
		<difficult>0</difficult>
		<robndbox>
			<cx>150.2206</cx>
			<cy>227.2981</cy>
			<w>13.6773</w>
			<h>19.7482</h>
			<angle>0.390311</angle>
		</robndbox>
		<extra/>
	</object>
	<object>
		<name>scale</name>
		<pose>Unspecified</pose>
		<truncated>0</truncated>
		<difficult>0</difficult>
		<robndbox>
			<cx>145.1324</cx>
			<cy>244.4786</cy>
			<w>14.1373</w>
			<h>22.0707</h>
			<angle>0.270116</angle>
		</robndbox>
		<extra/>
	</object>
	<object>
		<name>scale</name>
		<pose>Unspecified</pose>
		<truncated>0</truncated>
		<difficult>0</difficult>
		<robndbox>
			<cx>142.1324</cx>
			<cy>258.4786</cy>
			<w>14.1373</w>
			<h>22.0707</h>
			<angle>0.198935</angle>
		</robndbox>
		<extra/>
	</object>
	<object>
		<name>scale</name>
		<pose>Unspecified</pose>
		<truncated>0</truncated>
		<difficult>0</difficult>
		<robndbox>
			<cx>138.692</cx>
			<cy>274.632</cy>
			<w>14.8998</w>
			<h>20.1896</h>
			<angle>0.132521</angle>
		</robndbox>
		<extra/>
	</object>
	<object>
		<name>scale</name>
		<pose>Unspecified</pose>
		<truncated>0</truncated>
		<difficult>0</difficult>
		<robndbox>
			<cx>136.692</cx>
			<cy>291.632</cy>
			<w>14.8998</w>
			<h>20.1896</h>
			<angle>0.013287</angle>
		</robndbox>
		<extra/>
	</object>
	<object>
		<name>scale</name>
		<pose>Unspecified</pose>
		<truncated>0</truncated>
		<difficult>0</difficult>
		<robndbox>
			<cx>136.692</cx>
			<cy>307.632</cy>
			<w>14.8998</w>
			<h>20.1896</h>
			<angle>0.013287</angle>
		</robndbox>
		<extra/>
	</object>
	<object>
		<name>scale</name>
		<pose>Unspecified</pose>
		<truncated>0</truncated>
		<difficult>0</difficult>
		<robndbox>
			<cx>136.8446</cx>
			<cy>325.4848</cy>
			<w>15.1091</w>
			<h>21.9097</h>
			<angle>6.227225</angle>
		</robndbox>
		<extra/>
	</object>
	<object>
		<name>scale</name>
		<pose>Unspecified</pose>
		<truncated>0</truncated>
		<difficult>0</difficult>
		<robndbox>
			<cx>138.8446</cx>
			<cy>339.4848</cy>
			<w>15.1091</w>
			<h>21.9097</h>
			<angle>6.071077</angle>
		</robndbox>
		<extra/>
	</object>
	<object>
		<name>scale</name>
		<pose>Unspecified</pose>
		<truncated>0</truncated>
		<difficult>0</difficult>
		<robndbox>
			<cx>142.692</cx>
			<cy>356.632</cy>
			<w>14.8998</w>
			<h>20.1896</h>
			<angle>5.97823</angle>
		</robndbox>
		<extra/>
	</object>
	<object>
		<name>scale</name>
		<pose>Unspecified</pose>
		<truncated>0</truncated>
		<difficult>0</difficult>
		<robndbox>
			<cx>148.692</cx>
			<cy>372.632</cy>
			<w>14.8998</w>
			<h>20.1896</h>
			<angle>5.924485</angle>
		</robndbox>
		<extra/>
	</object>
	<object>
		<name>scale</name>
		<pose>Unspecified</pose>
		<truncated>0</truncated>
		<difficult>0</difficult>
		<robndbox>
			<cx>154.692</cx>
			<cy>387.632</cy>
			<w>14.8998</w>
			<h>20.1896</h>
			<angle>5.843286</angle>
		</robndbox>
		<extra/>
	</object>
	<object>
		<name>scale</name>
		<pose>Unspecified</pose>
		<truncated>0</truncated>
		<difficult>0</difficult>
		<robndbox>
			<cx>163.0557</cx>
			<cy>402.9026</cy>
			<w>14.217</w>
			<h>22.7432</h>
			<angle>5.74307</angle>
		</robndbox>
		<extra/>
	</object>
	<object>
		<name>5</name>
		<pose>Unspecified</pose>
		<truncated>0</truncated>
		<difficult>0</difficult>
		<robndbox>
			<cx>321.0</cx>
			<cy>155.5</cy>
			<w>28.0</w>
			<h>39.0</h>
			<angle>0.0</angle>
		</robndbox>
		<extra/>
	</object>
	<object>
		<name>5</name>
		<pose>Unspecified</pose>
		<truncated>0</truncated>
		<difficult>0</difficult>
		<robndbox>
			<cx>490.0</cx>
			<cy>274.5</cy>
			<w>28.0</w>
			<h>39.0</h>
			<angle>0.0</angle>
		</robndbox>
		<extra/>
	</object>
	<object>
		<name>1</name>
		<pose>Unspecified</pose>
		<truncated>0</truncated>
		<difficult>0</difficult>
		<robndbox>
			<cx>455.0</cx>
			<cy>273.5</cy>
			<w>22.0</w>
			<h>39.0</h>
			<angle>0.0</angle>
		</robndbox>
		<extra/>
	</object>
	<object>
		<name>0</name>
		<pose>Unspecified</pose>
		<truncated>0</truncated>
		<difficult>0</difficult>
		<robndbox>
			<cx>436.0</cx>
			<cy>187.5</cy>
			<w>28.0</w>
			<h>39.0</h>
			<angle>0.0</angle>
		</robndbox>
		<extra/>
	</object>
	<object>
		<name>1</name>
		<pose>Unspecified</pose>
		<truncated>0</truncated>
		<difficult>0</difficult>
		<robndbox>
			<cx>403.0</cx>
			<cy>186.5</cy>
			<w>22.0</w>
			<h>39.0</h>
			<angle>0.0</angle>
		</robndbox>
		<extra/>
	</object>
	<object>
		<name>0</name>
		<pose>Unspecified</pose>
		<truncated>0</truncated>
		<difficult>0</difficult>
		<robndbox>
			<cx>220.0</cx>
			<cy>209.5</cy>
			<w>28.0</w>
			<h>39.0</h>
			<angle>0.0</angle>
		</robndbox>
		<extra/>
	</object>
	<object>
		<name>0</name>
		<pose>Unspecified</pose>
		<truncated>0</truncated>
		<difficult>0</difficult>
		<robndbox>
			<cx>494.0</cx>
			<cy>369.5</cy>
			<w>28.0</w>
			<h>39.0</h>
			<angle>0.0</angle>
		</robndbox>
		<extra/>
	</object>
	<object>
		<name>2</name>
		<pose>Unspecified</pose>
		<truncated>0</truncated>
		<difficult>0</difficult>
		<robndbox>
			<cx>456.0</cx>
			<cy>370.5</cy>
			<w>28.0</w>
			<h>39.0</h>
			<angle>0.0</angle>
		</robndbox>
		<extra/>
	</object>
	<object>
		<name>2</name>
		<pose>Unspecified</pose>
		<truncated>0</truncated>
		<difficult>0</difficult>
		<robndbox>
			<cx>188.0</cx>
			<cy>263.0</cy>
			<w>22.0</w>
			<h>32.0</h>
			<angle>0.0</angle>
		</robndbox>
		<extra/>
	</object>
	<object>
		<name>0</name>
		<pose>Unspecified</pose>
		<truncated>0</truncated>
		<difficult>0</difficult>
		<robndbox>
			<cx>208.0</cx>
			<cy>263.0</cy>
			<w>22.0</w>
			<h>32.0</h>
			<angle>0.0</angle>
		</robndbox>
		<extra/>
	</object>
	<object>
		<name>0</name>
		<pose>Unspecified</pose>
		<truncated>0</truncated>
		<difficult>0</difficult>
		<robndbox>
			<cx>206.0</cx>
			<cy>325.0</cy>
			<w>22.0</w>
			<h>32.0</h>
			<angle>0.0</angle>
		</robndbox>
		<extra/>
	</object>
	<object>
		<name>4</name>
		<pose>Unspecified</pose>
		<truncated>0</truncated>
		<difficult>0</difficult>
		<robndbox>
			<cx>186.0</cx>
			<cy>325.0</cy>
			<w>22.0</w>
			<h>32.0</h>
			<angle>0.0</angle>
		</robndbox>
		<extra/>
	</object>
	<object>
		<name>0</name>
		<pose>Unspecified</pose>
		<truncated>0</truncated>
		<difficult>0</difficult>
		<robndbox>
			<cx>225.0</cx>
			<cy>379.0</cy>
			<w>22.0</w>
			<h>32.0</h>
			<angle>0.0</angle>
		</robndbox>
		<extra/>
	</object>
	<object>
		<name>6</name>
		<pose>Unspecified</pose>
		<truncated>0</truncated>
		<difficult>0</difficult>
		<robndbox>
			<cx>205.0</cx>
			<cy>379.0</cy>
			<w>22.0</w>
			<h>32.0</h>
			<angle>0.0</angle>
		</robndbox>
		<extra/>
	</object>
	<object>
		<name>dot</name>
		<pose>Unspecified</pose>
		<truncated>0</truncated>
		<difficult>0</difficult>
		<robndbox>
			<cx>302.5</cx>
			<cy>167.5</cy>
			<w>11.0</w>
			<h>13.0</h>
			<angle>0.0</angle>
		</robndbox>
		<extra/>
	</object>
	<object>
		<name>dot</name>
		<pose>Unspecified</pose>
		<truncated>0</truncated>
		<difficult>0</difficult>
		<robndbox>
			<cx>419.5</cx>
			<cy>198.5</cy>
			<w>11.0</w>
			<h>13.0</h>
			<angle>0.0</angle>
		</robndbox>
		<extra/>
	</object>
	<object>
		<name>dot</name>
		<pose>Unspecified</pose>
		<truncated>0</truncated>
		<difficult>0</difficult>
		<robndbox>
			<cx>471.5</cx>
			<cy>286.5</cy>
			<w>11.0</w>
			<h>13.0</h>
			<angle>0.0</angle>
		</robndbox>
		<extra/>
	</object>
	<object>
		<name>dot</name>
		<pose>Unspecified</pose>
		<truncated>0</truncated>
		<difficult>0</difficult>
		<robndbox>
			<cx>475.5</cx>
			<cy>382.5</cy>
			<w>11.0</w>
			<h>13.0</h>
			<angle>0.0</angle>
		</robndbox>
		<extra/>
	</object>
	<object>
		<name>needle</name>
		<pose>Unspecified</pose>
		<truncated>0</truncated>
		<difficult>0</difficult>
		<robndbox>
			<cx>299.9119</cx>
			<cy>268.0551</cy>
			<w>39.9728</w>
			<h>297.2036</h>
			<angle>5.392748</angle>
		</robndbox>
		<extra/>
	</object>
	<object>
		<name>scale</name>
		<pose>Unspecified</pose>
		<truncated>0</truncated>
		<difficult>0</difficult>
		<robndbox>
			<cx>179.7584</cx>
			<cy>178.2821</cy>
			<w>13.8895</w>
			<h>41.998</h>
			<angle>0.673038</angle>
		</robndbox>
		<extra/>
	</object>
</annotation>
