<annotation>
	<folder>1</folder>
	<filename>8c3305c1-0e76-4154-9d32-7dfaec1b54da.jpg</filename>
	<path>/home/otousan/repos/yolov5_obb/1/8c3305c1-0e76-4154-9d32-7dfaec1b54da.jpg</path>
	<source>
		<database>Unknown</database>
	</source>
	<size>
		<width>1000</width>
		<height>1000</height>
		<depth>3</depth>
	</size>
	<segmented>0</segmented>
	<object>
		<name>scale</name>
		<pose>Unspecified</pose>
		<truncated>0</truncated>
		<difficult>0</difficult>
		<robndbox>
			<cx>260.2544</cx>
			<cy>439.442</cy>
			<w>14.7444</w>
			<h>29.7128</h>
			<angle>5.468791</angle>
		</robndbox>
		<extra/>
	</object>
	<object>
		<name>scale</name>
		<pose>Unspecified</pose>
		<truncated>0</truncated>
		<difficult>0</difficult>
		<robndbox>
			<cx>738.2544</cx>
			<cy>423.442</cy>
			<w>14.7444</w>
			<h>29.7128</h>
			<angle>0.727561</angle>
		</robndbox>
		<extra/>
	</object>
	<object>
		<name>scale</name>
		<pose>Unspecified</pose>
		<truncated>0</truncated>
		<difficult>0</difficult>
		<robndbox>
			<cx>267.6633</cx>
			<cy>431.2215</cy>
			<w>14.7444</w>
			<h>29.7128</h>
			<angle>5.503835</angle>
		</robndbox>
		<extra/>
	</object>
	<object>
		<name>scale</name>
		<pose>Unspecified</pose>
		<truncated>0</truncated>
		<difficult>0</difficult>
		<robndbox>
			<cx>276.3681</cx>
			<cy>422.9177</cy>
			<w>14.7444</w>
			<h>29.7128</h>
			<angle>5.53888</angle>
		</robndbox>
		<extra/>
	</object>
	<object>
		<name>scale</name>
		<pose>Unspecified</pose>
		<truncated>0</truncated>
		<difficult>0</difficult>
		<robndbox>
			<cx>285.3584</cx>
			<cy>414.9241</cy>
			<w>14.7444</w>
			<h>29.7128</h>
			<angle>5.573924</angle>
		</robndbox>
		<extra/>
	</object>
	<object>
		<name>scale</name>
		<pose>Unspecified</pose>
		<truncated>0</truncated>
		<difficult>0</difficult>
		<robndbox>
			<cx>294.6233</cx>
			<cy>407.2503</cy>
			<w>14.7444</w>
			<h>29.7128</h>
			<angle>5.608969</angle>
		</robndbox>
		<extra/>
	</object>
	<object>
		<name>scale</name>
		<pose>Unspecified</pose>
		<truncated>0</truncated>
		<difficult>0</difficult>
		<robndbox>
			<cx>304.1514</cx>
			<cy>399.9058</cy>
			<w>14.7444</w>
			<h>29.7128</h>
			<angle>5.644013</angle>
		</robndbox>
		<extra/>
	</object>
	<object>
		<name>scale</name>
		<pose>Unspecified</pose>
		<truncated>0</truncated>
		<difficult>0</difficult>
		<robndbox>
			<cx>313.931</cx>
			<cy>392.8997</cy>
			<w>14.7444</w>
			<h>29.7128</h>
			<angle>5.679058</angle>
		</robndbox>
		<extra/>
	</object>
	<object>
		<name>scale</name>
		<pose>Unspecified</pose>
		<truncated>0</truncated>
		<difficult>0</difficult>
		<robndbox>
			<cx>323.95</cx>
			<cy>386.2406</cy>
			<w>14.7444</w>
			<h>29.7128</h>
			<angle>5.714102</angle>
		</robndbox>
		<extra/>
	</object>
	<object>
		<name>scale</name>
		<pose>Unspecified</pose>
		<truncated>0</truncated>
		<difficult>0</difficult>
		<robndbox>
			<cx>334.1962</cx>
			<cy>379.9365</cy>
			<w>14.7444</w>
			<h>29.7128</h>
			<angle>5.749146</angle>
		</robndbox>
		<extra/>
	</object>
	<object>
		<name>scale</name>
		<pose>Unspecified</pose>
		<truncated>0</truncated>
		<difficult>0</difficult>
		<robndbox>
			<cx>344.657</cx>
			<cy>373.9954</cy>
			<w>14.7444</w>
			<h>29.7128</h>
			<angle>5.784191</angle>
		</robndbox>
		<extra/>
	</object>
	<object>
		<name>scale</name>
		<pose>Unspecified</pose>
		<truncated>0</truncated>
		<difficult>0</difficult>
		<robndbox>
			<cx>355.3195</cx>
			<cy>368.4244</cy>
			<w>14.7444</w>
			<h>29.7128</h>
			<angle>5.819235</angle>
		</robndbox>
		<extra/>
	</object>
	<object>
		<name>scale</name>
		<pose>Unspecified</pose>
		<truncated>0</truncated>
		<difficult>0</difficult>
		<robndbox>
			<cx>366.1707</cx>
			<cy>363.2304</cy>
			<w>14.7444</w>
			<h>29.7128</h>
			<angle>5.85428</angle>
		</robndbox>
		<extra/>
	</object>
	<object>
		<name>scale</name>
		<pose>Unspecified</pose>
		<truncated>0</truncated>
		<difficult>0</difficult>
		<robndbox>
			<cx>377.1972</cx>
			<cy>358.4198</cy>
			<w>14.7444</w>
			<h>29.7128</h>
			<angle>5.889324</angle>
		</robndbox>
		<extra/>
	</object>
	<object>
		<name>scale</name>
		<pose>Unspecified</pose>
		<truncated>0</truncated>
		<difficult>0</difficult>
		<robndbox>
			<cx>388.3855</cx>
			<cy>353.9985</cy>
			<w>14.7444</w>
			<h>29.7128</h>
			<angle>5.924369</angle>
		</robndbox>
		<extra/>
	</object>
	<object>
		<name>scale</name>
		<pose>Unspecified</pose>
		<truncated>0</truncated>
		<difficult>0</difficult>
		<robndbox>
			<cx>400.0031</cx>
			<cy>350.1164</cy>
			<w>15.1858</w>
			<h>30.1658</h>
			<angle>5.959413</angle>
		</robndbox>
		<extra/>
	</object>
	<object>
		<name>scale</name>
		<pose>Unspecified</pose>
		<truncated>0</truncated>
		<difficult>0</difficult>
		<robndbox>
			<cx>411.0146</cx>
			<cy>347.0022</cy>
			<w>15.4593</w>
			<h>30.8717</h>
			<angle>5.994457</angle>
		</robndbox>
		<extra/>
	</object>
	<object>
		<name>scale</name>
		<pose>Unspecified</pose>
		<truncated>0</truncated>
		<difficult>0</difficult>
		<robndbox>
			<cx>423.0952</cx>
			<cy>343.4455</cy>
			<w>16.2377</w>
			<h>29.9937</h>
			<angle>6.029502</angle>
		</robndbox>
		<extra/>
	</object>
	<object>
		<name>scale</name>
		<pose>Unspecified</pose>
		<truncated>0</truncated>
		<difficult>0</difficult>
		<robndbox>
			<cx>434.4789</cx>
			<cy>340.3074</cy>
			<w>14.7444</w>
			<h>29.7128</h>
			<angle>6.064546</angle>
		</robndbox>
		<extra/>
	</object>
	<object>
		<name>scale</name>
		<pose>Unspecified</pose>
		<truncated>0</truncated>
		<difficult>0</difficult>
		<robndbox>
			<cx>445.9014</cx>
			<cy>337.9758</cy>
			<w>15.4889</w>
			<h>29.7201</h>
			<angle>6.099591</angle>
		</robndbox>
		<extra/>
	</object>
	<object>
		<name>scale</name>
		<pose>Unspecified</pose>
		<truncated>0</truncated>
		<difficult>0</difficult>
		<robndbox>
			<cx>458.6118</cx>
			<cy>336.0658</cy>
			<w>15.8166</w>
			<h>29.8563</h>
			<angle>6.134635</angle>
		</robndbox>
		<extra/>
	</object>
	<object>
		<name>scale</name>
		<pose>Unspecified</pose>
		<truncated>0</truncated>
		<difficult>0</difficult>
		<robndbox>
			<cx>470.8502</cx>
			<cy>334.874</cy>
			<w>15.2781</w>
			<h>30.7193</h>
			<angle>6.16968</angle>
		</robndbox>
		<extra/>
	</object>
	<object>
		<name>scale</name>
		<pose>Unspecified</pose>
		<truncated>0</truncated>
		<difficult>0</difficult>
		<robndbox>
			<cx>483.6091</cx>
			<cy>334.4011</cy>
			<w>15.6229</w>
			<h>30.0657</h>
			<angle>6.204724</angle>
		</robndbox>
		<extra/>
	</object>
	<object>
		<name>scale</name>
		<pose>Unspecified</pose>
		<truncated>0</truncated>
		<difficult>0</difficult>
		<robndbox>
			<cx>495.041</cx>
			<cy>333.4581</cy>
			<w>14.7444</w>
			<h>29.7128</h>
			<angle>6.239768</angle>
		</robndbox>
		<extra/>
	</object>
	<object>
		<name>scale</name>
		<pose>Unspecified</pose>
		<truncated>0</truncated>
		<difficult>0</difficult>
		<robndbox>
			<cx>507.6574</cx>
			<cy>334.1145</cy>
			<w>15.5635</w>
			<h>29.6416</h>
			<angle>6.274813</angle>
		</robndbox>
		<extra/>
	</object>
	<object>
		<name>scale</name>
		<pose>Unspecified</pose>
		<truncated>0</truncated>
		<difficult>0</difficult>
		<robndbox>
			<cx>519.9313</cx>
			<cy>334.3011</cy>
			<w>15.073</w>
			<h>29.8103</h>
			<angle>0.026672</angle>
		</robndbox>
		<extra/>
	</object>
	<object>
		<name>scale</name>
		<pose>Unspecified</pose>
		<truncated>0</truncated>
		<difficult>0</difficult>
		<robndbox>
			<cx>531.6949</cx>
			<cy>334.7074</cy>
			<w>15.5936</w>
			<h>29.6033</h>
			<angle>0.061716</angle>
		</robndbox>
		<extra/>
	</object>
	<object>
		<name>scale</name>
		<pose>Unspecified</pose>
		<truncated>0</truncated>
		<difficult>0</difficult>
		<robndbox>
			<cx>544.4404</cx>
			<cy>335.3329</cy>
			<w>16.1517</w>
			<h>29.0304</h>
			<angle>0.096761</angle>
		</robndbox>
		<extra/>
	</object>
	<object>
		<name>scale</name>
		<pose>Unspecified</pose>
		<truncated>0</truncated>
		<difficult>0</difficult>
		<robndbox>
			<cx>556.1601</cx>
			<cy>336.6769</cy>
			<w>16.642</w>
			<h>29.0857</h>
			<angle>0.131805</angle>
		</robndbox>
		<extra/>
	</object>
	<object>
		<name>scale</name>
		<pose>Unspecified</pose>
		<truncated>0</truncated>
		<difficult>0</difficult>
		<robndbox>
			<cx>568.8465</cx>
			<cy>338.2382</cy>
			<w>17.1528</w>
			<h>28.7718</h>
			<angle>0.16685</angle>
		</robndbox>
		<extra/>
	</object>
	<object>
		<name>scale</name>
		<pose>Unspecified</pose>
		<truncated>0</truncated>
		<difficult>0</difficult>
		<robndbox>
			<cx>581.4918</cx>
			<cy>341.0156</cy>
			<w>15.35</w>
			<h>29.649</h>
			<angle>0.201894</angle>
		</robndbox>
		<extra/>
	</object>
	<object>
		<name>scale</name>
		<pose>Unspecified</pose>
		<truncated>0</truncated>
		<difficult>0</difficult>
		<robndbox>
			<cx>592.5886</cx>
			<cy>343.5076</cy>
			<w>16.6651</w>
			<h>29.7271</h>
			<angle>0.236939</angle>
		</robndbox>
		<extra/>
	</object>
	<object>
		<name>scale</name>
		<pose>Unspecified</pose>
		<truncated>0</truncated>
		<difficult>0</difficult>
		<robndbox>
			<cx>604.1666</cx>
			<cy>346.7544</cy>
			<w>14.7444</w>
			<h>29.7128</h>
			<angle>0.271983</angle>
		</robndbox>
		<extra/>
	</object>
	<object>
		<name>scale</name>
		<pose>Unspecified</pose>
		<truncated>0</truncated>
		<difficult>0</difficult>
		<robndbox>
			<cx>615.1068</cx>
			<cy>350.1276</cy>
			<w>15.905</w>
			<h>29.9524</h>
			<angle>0.307027</angle>
		</robndbox>
		<extra/>
	</object>
	<object>
		<name>scale</name>
		<pose>Unspecified</pose>
		<truncated>0</truncated>
		<difficult>0</difficult>
		<robndbox>
			<cx>627.0134</cx>
			<cy>354.7511</cy>
			<w>16.9722</w>
			<h>29.9247</h>
			<angle>0.342072</angle>
		</robndbox>
		<extra/>
	</object>
	<object>
		<name>scale</name>
		<pose>Unspecified</pose>
		<truncated>0</truncated>
		<difficult>0</difficult>
		<robndbox>
			<cx>638.842</cx>
			<cy>359.0803</cy>
			<w>15.837</w>
			<h>29.7626</h>
			<angle>0.377116</angle>
		</robndbox>
		<extra/>
	</object>
	<object>
		<name>scale</name>
		<pose>Unspecified</pose>
		<truncated>0</truncated>
		<difficult>0</difficult>
		<robndbox>
			<cx>650.5854</cx>
			<cy>363.6123</cy>
			<w>16.5729</w>
			<h>29.92</h>
			<angle>0.412161</angle>
		</robndbox>
		<extra/>
	</object>
	<object>
		<name>scale</name>
		<pose>Unspecified</pose>
		<truncated>0</truncated>
		<difficult>0</difficult>
		<robndbox>
			<cx>660.7279</cx>
			<cy>369.1896</cy>
			<w>15.5949</w>
			<h>29.9266</h>
			<angle>0.469932</angle>
		</robndbox>
		<extra/>
	</object>
	<object>
		<name>scale</name>
		<pose>Unspecified</pose>
		<truncated>0</truncated>
		<difficult>0</difficult>
		<robndbox>
			<cx>671.3268</cx>
			<cy>374.7468</cy>
			<w>16.4964</w>
			<h>30.3148</h>
			<angle>0.517294</angle>
		</robndbox>
		<extra/>
	</object>
	<object>
		<name>scale</name>
		<pose>Unspecified</pose>
		<truncated>0</truncated>
		<difficult>0</difficult>
		<robndbox>
			<cx>681.5677</cx>
			<cy>380.7022</cy>
			<w>16.0956</w>
			<h>29.4146</h>
			<angle>0.552338</angle>
		</robndbox>
		<extra/>
	</object>
	<object>
		<name>scale</name>
		<pose>Unspecified</pose>
		<truncated>0</truncated>
		<difficult>0</difficult>
		<robndbox>
			<cx>692.1937</cx>
			<cy>386.674</cy>
			<w>14.7444</w>
			<h>29.7128</h>
			<angle>0.587383</angle>
		</robndbox>
		<extra/>
	</object>
	<object>
		<name>scale</name>
		<pose>Unspecified</pose>
		<truncated>0</truncated>
		<difficult>0</difficult>
		<robndbox>
			<cx>701.3805</cx>
			<cy>393.0735</cy>
			<w>15.8685</w>
			<h>30.2801</h>
			<angle>0.622427</angle>
		</robndbox>
		<extra/>
	</object>
	<object>
		<name>scale</name>
		<pose>Unspecified</pose>
		<truncated>0</truncated>
		<difficult>0</difficult>
		<robndbox>
			<cx>710.9913</cx>
			<cy>400.2173</cy>
			<w>15.777</w>
			<h>30.2244</h>
			<angle>0.657472</angle>
		</robndbox>
		<extra/>
	</object>
	<object>
		<name>scale</name>
		<pose>Unspecified</pose>
		<truncated>0</truncated>
		<difficult>0</difficult>
		<robndbox>
			<cx>720.4713</cx>
			<cy>407.5379</cy>
			<w>15.6781</w>
			<h>29.7725</h>
			<angle>0.692516</angle>
		</robndbox>
		<extra/>
	</object>
	<object>
		<name>scale</name>
		<pose>Unspecified</pose>
		<truncated>0</truncated>
		<difficult>0</difficult>
		<robndbox>
			<cx>729.3145</cx>
			<cy>415.2222</cy>
			<w>15.8719</w>
			<h>30.7981</h>
			<angle>0.727561</angle>
		</robndbox>
		<extra/>
	</object>
	<object>
		<name>0</name>
		<pose>Unspecified</pose>
		<truncated>0</truncated>
		<difficult>0</difficult>
		<robndbox>
			<cx>413.2195</cx>
			<cy>302.4311</cy>
			<w>22.1097</w>
			<h>37.9439</h>
			<angle>5.975058</angle>
		</robndbox>
		<extra/>
	</object>
	<object>
		<name>0</name>
		<pose>Unspecified</pose>
		<truncated>0</truncated>
		<difficult>0</difficult>
		<robndbox>
			<cx>616.0093</cx>
			<cy>309.0893</cy>
			<w>21.5763</w>
			<h>38.5434</h>
			<angle>0.175699</angle>
		</robndbox>
		<extra/>
	</object>
	<object>
		<name>0</name>
		<pose>Unspecified</pose>
		<truncated>0</truncated>
		<difficult>0</difficult>
		<robndbox>
			<cx>594.0093</cx>
			<cy>305.0893</cy>
			<w>21.5763</w>
			<h>38.5434</h>
			<angle>0.175699</angle>
		</robndbox>
		<extra/>
	</object>
	<object>
		<name>5</name>
		<pose>Unspecified</pose>
		<truncated>0</truncated>
		<difficult>0</difficult>
		<robndbox>
			<cx>392.2195</cx>
			<cy>308.9311</cy>
			<w>22.413</w>
			<h>38.8968</h>
			<angle>5.975058</angle>
		</robndbox>
		<extra/>
	</object>
	<object>
		<name>5</name>
		<pose>Unspecified</pose>
		<truncated>0</truncated>
		<difficult>0</difficult>
		<robndbox>
			<cx>699.5882</cx>
			<cy>470.9377</cy>
			<w>21.4079</w>
			<h>38.2059</h>
			<angle>0.807902</angle>
		</robndbox>
		<extra/>
	</object>
	<object>
		<name>0</name>
		<pose>Unspecified</pose>
		<truncated>0</truncated>
		<difficult>0</difficult>
		<robndbox>
			<cx>713.4336</cx>
			<cy>485.7761</cy>
			<w>21.4588</w>
			<h>39.1587</h>
			<angle>0.807806</angle>
		</robndbox>
		<extra/>
	</object>
	<object>
		<name>4</name>
		<pose>Unspecified</pose>
		<truncated>0</truncated>
		<difficult>0</difficult>
		<robndbox>
			<cx>683.5882</cx>
			<cy>455.4377</cy>
			<w>22.1307</w>
			<h>38.8969</h>
			<angle>0.807902</angle>
		</robndbox>
		<extra/>
	</object>
	<object>
		<name>1</name>
		<pose>Unspecified</pose>
		<truncated>0</truncated>
		<difficult>0</difficult>
		<robndbox>
			<cx>370.2195</cx>
			<cy>315.9311</cy>
			<w>22.413</w>
			<h>38.8968</h>
			<angle>5.975058</angle>
		</robndbox>
		<extra/>
	</object>
	<object>
		<name>3</name>
		<pose>Unspecified</pose>
		<truncated>0</truncated>
		<difficult>0</difficult>
		<robndbox>
			<cx>572.5093</cx>
			<cy>301.0893</cy>
			<w>22.5609</w>
			<h>38.7182</h>
			<angle>0.175699</angle>
		</robndbox>
		<extra/>
	</object>
	<object>
		<name>V</name>
		<pose>Unspecified</pose>
		<truncated>0</truncated>
		<difficult>0</difficult>
		<robndbox>
			<cx>496.5</cx>
			<cy>437.5</cy>
			<w>57.0</w>
			<h>81.0</h>
			<angle>0.0</angle>
		</robndbox>
		<extra/>
	</object>
	<object>
		<name>needle</name>
		<pose>Unspecified</pose>
		<truncated>0</truncated>
		<difficult>0</difficult>
		<robndbox>
			<cx>359.0</cx>
			<cy>539.5</cy>
			<w>272.0651</w>
			<h>9.6747</h>
			<angle>0.75245</angle>
		</robndbox>
		<extra/>
	</object>
</annotation>
