<annotation>
	<folder>drive-download-20220120T141758Z-001</folder>
	<filename>8cced12a-d589-4d35-b8c2-87a2cf793255.jpg</filename>
	<path>C:\Users\yaman\Documents\drive-download-20220120T141758Z-001\8cced12a-d589-4d35-b8c2-87a2cf793255.jpg</path>
	<source>
		<database>Unknown</database>
	</source>
	<size>
		<width>929</width>
		<height>800</height>
		<depth>3</depth>
	</size>
	<segmented>0</segmented>
	<object>
		<name>scale</name>
		<pose>Unspecified</pose>
		<truncated>0</truncated>
		<difficult>0</difficult>
		<robndbox>
			<cx>272.1105</cx>
			<cy>433.7026</cy>
			<w>29.7339</w>
			<h>26.6601</h>
			<angle>5.703218</angle>
		</robndbox>
		<extra/>
	</object>
	<object>
		<name>scale</name>
		<pose>Unspecified</pose>
		<truncated>0</truncated>
		<difficult>0</difficult>
		<robndbox>
			<cx>590.7731</cx>
			<cy>482.5615</cy>
			<w>10.4542</w>
			<h>29.29</h>
			<angle>3.86479</angle>
		</robndbox>
		<extra/>
	</object>
	<object>
		<name>scale</name>
		<pose>Unspecified</pose>
		<truncated>0</truncated>
		<difficult>0</difficult>
		<robndbox>
			<cx>260.3778</cx>
			<cy>413.8486</cy>
			<w>31.1623</w>
			<h>31.9853</h>
			<angle>5.798403</angle>
		</robndbox>
		<extra/>
	</object>
	<object>
		<name>scale</name>
		<pose>Unspecified</pose>
		<truncated>0</truncated>
		<difficult>0</difficult>
		<robndbox>
			<cx>249.9795</cx>
			<cy>388.0</cy>
			<w>29.0086</w>
			<h>34.3293</h>
			<angle>5.945574</angle>
		</robndbox>
		<extra/>
	</object>
	<object>
		<name>scale</name>
		<pose>Unspecified</pose>
		<truncated>0</truncated>
		<difficult>0</difficult>
		<robndbox>
			<cx>241.7977</cx>
			<cy>362.8277</cy>
			<w>29.8576</w>
			<h>33.5389</h>
			<angle>6.026752</angle>
		</robndbox>
		<extra/>
	</object>
	<object>
		<name>scale</name>
		<pose>Unspecified</pose>
		<truncated>0</truncated>
		<difficult>0</difficult>
		<robndbox>
			<cx>235.9366</cx>
			<cy>335.4645</cy>
			<w>29.1752</w>
			<h>31.991</h>
			<angle>6.187929</angle>
		</robndbox>
		<extra/>
	</object>
	<object>
		<name>scale</name>
		<pose>Unspecified</pose>
		<truncated>0</truncated>
		<difficult>0</difficult>
		<robndbox>
			<cx>232.5214</cx>
			<cy>307.0243</cy>
			<w>28.1357</w>
			<h>33.0851</h>
			<angle>6.25181</angle>
		</robndbox>
		<extra/>
	</object>
	<object>
		<name>scale</name>
		<pose>Unspecified</pose>
		<truncated>0</truncated>
		<difficult>0</difficult>
		<robndbox>
			<cx>232.4503</cx>
			<cy>279.3628</cy>
			<w>29.0274</w>
			<h>33.6727</h>
			<angle>0.0571</angle>
		</robndbox>
		<extra/>
	</object>
	<object>
		<name>scale</name>
		<pose>Unspecified</pose>
		<truncated>0</truncated>
		<difficult>0</difficult>
		<robndbox>
			<cx>235.0221</cx>
			<cy>253.0746</cy>
			<w>29.8363</w>
			<h>35.6341</h>
			<angle>0.156573</angle>
		</robndbox>
		<extra/>
	</object>
	<object>
		<name>scale</name>
		<pose>Unspecified</pose>
		<truncated>0</truncated>
		<difficult>0</difficult>
		<robndbox>
			<cx>240.4968</cx>
			<cy>226.0165</cy>
			<w>31.7278</w>
			<h>34.5561</h>
			<angle>0.309455</angle>
		</robndbox>
		<extra/>
	</object>
	<object>
		<name>scale</name>
		<pose>Unspecified</pose>
		<truncated>0</truncated>
		<difficult>0</difficult>
		<robndbox>
			<cx>249.4558</cx>
			<cy>199.7411</cy>
			<w>31.3952</w>
			<h>33.4397</h>
			<angle>0.380633</angle>
		</robndbox>
		<extra/>
	</object>
	<object>
		<name>scale</name>
		<pose>Unspecified</pose>
		<truncated>0</truncated>
		<difficult>0</difficult>
		<robndbox>
			<cx>260.5394</cx>
			<cy>175.2275</cy>
			<w>31.7391</w>
			<h>35.6981</h>
			<angle>0.491811</angle>
		</robndbox>
		<extra/>
	</object>
	<object>
		<name>scale</name>
		<pose>Unspecified</pose>
		<truncated>0</truncated>
		<difficult>0</difficult>
		<robndbox>
			<cx>273.7143</cx>
			<cy>153.4049</cy>
			<w>31.6704</w>
			<h>32.8904</h>
			<angle>0.622989</angle>
		</robndbox>
		<extra/>
	</object>
	<object>
		<name>scale</name>
		<pose>Unspecified</pose>
		<truncated>0</truncated>
		<difficult>0</difficult>
		<robndbox>
			<cx>290.9423</cx>
			<cy>133.3426</cy>
			<w>32.3748</w>
			<h>31.7744</h>
			<angle>0.809013</angle>
		</robndbox>
		<extra/>
	</object>
	<object>
		<name>scale</name>
		<pose>Unspecified</pose>
		<truncated>0</truncated>
		<difficult>0</difficult>
		<robndbox>
			<cx>311.4312</cx>
			<cy>116.5375</cy>
			<w>31.7174</w>
			<h>32.4339</h>
			<angle>0.905344</angle>
		</robndbox>
		<extra/>
	</object>
	<object>
		<name>scale</name>
		<pose>Unspecified</pose>
		<truncated>0</truncated>
		<difficult>0</difficult>
		<robndbox>
			<cx>333.4812</cx>
			<cy>103.5676</cy>
			<w>30.1365</w>
			<h>31.4137</h>
			<angle>1.096522</angle>
		</robndbox>
		<extra/>
	</object>
	<object>
		<name>scale</name>
		<pose>Unspecified</pose>
		<truncated>0</truncated>
		<difficult>0</difficult>
		<robndbox>
			<cx>354.4162</cx>
			<cy>93.8657</cy>
			<w>27.5136</w>
			<h>29.7665</h>
			<angle>1.2777</angle>
		</robndbox>
		<extra/>
	</object>
	<object>
		<name>scale</name>
		<pose>Unspecified</pose>
		<truncated>0</truncated>
		<difficult>0</difficult>
		<robndbox>
			<cx>379.4322</cx>
			<cy>87.8709</cy>
			<w>25.7132</w>
			<h>32.6479</h>
			<angle>1.468878</angle>
		</robndbox>
		<extra/>
	</object>
	<object>
		<name>scale</name>
		<pose>Unspecified</pose>
		<truncated>0</truncated>
		<difficult>0</difficult>
		<robndbox>
			<cx>404.1562</cx>
			<cy>84.8544</cy>
			<w>19.9743</w>
			<h>32.6755</h>
			<angle>1.520056</angle>
		</robndbox>
		<extra/>
	</object>
	<object>
		<name>scale</name>
		<pose>Unspecified</pose>
		<truncated>0</truncated>
		<difficult>0</difficult>
		<robndbox>
			<cx>430.0864</cx>
			<cy>85.6822</cy>
			<w>17.0066</w>
			<h>32.1073</h>
			<angle>1.681234</angle>
		</robndbox>
		<extra/>
	</object>
	<object>
		<name>scale</name>
		<pose>Unspecified</pose>
		<truncated>0</truncated>
		<difficult>0</difficult>
		<robndbox>
			<cx>453.9795</cx>
			<cy>89.5</cy>
			<w>12.3511</w>
			<h>32.0695</h>
			<angle>1.792411</angle>
		</robndbox>
		<extra/>
	</object>
	<object>
		<name>scale</name>
		<pose>Unspecified</pose>
		<truncated>0</truncated>
		<difficult>0</difficult>
		<robndbox>
			<cx>477.9731</cx>
			<cy>99.0</cy>
			<w>14.2507</w>
			<h>30.9482</h>
			<angle>1.943589</angle>
		</robndbox>
		<extra/>
	</object>
	<object>
		<name>scale</name>
		<pose>Unspecified</pose>
		<truncated>0</truncated>
		<difficult>0</difficult>
		<robndbox>
			<cx>500.473</cx>
			<cy>110.0</cy>
			<w>13.8797</w>
			<h>32.2063</h>
			<angle>2.034767</angle>
		</robndbox>
		<extra/>
	</object>
	<object>
		<name>scale</name>
		<pose>Unspecified</pose>
		<truncated>0</truncated>
		<difficult>0</difficult>
		<robndbox>
			<cx>522.4372</cx>
			<cy>121.4973</cy>
			<w>8.8399</w>
			<h>34.4718</h>
			<angle>2.195945</angle>
		</robndbox>
		<extra/>
	</object>
	<object>
		<name>scale</name>
		<pose>Unspecified</pose>
		<truncated>0</truncated>
		<difficult>0</difficult>
		<robndbox>
			<cx>540.5688</cx>
			<cy>136.4574</cy>
			<w>9.2426</w>
			<h>32.3381</h>
			<angle>2.327123</angle>
		</robndbox>
		<extra/>
	</object>
	<object>
		<name>scale</name>
		<pose>Unspecified</pose>
		<truncated>0</truncated>
		<difficult>0</difficult>
		<robndbox>
			<cx>559.5291</cx>
			<cy>154.6055</cy>
			<w>7.8609</w>
			<h>30.7561</h>
			<angle>2.378301</angle>
		</robndbox>
		<extra/>
	</object>
	<object>
		<name>scale</name>
		<pose>Unspecified</pose>
		<truncated>0</truncated>
		<difficult>0</difficult>
		<robndbox>
			<cx>576.6679</cx>
			<cy>174.6507</cy>
			<w>7.0561</w>
			<h>30.1359</h>
			<angle>2.449478</angle>
		</robndbox>
		<extra/>
	</object>
	<object>
		<name>scale</name>
		<pose>Unspecified</pose>
		<truncated>0</truncated>
		<difficult>0</difficult>
		<robndbox>
			<cx>592.3979</cx>
			<cy>197.5123</cy>
			<w>7.3471</w>
			<h>32.0952</h>
			<angle>2.570656</angle>
		</robndbox>
		<extra/>
	</object>
	<object>
		<name>scale</name>
		<pose>Unspecified</pose>
		<truncated>0</truncated>
		<difficult>0</difficult>
		<robndbox>
			<cx>604.8953</cx>
			<cy>219.7525</cy>
			<w>5.9016</w>
			<h>31.0135</h>
			<angle>2.691834</angle>
		</robndbox>
		<extra/>
	</object>
	<object>
		<name>scale</name>
		<pose>Unspecified</pose>
		<truncated>0</truncated>
		<difficult>0</difficult>
		<robndbox>
			<cx>615.4185</cx>
			<cy>244.3129</cy>
			<w>7.1696</w>
			<h>30.7032</h>
			<angle>2.813012</angle>
		</robndbox>
		<extra/>
	</object>
	<object>
		<name>scale</name>
		<pose>Unspecified</pose>
		<truncated>0</truncated>
		<difficult>0</difficult>
		<robndbox>
			<cx>623.5044</cx>
			<cy>269.0087</cy>
			<w>6.7138</w>
			<h>29.2368</h>
			<angle>2.88419</angle>
		</robndbox>
		<extra/>
	</object>
	<object>
		<name>scale</name>
		<pose>Unspecified</pose>
		<truncated>0</truncated>
		<difficult>0</difficult>
		<robndbox>
			<cx>630.7209</cx>
			<cy>294.9967</cy>
			<w>5.828</w>
			<h>32.0021</h>
			<angle>2.925368</angle>
		</robndbox>
		<extra/>
	</object>
	<object>
		<name>scale</name>
		<pose>Unspecified</pose>
		<truncated>0</truncated>
		<difficult>0</difficult>
		<robndbox>
			<cx>633.9795</cx>
			<cy>321.0</cy>
			<w>5.1188</w>
			<h>31.8402</h>
			<angle>3.106545</angle>
		</robndbox>
		<extra/>
	</object>
	<object>
		<name>scale</name>
		<pose>Unspecified</pose>
		<truncated>0</truncated>
		<difficult>0</difficult>
		<robndbox>
			<cx>634.022</cx>
			<cy>345.4567</cy>
			<w>7.2057</w>
			<h>29.9163</h>
			<angle>3.237723</angle>
		</robndbox>
		<extra/>
	</object>
	<object>
		<name>scale</name>
		<pose>Unspecified</pose>
		<truncated>0</truncated>
		<difficult>0</difficult>
		<robndbox>
			<cx>632.3386</cx>
			<cy>370.8303</cy>
			<w>6.8596</w>
			<h>33.3716</h>
			<angle>3.238901</angle>
		</robndbox>
		<extra/>
	</object>
	<object>
		<name>scale</name>
		<pose>Unspecified</pose>
		<truncated>0</truncated>
		<difficult>0</difficult>
		<robndbox>
			<cx>628.7258</cx>
			<cy>395.2066</cy>
			<w>5.6552</w>
			<h>26.5575</h>
			<angle>3.450079</angle>
		</robndbox>
		<extra/>
	</object>
	<object>
		<name>scale</name>
		<pose>Unspecified</pose>
		<truncated>0</truncated>
		<difficult>0</difficult>
		<robndbox>
			<cx>623.2147</cx>
			<cy>418.7827</cy>
			<w>6.5245</w>
			<h>31.3822</h>
			<angle>3.471257</angle>
		</robndbox>
		<extra/>
	</object>
	<object>
		<name>scale</name>
		<pose>Unspecified</pose>
		<truncated>0</truncated>
		<difficult>0</difficult>
		<robndbox>
			<cx>614.8763</cx>
			<cy>442.4145</cy>
			<w>7.3877</w>
			<h>29.5377</h>
			<angle>3.602435</angle>
		</robndbox>
		<extra/>
	</object>
	<object>
		<name>scale</name>
		<pose>Unspecified</pose>
		<truncated>0</truncated>
		<difficult>0</difficult>
		<robndbox>
			<cx>604.6242</cx>
			<cy>463.1255</cy>
			<w>8.7152</w>
			<h>30.2615</h>
			<angle>3.703612</angle>
		</robndbox>
		<extra/>
	</object>
	<object>
		<name>2</name>
		<pose>Unspecified</pose>
		<truncated>0</truncated>
		<difficult>0</difficult>
		<robndbox>
			<cx>537.5</cx>
			<cy>446.5</cy>
			<w>21.0</w>
			<h>39.0</h>
			<angle>0.0</angle>
		</robndbox>
		<extra/>
	</object>
	<object>
		<name>2</name>
		<pose>Unspecified</pose>
		<truncated>0</truncated>
		<difficult>0</difficult>
		<robndbox>
			<cx>288.0</cx>
			<cy>362.0</cy>
			<w>22.0</w>
			<h>38.0</h>
			<angle>0.0</angle>
		</robndbox>
		<extra/>
	</object>
	<object>
		<name>2</name>
		<pose>Unspecified</pose>
		<truncated>0</truncated>
		<difficult>0</difficult>
		<robndbox>
			<cx>519.0</cx>
			<cy>168.0</cy>
			<w>22.0</w>
			<h>38.0</h>
			<angle>0.0</angle>
		</robndbox>
		<extra/>
	</object>
	<object>
		<name>0</name>
		<pose>Unspecified</pose>
		<truncated>0</truncated>
		<difficult>0</difficult>
		<robndbox>
			<cx>540.0</cx>
			<cy>168.0</cy>
			<w>22.0</w>
			<h>38.0</h>
			<angle>0.0</angle>
		</robndbox>
		<extra/>
	</object>
	<object>
		<name>0</name>
		<pose>Unspecified</pose>
		<truncated>0</truncated>
		<difficult>0</difficult>
		<robndbox>
			<cx>579.0</cx>
			<cy>228.0</cy>
			<w>22.0</w>
			<h>38.0</h>
			<angle>0.0</angle>
		</robndbox>
		<extra/>
	</object>
	<object>
		<name>0</name>
		<pose>Unspecified</pose>
		<truncated>0</truncated>
		<difficult>0</difficult>
		<robndbox>
			<cx>608.0</cx>
			<cy>311.0</cy>
			<w>22.0</w>
			<h>38.0</h>
			<angle>0.0</angle>
		</robndbox>
		<extra/>
	</object>
	<object>
		<name>0</name>
		<pose>Unspecified</pose>
		<truncated>0</truncated>
		<difficult>0</difficult>
		<robndbox>
			<cx>601.0</cx>
			<cy>390.0</cy>
			<w>22.0</w>
			<h>38.0</h>
			<angle>0.0</angle>
		</robndbox>
		<extra/>
	</object>
	<object>
		<name>0</name>
		<pose>Unspecified</pose>
		<truncated>0</truncated>
		<difficult>0</difficult>
		<robndbox>
			<cx>581.0</cx>
			<cy>450.0</cy>
			<w>22.0</w>
			<h>38.0</h>
			<angle>0.0</angle>
		</robndbox>
		<extra/>
	</object>
	<object>
		<name>0</name>
		<pose>Unspecified</pose>
		<truncated>0</truncated>
		<difficult>0</difficult>
		<robndbox>
			<cx>559.0</cx>
			<cy>448.0</cy>
			<w>22.0</w>
			<h>38.0</h>
			<angle>0.0</angle>
		</robndbox>
		<extra/>
	</object>
	<object>
		<name>0</name>
		<pose>Unspecified</pose>
		<truncated>0</truncated>
		<difficult>0</difficult>
		<robndbox>
			<cx>309.0</cx>
			<cy>363.0</cy>
			<w>22.0</w>
			<h>38.0</h>
			<angle>0.0</angle>
		</robndbox>
		<extra/>
	</object>
	<object>
		<name>0</name>
		<pose>Unspecified</pose>
		<truncated>0</truncated>
		<difficult>0</difficult>
		<robndbox>
			<cx>299.0</cx>
			<cy>281.0</cy>
			<w>22.0</w>
			<h>38.0</h>
			<angle>0.0</angle>
		</robndbox>
		<extra/>
	</object>
	<object>
		<name>0</name>
		<pose>Unspecified</pose>
		<truncated>0</truncated>
		<difficult>0</difficult>
		<robndbox>
			<cx>324.5</cx>
			<cy>204.0</cy>
			<w>23.0</w>
			<h>38.0</h>
			<angle>0.0</angle>
		</robndbox>
		<extra/>
	</object>
	<object>
		<name>0</name>
		<pose>Unspecified</pose>
		<truncated>0</truncated>
		<difficult>0</difficult>
		<robndbox>
			<cx>376.5</cx>
			<cy>155.0</cy>
			<w>23.0</w>
			<h>38.0</h>
			<angle>0.0</angle>
		</robndbox>
		<extra/>
	</object>
	<object>
		<name>0</name>
		<pose>Unspecified</pose>
		<truncated>0</truncated>
		<difficult>0</difficult>
		<robndbox>
			<cx>460.0</cx>
			<cy>135.0</cy>
			<w>22.0</w>
			<h>38.0</h>
			<angle>0.0</angle>
		</robndbox>
		<extra/>
	</object>
	<object>
		<name>0</name>
		<pose>Unspecified</pose>
		<truncated>0</truncated>
		<difficult>0</difficult>
		<robndbox>
			<cx>438.0</cx>
			<cy>133.0</cy>
			<w>22.0</w>
			<h>38.0</h>
			<angle>0.0</angle>
		</robndbox>
		<extra/>
	</object>
	<object>
		<name>1</name>
		<pose>Unspecified</pose>
		<truncated>0</truncated>
		<difficult>0</difficult>
		<robndbox>
			<cx>420.5</cx>
			<cy>131.5</cy>
			<w>13.0</w>
			<h>39.0</h>
			<angle>0.0</angle>
		</robndbox>
		<extra/>
	</object>
	<object>
		<name>1</name>
		<pose>Unspecified</pose>
		<truncated>0</truncated>
		<difficult>0</difficult>
		<robndbox>
			<cx>501.5</cx>
			<cy>165.5</cy>
			<w>13.0</w>
			<h>39.0</h>
			<angle>0.0</angle>
		</robndbox>
		<extra/>
	</object>
	<object>
		<name>1</name>
		<pose>Unspecified</pose>
		<truncated>0</truncated>
		<difficult>0</difficult>
		<robndbox>
			<cx>538.5</cx>
			<cy>225.5</cy>
			<w>13.0</w>
			<h>39.0</h>
			<angle>0.0</angle>
		</robndbox>
		<extra/>
	</object>
	<object>
		<name>4</name>
		<pose>Unspecified</pose>
		<truncated>0</truncated>
		<difficult>0</difficult>
		<robndbox>
			<cx>556.5</cx>
			<cy>227.0</cy>
			<w>23.0</w>
			<h>38.0</h>
			<angle>0.0</angle>
		</robndbox>
		<extra/>
	</object>
	<object>
		<name>6</name>
		<pose>Unspecified</pose>
		<truncated>0</truncated>
		<difficult>0</difficult>
		<robndbox>
			<cx>587.0</cx>
			<cy>309.0</cy>
			<w>22.0</w>
			<h>38.0</h>
			<angle>0.0</angle>
		</robndbox>
		<extra/>
	</object>
	<object>
		<name>1</name>
		<pose>Unspecified</pose>
		<truncated>0</truncated>
		<difficult>0</difficult>
		<robndbox>
			<cx>569.5</cx>
			<cy>308.5</cy>
			<w>13.0</w>
			<h>39.0</h>
			<angle>0.0</angle>
		</robndbox>
		<extra/>
	</object>
	<object>
		<name>1</name>
		<pose>Unspecified</pose>
		<truncated>0</truncated>
		<difficult>0</difficult>
		<robndbox>
			<cx>562.5</cx>
			<cy>386.5</cy>
			<w>13.0</w>
			<h>39.0</h>
			<angle>0.0</angle>
		</robndbox>
		<extra/>
	</object>
	<object>
		<name>8</name>
		<pose>Unspecified</pose>
		<truncated>0</truncated>
		<difficult>0</difficult>
		<robndbox>
			<cx>579.5</cx>
			<cy>388.0</cy>
			<w>21.0</w>
			<h>38.0</h>
			<angle>0.0</angle>
		</robndbox>
		<extra/>
	</object>
	<object>
		<name>8</name>
		<pose>Unspecified</pose>
		<truncated>0</truncated>
		<difficult>0</difficult>
		<robndbox>
			<cx>355.5</cx>
			<cy>154.0</cy>
			<w>21.0</w>
			<h>38.0</h>
			<angle>0.0</angle>
		</robndbox>
		<extra/>
	</object>
	<object>
		<name>6</name>
		<pose>Unspecified</pose>
		<truncated>0</truncated>
		<difficult>0</difficult>
		<robndbox>
			<cx>303.0</cx>
			<cy>202.0</cy>
			<w>22.0</w>
			<h>38.0</h>
			<angle>0.0</angle>
		</robndbox>
		<extra/>
	</object>
	<object>
		<name>4</name>
		<pose>Unspecified</pose>
		<truncated>0</truncated>
		<difficult>0</difficult>
		<robndbox>
			<cx>277.5</cx>
			<cy>279.0</cy>
			<w>23.0</w>
			<h>38.0</h>
			<angle>0.0</angle>
		</robndbox>
		<extra/>
	</object>
	<object>
		<name>0</name>
		<pose>Unspecified</pose>
		<truncated>0</truncated>
		<difficult>0</difficult>
		<robndbox>
			<cx>323.0</cx>
			<cy>428.0</cy>
			<w>22.0</w>
			<h>38.0</h>
			<angle>0.0</angle>
		</robndbox>
		<extra/>
	</object>
	<object>
		<name>needle</name>
		<pose>Unspecified</pose>
		<truncated>0</truncated>
		<difficult>0</difficult>
		<robndbox>
			<cx>399.6348</cx>
			<cy>348.5741</cy>
			<w>48.4486</w>
			<h>318.3326</h>
			<angle>3.962324</angle>
		</robndbox>
		<extra/>
	</object>
	<object>
		<name>scale</name>
		<pose>Unspecified</pose>
		<truncated>0</truncated>
		<difficult>0</difficult>
		<robndbox>
			<cx>298.7529</cx>
			<cy>468.2259</cy>
			<w>30.1661</w>
			<h>73.4202</h>
			<angle>5.58153</angle>
		</robndbox>
		<extra/>
	</object>
</annotation>
