<annotation>
	<folder>images</folder>
	<filename>8ee651fa-3159-46b6-803d-a56aa82ecbdf.jpg</filename>
	<path>C:\Users\yaman\Documents\images\8ee651fa-3159-46b6-803d-a56aa82ecbdf.jpg</path>
	<source>
		<database>Unknown</database>
	</source>
	<size>
		<width>1000</width>
		<height>1000</height>
		<depth>3</depth>
	</size>
	<segmented>0</segmented>
	<object>
		<name>scale</name>
		<pose>Unspecified</pose>
		<truncated>0</truncated>
		<difficult>0</difficult>
		<robndbox>
			<cx>298.2827</cx>
			<cy>532.5875</cy>
			<w>26.8846</w>
			<h>26.0076</h>
			<angle>5.687641</angle>
		</robndbox>
		<extra/>
	</object>
	<object>
		<name>scale</name>
		<pose>Unspecified</pose>
		<truncated>0</truncated>
		<difficult>0</difficult>
		<robndbox>
			<cx>662.2827</cx>
			<cy>557.5875</cy>
			<w>26.8846</w>
			<h>26.0076</h>
			<angle>3.895364</angle>
		</robndbox>
		<extra/>
	</object>
	<object>
		<name>scale</name>
		<pose>Unspecified</pose>
		<truncated>0</truncated>
		<difficult>0</difficult>
		<robndbox>
			<cx>286.5347</cx>
			<cy>514.9365</cy>
			<w>26.8846</w>
			<h>26.0076</h>
			<angle>5.766429</angle>
		</robndbox>
		<extra/>
	</object>
	<object>
		<name>scale</name>
		<pose>Unspecified</pose>
		<truncated>0</truncated>
		<difficult>0</difficult>
		<robndbox>
			<cx>278.0509</cx>
			<cy>498.5352</cy>
			<w>26.8846</w>
			<h>26.0076</h>
			<angle>5.845216</angle>
		</robndbox>
		<extra/>
	</object>
	<object>
		<name>scale</name>
		<pose>Unspecified</pose>
		<truncated>0</truncated>
		<difficult>0</difficult>
		<robndbox>
			<cx>269.8843</cx>
			<cy>481.5171</cy>
			<w>26.8846</w>
			<h>26.0076</h>
			<angle>5.924004</angle>
		</robndbox>
		<extra/>
	</object>
	<object>
		<name>scale</name>
		<pose>Unspecified</pose>
		<truncated>0</truncated>
		<difficult>0</difficult>
		<robndbox>
			<cx>263.0794</cx>
			<cy>463.9877</cy>
			<w>26.8846</w>
			<h>26.0076</h>
			<angle>6.002792</angle>
		</robndbox>
		<extra/>
	</object>
	<object>
		<name>scale</name>
		<pose>Unspecified</pose>
		<truncated>0</truncated>
		<difficult>0</difficult>
		<robndbox>
			<cx>259.6721</cx>
			<cy>446.0558</cy>
			<w>26.8846</w>
			<h>26.0076</h>
			<angle>6.08158</angle>
		</robndbox>
		<extra/>
	</object>
	<object>
		<name>scale</name>
		<pose>Unspecified</pose>
		<truncated>0</truncated>
		<difficult>0</difficult>
		<robndbox>
			<cx>255.6899</cx>
			<cy>427.8326</cy>
			<w>26.8846</w>
			<h>26.0076</h>
			<angle>6.160368</angle>
		</robndbox>
		<extra/>
	</object>
	<object>
		<name>scale</name>
		<pose>Unspecified</pose>
		<truncated>0</truncated>
		<difficult>0</difficult>
		<robndbox>
			<cx>254.1513</cx>
			<cy>410.4313</cy>
			<w>26.8846</w>
			<h>26.0076</h>
			<angle>6.239156</angle>
		</robndbox>
		<extra/>
	</object>
	<object>
		<name>scale</name>
		<pose>Unspecified</pose>
		<truncated>0</truncated>
		<difficult>0</difficult>
		<robndbox>
			<cx>255.0657</cx>
			<cy>390.9659</cy>
			<w>26.8846</w>
			<h>26.0076</h>
			<angle>0.034758</angle>
		</robndbox>
		<extra/>
	</object>
	<object>
		<name>scale</name>
		<pose>Unspecified</pose>
		<truncated>0</truncated>
		<difficult>0</difficult>
		<robndbox>
			<cx>256.4337</cx>
			<cy>372.5511</cy>
			<w>26.8846</w>
			<h>26.0076</h>
			<angle>0.113546</angle>
		</robndbox>
		<extra/>
	</object>
	<object>
		<name>scale</name>
		<pose>Unspecified</pose>
		<truncated>0</truncated>
		<difficult>0</difficult>
		<robndbox>
			<cx>259.2468</cx>
			<cy>354.3011</cy>
			<w>26.8846</w>
			<h>26.0076</h>
			<angle>0.192334</angle>
		</robndbox>
		<extra/>
	</object>
	<object>
		<name>scale</name>
		<pose>Unspecified</pose>
		<truncated>0</truncated>
		<difficult>0</difficult>
		<robndbox>
			<cx>263.4876</cx>
			<cy>336.3291</cy>
			<w>26.8846</w>
			<h>26.0076</h>
			<angle>0.271122</angle>
		</robndbox>
		<extra/>
	</object>
	<object>
		<name>scale</name>
		<pose>Unspecified</pose>
		<truncated>0</truncated>
		<difficult>0</difficult>
		<robndbox>
			<cx>270.1297</cx>
			<cy>318.7466</cy>
			<w>26.8846</w>
			<h>26.0076</h>
			<angle>0.34991</angle>
		</robndbox>
		<extra/>
	</object>
	<object>
		<name>scale</name>
		<pose>Unspecified</pose>
		<truncated>0</truncated>
		<difficult>0</difficult>
		<robndbox>
			<cx>278.1382</cx>
			<cy>301.6627</cy>
			<w>26.8846</w>
			<h>26.0076</h>
			<angle>0.428698</angle>
		</robndbox>
		<extra/>
	</object>
	<object>
		<name>scale</name>
		<pose>Unspecified</pose>
		<truncated>0</truncated>
		<difficult>0</difficult>
		<robndbox>
			<cx>287.4696</cx>
			<cy>286.1835</cy>
			<w>26.8846</w>
			<h>26.0076</h>
			<angle>0.507485</angle>
		</robndbox>
		<extra/>
	</object>
	<object>
		<name>scale</name>
		<pose>Unspecified</pose>
		<truncated>0</truncated>
		<difficult>0</difficult>
		<robndbox>
			<cx>297.0721</cx>
			<cy>270.4111</cy>
			<w>26.8846</w>
			<h>26.0076</h>
			<angle>0.586273</angle>
		</robndbox>
		<extra/>
	</object>
	<object>
		<name>scale</name>
		<pose>Unspecified</pose>
		<truncated>0</truncated>
		<difficult>0</difficult>
		<robndbox>
			<cx>307.8863</cx>
			<cy>256.4434</cy>
			<w>26.8846</w>
			<h>26.0076</h>
			<angle>0.665061</angle>
		</robndbox>
		<extra/>
	</object>
	<object>
		<name>scale</name>
		<pose>Unspecified</pose>
		<truncated>0</truncated>
		<difficult>0</difficult>
		<robndbox>
			<cx>320.8449</cx>
			<cy>242.3733</cy>
			<w>26.8846</w>
			<h>26.0076</h>
			<angle>0.743849</angle>
		</robndbox>
		<extra/>
	</object>
	<object>
		<name>scale</name>
		<pose>Unspecified</pose>
		<truncated>0</truncated>
		<difficult>0</difficult>
		<robndbox>
			<cx>333.8739</cx>
			<cy>230.2881</cy>
			<w>26.8846</w>
			<h>26.0076</h>
			<angle>0.822637</angle>
		</robndbox>
		<extra/>
	</object>
	<object>
		<name>scale</name>
		<pose>Unspecified</pose>
		<truncated>0</truncated>
		<difficult>0</difficult>
		<robndbox>
			<cx>347.8923</cx>
			<cy>219.2689</cy>
			<w>26.8846</w>
			<h>26.0076</h>
			<angle>0.901425</angle>
		</robndbox>
		<extra/>
	</object>
	<object>
		<name>scale</name>
		<pose>Unspecified</pose>
		<truncated>0</truncated>
		<difficult>0</difficult>
		<robndbox>
			<cx>363.8132</cx>
			<cy>208.3903</cy>
			<w>26.8846</w>
			<h>26.0076</h>
			<angle>0.980213</angle>
		</robndbox>
		<extra/>
	</object>
	<object>
		<name>scale</name>
		<pose>Unspecified</pose>
		<truncated>0</truncated>
		<difficult>0</difficult>
		<robndbox>
			<cx>379.5441</cx>
			<cy>198.7199</cy>
			<w>26.8846</w>
			<h>26.0076</h>
			<angle>1.059001</angle>
		</robndbox>
		<extra/>
	</object>
	<object>
		<name>scale</name>
		<pose>Unspecified</pose>
		<truncated>0</truncated>
		<difficult>0</difficult>
		<robndbox>
			<cx>396.412</cx>
			<cy>190.9878</cy>
			<w>27.9659</w>
			<h>25.24</h>
			<angle>1.137788</angle>
		</robndbox>
		<extra/>
	</object>
	<object>
		<name>scale</name>
		<pose>Unspecified</pose>
		<truncated>0</truncated>
		<difficult>0</difficult>
		<robndbox>
			<cx>414.0408</cx>
			<cy>184.2355</cy>
			<w>26.8846</w>
			<h>26.0076</h>
			<angle>1.265474</angle>
		</robndbox>
		<extra/>
	</object>
	<object>
		<name>scale</name>
		<pose>Unspecified</pose>
		<truncated>0</truncated>
		<difficult>0</difficult>
		<robndbox>
			<cx>432.5988</cx>
			<cy>180.5176</cy>
			<w>26.8846</w>
			<h>26.0076</h>
			<angle>1.329328</angle>
		</robndbox>
		<extra/>
	</object>
	<object>
		<name>scale</name>
		<pose>Unspecified</pose>
		<truncated>0</truncated>
		<difficult>0</difficult>
		<robndbox>
			<cx>450.5523</cx>
			<cy>176.1994</cy>
			<w>26.8846</w>
			<h>26.0076</h>
			<angle>1.414152</angle>
		</robndbox>
		<extra/>
	</object>
	<object>
		<name>scale</name>
		<pose>Unspecified</pose>
		<truncated>0</truncated>
		<difficult>0</difficult>
		<robndbox>
			<cx>468.79</cx>
			<cy>174.3076</cy>
			<w>26.8846</w>
			<h>26.0076</h>
			<angle>1.53294</angle>
		</robndbox>
		<extra/>
	</object>
	<object>
		<name>scale</name>
		<pose>Unspecified</pose>
		<truncated>0</truncated>
		<difficult>0</difficult>
		<robndbox>
			<cx>487.1988</cx>
			<cy>173.8603</cy>
			<w>26.8846</w>
			<h>26.0076</h>
			<angle>1.561728</angle>
		</robndbox>
		<extra/>
	</object>
	<object>
		<name>scale</name>
		<pose>Unspecified</pose>
		<truncated>0</truncated>
		<difficult>0</difficult>
		<robndbox>
			<cx>505.6644</cx>
			<cy>173.8663</cy>
			<w>26.8846</w>
			<h>26.0076</h>
			<angle>1.670516</angle>
		</robndbox>
		<extra/>
	</object>
	<object>
		<name>scale</name>
		<pose>Unspecified</pose>
		<truncated>0</truncated>
		<difficult>0</difficult>
		<robndbox>
			<cx>524.0722</cx>
			<cy>175.3256</cy>
			<w>26.8846</w>
			<h>26.0076</h>
			<angle>1.739303</angle>
		</robndbox>
		<extra/>
	</object>
	<object>
		<name>scale</name>
		<pose>Unspecified</pose>
		<truncated>0</truncated>
		<difficult>0</difficult>
		<robndbox>
			<cx>542.308</cx>
			<cy>179.2293</cy>
			<w>26.8846</w>
			<h>26.0076</h>
			<angle>1.828091</angle>
		</robndbox>
		<extra/>
	</object>
	<object>
		<name>scale</name>
		<pose>Unspecified</pose>
		<truncated>0</truncated>
		<difficult>0</difficult>
		<robndbox>
			<cx>559.2588</cx>
			<cy>184.5592</cy>
			<w>26.8846</w>
			<h>26.0076</h>
			<angle>1.866879</angle>
		</robndbox>
		<extra/>
	</object>
	<object>
		<name>scale</name>
		<pose>Unspecified</pose>
		<truncated>0</truncated>
		<difficult>0</difficult>
		<robndbox>
			<cx>576.813</cx>
			<cy>190.2885</cy>
			<w>26.8846</w>
			<h>26.0076</h>
			<angle>2.005667</angle>
		</robndbox>
		<extra/>
	</object>
	<object>
		<name>scale</name>
		<pose>Unspecified</pose>
		<truncated>0</truncated>
		<difficult>0</difficult>
		<robndbox>
			<cx>592.8619</cx>
			<cy>197.3816</cy>
			<w>26.8846</w>
			<h>26.0076</h>
			<angle>2.024455</angle>
		</robndbox>
		<extra/>
	</object>
	<object>
		<name>scale</name>
		<pose>Unspecified</pose>
		<truncated>0</truncated>
		<difficult>0</difficult>
		<robndbox>
			<cx>609.2996</cx>
			<cy>204.7947</cy>
			<w>26.8846</w>
			<h>26.0076</h>
			<angle>2.133243</angle>
		</robndbox>
		<extra/>
	</object>
	<object>
		<name>scale</name>
		<pose>Unspecified</pose>
		<truncated>0</truncated>
		<difficult>0</difficult>
		<robndbox>
			<cx>625.0242</cx>
			<cy>215.4753</cy>
			<w>26.8846</w>
			<h>26.0076</h>
			<angle>2.192031</angle>
		</robndbox>
		<extra/>
	</object>
	<object>
		<name>scale</name>
		<pose>Unspecified</pose>
		<truncated>0</truncated>
		<difficult>0</difficult>
		<robndbox>
			<cx>638.938</cx>
			<cy>226.3636</cy>
			<w>26.8846</w>
			<h>26.0076</h>
			<angle>2.240819</angle>
		</robndbox>
		<extra/>
	</object>
	<object>
		<name>scale</name>
		<pose>Unspecified</pose>
		<truncated>0</truncated>
		<difficult>0</difficult>
		<robndbox>
			<cx>652.9486</cx>
			<cy>237.3919</cy>
			<w>26.8846</w>
			<h>26.0076</h>
			<angle>2.319606</angle>
		</robndbox>
		<extra/>
	</object>
	<object>
		<name>scale</name>
		<pose>Unspecified</pose>
		<truncated>0</truncated>
		<difficult>0</difficult>
		<robndbox>
			<cx>666.6362</cx>
			<cy>249.5032</cy>
			<w>26.3706</w>
			<h>25.5832</h>
			<angle>2.398394</angle>
		</robndbox>
		<extra/>
	</object>
	<object>
		<name>scale</name>
		<pose>Unspecified</pose>
		<truncated>0</truncated>
		<difficult>0</difficult>
		<robndbox>
			<cx>677.6588</cx>
			<cy>264.3071</cy>
			<w>26.7917</w>
			<h>25.2837</h>
			<angle>2.477182</angle>
		</robndbox>
		<extra/>
	</object>
	<object>
		<name>scale</name>
		<pose>Unspecified</pose>
		<truncated>0</truncated>
		<difficult>0</difficult>
		<robndbox>
			<cx>687.7229</cx>
			<cy>278.5382</cy>
			<w>26.8846</w>
			<h>26.0076</h>
			<angle>2.55597</angle>
		</robndbox>
		<extra/>
	</object>
	<object>
		<name>scale</name>
		<pose>Unspecified</pose>
		<truncated>0</truncated>
		<difficult>0</difficult>
		<robndbox>
			<cx>697.3152</cx>
			<cy>294.3168</cy>
			<w>26.8846</w>
			<h>26.0076</h>
			<angle>2.634758</angle>
		</robndbox>
		<extra/>
	</object>
	<object>
		<name>scale</name>
		<pose>Unspecified</pose>
		<truncated>0</truncated>
		<difficult>0</difficult>
		<robndbox>
			<cx>704.6359</cx>
			<cy>310.8015</cy>
			<w>26.8846</w>
			<h>26.0076</h>
			<angle>2.713546</angle>
		</robndbox>
		<extra/>
	</object>
	<object>
		<name>scale</name>
		<pose>Unspecified</pose>
		<truncated>0</truncated>
		<difficult>0</difficult>
		<robndbox>
			<cx>711.6332</cx>
			<cy>326.8899</cy>
			<w>26.8846</w>
			<h>26.0076</h>
			<angle>2.792334</angle>
		</robndbox>
		<extra/>
	</object>
	<object>
		<name>scale</name>
		<pose>Unspecified</pose>
		<truncated>0</truncated>
		<difficult>0</difficult>
		<robndbox>
			<cx>717.2639</cx>
			<cy>344.476</cy>
			<w>26.8846</w>
			<h>26.0076</h>
			<angle>2.871121</angle>
		</robndbox>
		<extra/>
	</object>
	<object>
		<name>scale</name>
		<pose>Unspecified</pose>
		<truncated>0</truncated>
		<difficult>0</difficult>
		<robndbox>
			<cx>721.4098</cx>
			<cy>361.123</cy>
			<w>26.846</w>
			<h>25.3324</h>
			<angle>2.949909</angle>
		</robndbox>
		<extra/>
	</object>
	<object>
		<name>scale</name>
		<pose>Unspecified</pose>
		<truncated>0</truncated>
		<difficult>0</difficult>
		<robndbox>
			<cx>724.2943</cx>
			<cy>378.7027</cy>
			<w>26.8846</w>
			<h>26.0076</h>
			<angle>3.028697</angle>
		</robndbox>
		<extra/>
	</object>
	<object>
		<name>scale</name>
		<pose>Unspecified</pose>
		<truncated>0</truncated>
		<difficult>0</difficult>
		<robndbox>
			<cx>725.6503</cx>
			<cy>396.1184</cy>
			<w>26.8846</w>
			<h>26.0076</h>
			<angle>3.107485</angle>
		</robndbox>
		<extra/>
	</object>
	<object>
		<name>scale</name>
		<pose>Unspecified</pose>
		<truncated>0</truncated>
		<difficult>0</difficult>
		<robndbox>
			<cx>725.8523</cx>
			<cy>414.4962</cy>
			<w>27.4754</w>
			<h>25.8061</h>
			<angle>3.186273</angle>
		</robndbox>
		<extra/>
	</object>
	<object>
		<name>scale</name>
		<pose>Unspecified</pose>
		<truncated>0</truncated>
		<difficult>0</difficult>
		<robndbox>
			<cx>724.0021</cx>
			<cy>432.984</cy>
			<w>26.8846</w>
			<h>26.0076</h>
			<angle>3.265061</angle>
		</robndbox>
		<extra/>
	</object>
	<object>
		<name>scale</name>
		<pose>Unspecified</pose>
		<truncated>0</truncated>
		<difficult>0</difficult>
		<robndbox>
			<cx>722.008</cx>
			<cy>446.2052</cy>
			<w>26.8846</w>
			<h>26.0076</h>
			<angle>3.343849</angle>
		</robndbox>
		<extra/>
	</object>
	<object>
		<name>scale</name>
		<pose>Unspecified</pose>
		<truncated>0</truncated>
		<difficult>0</difficult>
		<robndbox>
			<cx>717.5891</cx>
			<cy>464.1343</cy>
			<w>26.8846</w>
			<h>26.0076</h>
			<angle>3.422637</angle>
		</robndbox>
		<extra/>
	</object>
	<object>
		<name>scale</name>
		<pose>Unspecified</pose>
		<truncated>0</truncated>
		<difficult>0</difficult>
		<robndbox>
			<cx>711.7728</cx>
			<cy>480.6599</cy>
			<w>26.8846</w>
			<h>26.0076</h>
			<angle>3.501424</angle>
		</robndbox>
		<extra/>
	</object>
	<object>
		<name>scale</name>
		<pose>Unspecified</pose>
		<truncated>0</truncated>
		<difficult>0</difficult>
		<robndbox>
			<cx>704.5951</cx>
			<cy>497.6734</cy>
			<w>26.8846</w>
			<h>26.0076</h>
			<angle>3.580212</angle>
		</robndbox>
		<extra/>
	</object>
	<object>
		<name>scale</name>
		<pose>Unspecified</pose>
		<truncated>0</truncated>
		<difficult>0</difficult>
		<robndbox>
			<cx>697.1006</cx>
			<cy>513.0691</cy>
			<w>26.8846</w>
			<h>26.0076</h>
			<angle>3.659</angle>
		</robndbox>
		<extra/>
	</object>
	<object>
		<name>scale</name>
		<pose>Unspecified</pose>
		<truncated>0</truncated>
		<difficult>0</difficult>
		<robndbox>
			<cx>686.3421</cx>
			<cy>528.7455</cy>
			<w>26.8846</w>
			<h>26.0076</h>
			<angle>3.737788</angle>
		</robndbox>
		<extra/>
	</object>
	<object>
		<name>scale</name>
		<pose>Unspecified</pose>
		<truncated>0</truncated>
		<difficult>0</difficult>
		<robndbox>
			<cx>675.38</cx>
			<cy>542.6051</cy>
			<w>26.8846</w>
			<h>26.0076</h>
			<angle>3.816576</angle>
		</robndbox>
		<extra/>
	</object>
	<object>
		<name>2</name>
		<pose>Unspecified</pose>
		<truncated>0</truncated>
		<difficult>0</difficult>
		<robndbox>
			<cx>362.0</cx>
			<cy>287.0</cy>
			<w>24.0</w>
			<h>46.0</h>
			<angle>0.0</angle>
		</robndbox>
		<extra/>
	</object>
	<object>
		<name>1</name>
		<pose>Unspecified</pose>
		<truncated>0</truncated>
		<difficult>0</difficult>
		<robndbox>
			<cx>305.5</cx>
			<cy>397.5</cy>
			<w>19.0</w>
			<h>45.0</h>
			<angle>0.0</angle>
		</robndbox>
		<extra/>
	</object>
	<object>
		<name>3</name>
		<pose>Unspecified</pose>
		<truncated>0</truncated>
		<difficult>0</difficult>
		<robndbox>
			<cx>471.0</cx>
			<cy>236.0</cy>
			<w>24.0</w>
			<h>46.0</h>
			<angle>0.0</angle>
		</robndbox>
		<extra/>
	</object>
	<object>
		<name>4</name>
		<pose>Unspecified</pose>
		<truncated>0</truncated>
		<difficult>0</difficult>
		<robndbox>
			<cx>578.5</cx>
			<cy>293.5</cy>
			<w>25.0</w>
			<h>47.0</h>
			<angle>0.0</angle>
		</robndbox>
		<extra/>
	</object>
	<object>
		<name>5</name>
		<pose>Unspecified</pose>
		<truncated>0</truncated>
		<difficult>0</difficult>
		<robndbox>
			<cx>622.0</cx>
			<cy>397.5</cy>
			<w>24.0</w>
			<h>43.0</h>
			<angle>0.0</angle>
		</robndbox>
		<extra/>
	</object>
	<object>
		<name>6</name>
		<pose>Unspecified</pose>
		<truncated>0</truncated>
		<difficult>0</difficult>
		<robndbox>
			<cx>579.5</cx>
			<cy>507.5</cy>
			<w>25.0</w>
			<h>47.0</h>
			<angle>0.0</angle>
		</robndbox>
		<extra/>
	</object>
	<object>
		<name>0</name>
		<pose>Unspecified</pose>
		<truncated>0</truncated>
		<difficult>0</difficult>
		<robndbox>
			<cx>385.5</cx>
			<cy>287.5</cy>
			<w>23.0</w>
			<h>45.0</h>
			<angle>0.0</angle>
		</robndbox>
		<extra/>
	</object>
	<object>
		<name>0</name>
		<pose>Unspecified</pose>
		<truncated>0</truncated>
		<difficult>0</difficult>
		<robndbox>
			<cx>407.5</cx>
			<cy>287.5</cy>
			<w>23.0</w>
			<h>45.0</h>
			<angle>0.0</angle>
		</robndbox>
		<extra/>
	</object>
	<object>
		<name>0</name>
		<pose>Unspecified</pose>
		<truncated>0</truncated>
		<difficult>0</difficult>
		<robndbox>
			<cx>494.5</cx>
			<cy>236.5</cy>
			<w>23.0</w>
			<h>45.0</h>
			<angle>0.0</angle>
		</robndbox>
		<extra/>
	</object>
	<object>
		<name>0</name>
		<pose>Unspecified</pose>
		<truncated>0</truncated>
		<difficult>0</difficult>
		<robndbox>
			<cx>516.5</cx>
			<cy>236.5</cy>
			<w>23.0</w>
			<h>45.0</h>
			<angle>0.0</angle>
		</robndbox>
		<extra/>
	</object>
	<object>
		<name>0</name>
		<pose>Unspecified</pose>
		<truncated>0</truncated>
		<difficult>0</difficult>
		<robndbox>
			<cx>625.5</cx>
			<cy>293.5</cy>
			<w>23.0</w>
			<h>45.0</h>
			<angle>0.0</angle>
		</robndbox>
		<extra/>
	</object>
	<object>
		<name>0</name>
		<pose>Unspecified</pose>
		<truncated>0</truncated>
		<difficult>0</difficult>
		<robndbox>
			<cx>602.5</cx>
			<cy>292.5</cy>
			<w>23.0</w>
			<h>45.0</h>
			<angle>0.0</angle>
		</robndbox>
		<extra/>
	</object>
	<object>
		<name>0</name>
		<pose>Unspecified</pose>
		<truncated>0</truncated>
		<difficult>0</difficult>
		<robndbox>
			<cx>668.5</cx>
			<cy>400.5</cy>
			<w>23.0</w>
			<h>45.0</h>
			<angle>0.0</angle>
		</robndbox>
		<extra/>
	</object>
	<object>
		<name>0</name>
		<pose>Unspecified</pose>
		<truncated>0</truncated>
		<difficult>0</difficult>
		<robndbox>
			<cx>645.5</cx>
			<cy>400.5</cy>
			<w>23.0</w>
			<h>45.0</h>
			<angle>0.0</angle>
		</robndbox>
		<extra/>
	</object>
	<object>
		<name>0</name>
		<pose>Unspecified</pose>
		<truncated>0</truncated>
		<difficult>0</difficult>
		<robndbox>
			<cx>604.0</cx>
			<cy>507.5</cy>
			<w>24.0</w>
			<h>49.0</h>
			<angle>0.0</angle>
		</robndbox>
		<extra/>
	</object>
	<object>
		<name>0</name>
		<pose>Unspecified</pose>
		<truncated>0</truncated>
		<difficult>0</difficult>
		<robndbox>
			<cx>627.0</cx>
			<cy>507.5</cy>
			<w>24.0</w>
			<h>49.0</h>
			<angle>0.0</angle>
		</robndbox>
		<extra/>
	</object>
	<object>
		<name>0</name>
		<pose>Unspecified</pose>
		<truncated>0</truncated>
		<difficult>0</difficult>
		<robndbox>
			<cx>325.0</cx>
			<cy>396.0</cy>
			<w>20.0</w>
			<h>44.0</h>
			<angle>0.0</angle>
		</robndbox>
		<extra/>
	</object>
	<object>
		<name>0</name>
		<pose>Unspecified</pose>
		<truncated>0</truncated>
		<difficult>0</difficult>
		<robndbox>
			<cx>346.5</cx>
			<cy>394.5</cy>
			<w>23.0</w>
			<h>41.0</h>
			<angle>0.0</angle>
		</robndbox>
		<extra/>
	</object>
	<object>
		<name>needle</name>
		<pose>Unspecified</pose>
		<truncated>0</truncated>
		<difficult>0</difficult>
		<robndbox>
			<cx>443.2074</cx>
			<cy>438.664</cy>
			<w>79.8859</w>
			<h>342.2465</h>
			<angle>3.936729</angle>
		</robndbox>
		<extra/>
	</object>
</annotation>
