<annotation>
	<folder>images</folder>
	<filename>8ffe7a4a-4ad4-4063-b460-a53cd04e1171.jpg</filename>
	<path>C:\Users\yaman\Documents\images\8ffe7a4a-4ad4-4063-b460-a53cd04e1171.jpg</path>
	<source>
		<database>Unknown</database>
	</source>
	<size>
		<width>1000</width>
		<height>1000</height>
		<depth>3</depth>
	</size>
	<segmented>0</segmented>
	<object>
		<name>scale</name>
		<pose>Unspecified</pose>
		<truncated>0</truncated>
		<difficult>0</difficult>
		<robndbox>
			<cx>195.141</cx>
			<cy>622.3618</cy>
			<w>26.9143</w>
			<h>31.1306</h>
			<angle>5.873373</angle>
		</robndbox>
		<extra/>
	</object>
	<object>
		<name>scale</name>
		<pose>Unspecified</pose>
		<truncated>0</truncated>
		<difficult>0</difficult>
		<robndbox>
			<cx>799.0922</cx>
			<cy>604.736</cy>
			<w>35.6375</w>
			<h>30.9097</h>
			<angle>3.478115</angle>
		</robndbox>
		<extra/>
	</object>
	<object>
		<name>scale</name>
		<pose>Unspecified</pose>
		<truncated>0</truncated>
		<difficult>0</difficult>
		<robndbox>
			<cx>186.8385</cx>
			<cy>601.2733</cy>
			<w>27.3429</w>
			<h>30.0149</h>
			<angle>5.940751</angle>
		</robndbox>
		<extra/>
	</object>
	<object>
		<name>scale</name>
		<pose>Unspecified</pose>
		<truncated>0</truncated>
		<difficult>0</difficult>
		<robndbox>
			<cx>180.9789</cx>
			<cy>580.9187</cy>
			<w>27.0975</w>
			<h>29.59</h>
			<angle>6.008129</angle>
		</robndbox>
		<extra/>
	</object>
	<object>
		<name>scale</name>
		<pose>Unspecified</pose>
		<truncated>0</truncated>
		<difficult>0</difficult>
		<robndbox>
			<cx>175.5774</cx>
			<cy>559.4138</cy>
			<w>27.3616</w>
			<h>29.4469</h>
			<angle>6.075507</angle>
		</robndbox>
		<extra/>
	</object>
	<object>
		<name>scale</name>
		<pose>Unspecified</pose>
		<truncated>0</truncated>
		<difficult>0</difficult>
		<robndbox>
			<cx>171.8027</cx>
			<cy>538.0658</cy>
			<w>26.9143</w>
			<h>31.1306</h>
			<angle>6.142885</angle>
		</robndbox>
		<extra/>
	</object>
	<object>
		<name>scale</name>
		<pose>Unspecified</pose>
		<truncated>0</truncated>
		<difficult>0</difficult>
		<robndbox>
			<cx>170.5103</cx>
			<cy>518.645</cy>
			<w>26.9143</w>
			<h>31.1306</h>
			<angle>6.210263</angle>
		</robndbox>
		<extra/>
	</object>
	<object>
		<name>scale</name>
		<pose>Unspecified</pose>
		<truncated>0</truncated>
		<difficult>0</difficult>
		<robndbox>
			<cx>170.1473</cx>
			<cy>496.379</cy>
			<w>27.8754</w>
			<h>30.604</h>
			<angle>6.277642</angle>
		</robndbox>
		<extra/>
	</object>
	<object>
		<name>scale</name>
		<pose>Unspecified</pose>
		<truncated>0</truncated>
		<difficult>0</difficult>
		<robndbox>
			<cx>171.9391</cx>
			<cy>475.1439</cy>
			<w>28.3161</w>
			<h>30.0951</h>
			<angle>0.061834</angle>
		</robndbox>
		<extra/>
	</object>
	<object>
		<name>scale</name>
		<pose>Unspecified</pose>
		<truncated>0</truncated>
		<difficult>0</difficult>
		<robndbox>
			<cx>173.3263</cx>
			<cy>454.139</cy>
			<w>26.9143</w>
			<h>31.1306</h>
			<angle>0.129212</angle>
		</robndbox>
		<extra/>
	</object>
	<object>
		<name>scale</name>
		<pose>Unspecified</pose>
		<truncated>0</truncated>
		<difficult>0</difficult>
		<robndbox>
			<cx>176.8202</cx>
			<cy>430.8811</cy>
			<w>26.9143</w>
			<h>31.1306</h>
			<angle>0.19659</angle>
		</robndbox>
		<extra/>
	</object>
	<object>
		<name>scale</name>
		<pose>Unspecified</pose>
		<truncated>0</truncated>
		<difficult>0</difficult>
		<robndbox>
			<cx>181.9038</cx>
			<cy>411.6847</cy>
			<w>27.6415</w>
			<h>32.5459</h>
			<angle>0.263968</angle>
		</robndbox>
		<extra/>
	</object>
	<object>
		<name>scale</name>
		<pose>Unspecified</pose>
		<truncated>0</truncated>
		<difficult>0</difficult>
		<robndbox>
			<cx>188.6971</cx>
			<cy>389.6072</cy>
			<w>27.6696</w>
			<h>29.3825</h>
			<angle>0.331346</angle>
		</robndbox>
		<extra/>
	</object>
	<object>
		<name>scale</name>
		<pose>Unspecified</pose>
		<truncated>0</truncated>
		<difficult>0</difficult>
		<robndbox>
			<cx>196.1939</cx>
			<cy>369.3091</cy>
			<w>27.0577</w>
			<h>29.1645</h>
			<angle>0.398725</angle>
		</robndbox>
		<extra/>
	</object>
	<object>
		<name>scale</name>
		<pose>Unspecified</pose>
		<truncated>0</truncated>
		<difficult>0</difficult>
		<robndbox>
			<cx>205.3786</cx>
			<cy>350.2421</cy>
			<w>26.7606</w>
			<h>29.6762</h>
			<angle>0.466103</angle>
		</robndbox>
		<extra/>
	</object>
	<object>
		<name>scale</name>
		<pose>Unspecified</pose>
		<truncated>0</truncated>
		<difficult>0</difficult>
		<robndbox>
			<cx>216.0984</cx>
			<cy>330.719</cy>
			<w>26.9143</w>
			<h>31.1306</h>
			<angle>0.533481</angle>
		</robndbox>
		<extra/>
	</object>
	<object>
		<name>scale</name>
		<pose>Unspecified</pose>
		<truncated>0</truncated>
		<difficult>0</difficult>
		<robndbox>
			<cx>226.6724</cx>
			<cy>314.549</cy>
			<w>26.9143</w>
			<h>31.1306</h>
			<angle>0.600859</angle>
		</robndbox>
		<extra/>
	</object>
	<object>
		<name>scale</name>
		<pose>Unspecified</pose>
		<truncated>0</truncated>
		<difficult>0</difficult>
		<robndbox>
			<cx>240.2625</cx>
			<cy>296.322</cy>
			<w>28.3519</w>
			<h>30.3079</h>
			<angle>0.668237</angle>
		</robndbox>
		<extra/>
	</object>
	<object>
		<name>scale</name>
		<pose>Unspecified</pose>
		<truncated>0</truncated>
		<difficult>0</difficult>
		<robndbox>
			<cx>253.9106</cx>
			<cy>279.5892</cy>
			<w>28.8677</w>
			<h>31.6287</h>
			<angle>0.735615</angle>
		</robndbox>
		<extra/>
	</object>
	<object>
		<name>scale</name>
		<pose>Unspecified</pose>
		<truncated>0</truncated>
		<difficult>0</difficult>
		<robndbox>
			<cx>269.0956</cx>
			<cy>263.89</cy>
			<w>28.8526</w>
			<h>30.9006</h>
			<angle>0.802993</angle>
		</robndbox>
		<extra/>
	</object>
	<object>
		<name>scale</name>
		<pose>Unspecified</pose>
		<truncated>0</truncated>
		<difficult>0</difficult>
		<robndbox>
			<cx>285.7804</cx>
			<cy>248.7594</cy>
			<w>28.8955</w>
			<h>31.6326</h>
			<angle>0.870371</angle>
		</robndbox>
		<extra/>
	</object>
	<object>
		<name>scale</name>
		<pose>Unspecified</pose>
		<truncated>0</truncated>
		<difficult>0</difficult>
		<robndbox>
			<cx>301.3765</cx>
			<cy>236.4382</cy>
			<w>28.1035</w>
			<h>33.0191</h>
			<angle>0.937749</angle>
		</robndbox>
		<extra/>
	</object>
	<object>
		<name>scale</name>
		<pose>Unspecified</pose>
		<truncated>0</truncated>
		<difficult>0</difficult>
		<robndbox>
			<cx>320.349</cx>
			<cy>223.1732</cy>
			<w>28.5984</w>
			<h>30.7662</h>
			<angle>1.005127</angle>
		</robndbox>
		<extra/>
	</object>
	<object>
		<name>scale</name>
		<pose>Unspecified</pose>
		<truncated>0</truncated>
		<difficult>0</difficult>
		<robndbox>
			<cx>339.4293</cx>
			<cy>212.5887</cy>
			<w>29.7132</w>
			<h>30.8051</h>
			<angle>1.072505</angle>
		</robndbox>
		<extra/>
	</object>
	<object>
		<name>scale</name>
		<pose>Unspecified</pose>
		<truncated>0</truncated>
		<difficult>0</difficult>
		<robndbox>
			<cx>358.473</cx>
			<cy>203.536</cy>
			<w>30.9437</w>
			<h>30.6754</h>
			<angle>1.139883</angle>
		</robndbox>
		<extra/>
	</object>
	<object>
		<name>scale</name>
		<pose>Unspecified</pose>
		<truncated>0</truncated>
		<difficult>0</difficult>
		<robndbox>
			<cx>379.2528</cx>
			<cy>194.6689</cy>
			<w>31.4244</w>
			<h>31.7549</h>
			<angle>1.207261</angle>
		</robndbox>
		<extra/>
	</object>
	<object>
		<name>scale</name>
		<pose>Unspecified</pose>
		<truncated>0</truncated>
		<difficult>0</difficult>
		<robndbox>
			<cx>398.1547</cx>
			<cy>188.0719</cy>
			<w>30.5753</w>
			<h>32.1677</h>
			<angle>1.274639</angle>
		</robndbox>
		<extra/>
	</object>
	<object>
		<name>scale</name>
		<pose>Unspecified</pose>
		<truncated>0</truncated>
		<difficult>0</difficult>
		<robndbox>
			<cx>419.5188</cx>
			<cy>182.1231</cy>
			<w>31.5454</w>
			<h>30.9995</h>
			<angle>1.342017</angle>
		</robndbox>
		<extra/>
	</object>
	<object>
		<name>scale</name>
		<pose>Unspecified</pose>
		<truncated>0</truncated>
		<difficult>0</difficult>
		<robndbox>
			<cx>440.6323</cx>
			<cy>177.9615</cy>
			<w>31.5481</w>
			<h>30.7339</h>
			<angle>1.409395</angle>
		</robndbox>
		<extra/>
	</object>
	<object>
		<name>scale</name>
		<pose>Unspecified</pose>
		<truncated>0</truncated>
		<difficult>0</difficult>
		<robndbox>
			<cx>461.336</cx>
			<cy>175.0132</cy>
			<w>30.9791</w>
			<h>30.5545</h>
			<angle>1.476773</angle>
		</robndbox>
		<extra/>
	</object>
	<object>
		<name>scale</name>
		<pose>Unspecified</pose>
		<truncated>0</truncated>
		<difficult>0</difficult>
		<robndbox>
			<cx>484.5088</cx>
			<cy>173.313</cy>
			<w>32.2415</w>
			<h>32.1349</h>
			<angle>1.544151</angle>
		</robndbox>
		<extra/>
	</object>
	<object>
		<name>scale</name>
		<pose>Unspecified</pose>
		<truncated>0</truncated>
		<difficult>0</difficult>
		<robndbox>
			<cx>504.737</cx>
			<cy>173.3678</cy>
			<w>29.9954</w>
			<h>31.7738</h>
			<angle>1.611529</angle>
		</robndbox>
		<extra/>
	</object>
	<object>
		<name>scale</name>
		<pose>Unspecified</pose>
		<truncated>0</truncated>
		<difficult>0</difficult>
		<robndbox>
			<cx>526.9698</cx>
			<cy>175.1796</cy>
			<w>30.6325</w>
			<h>29.5382</h>
			<angle>1.678907</angle>
		</robndbox>
		<extra/>
	</object>
	<object>
		<name>scale</name>
		<pose>Unspecified</pose>
		<truncated>0</truncated>
		<difficult>0</difficult>
		<robndbox>
			<cx>548.156</cx>
			<cy>177.7469</cy>
			<w>31.4606</w>
			<h>31.667</h>
			<angle>1.746285</angle>
		</robndbox>
		<extra/>
	</object>
	<object>
		<name>scale</name>
		<pose>Unspecified</pose>
		<truncated>0</truncated>
		<difficult>0</difficult>
		<robndbox>
			<cx>569.245</cx>
			<cy>182.065</cy>
			<w>33.5271</w>
			<h>30.4668</h>
			<angle>1.813664</angle>
		</robndbox>
		<extra/>
	</object>
	<object>
		<name>scale</name>
		<pose>Unspecified</pose>
		<truncated>0</truncated>
		<difficult>0</difficult>
		<robndbox>
			<cx>591.6865</cx>
			<cy>188.6255</cy>
			<w>32.5063</w>
			<h>32.0826</h>
			<angle>1.881042</angle>
		</robndbox>
		<extra/>
	</object>
	<object>
		<name>scale</name>
		<pose>Unspecified</pose>
		<truncated>0</truncated>
		<difficult>0</difficult>
		<robndbox>
			<cx>610.4307</cx>
			<cy>194.9169</cy>
			<w>32.8762</w>
			<h>31.4782</h>
			<angle>1.94842</angle>
		</robndbox>
		<extra/>
	</object>
	<object>
		<name>scale</name>
		<pose>Unspecified</pose>
		<truncated>0</truncated>
		<difficult>0</difficult>
		<robndbox>
			<cx>630.429</cx>
			<cy>203.4241</cy>
			<w>32.4312</w>
			<h>32.2424</h>
			<angle>2.015798</angle>
		</robndbox>
		<extra/>
	</object>
	<object>
		<name>scale</name>
		<pose>Unspecified</pose>
		<truncated>0</truncated>
		<difficult>0</difficult>
		<robndbox>
			<cx>649.6336</cx>
			<cy>213.1291</cy>
			<w>32.8627</w>
			<h>30.7989</h>
			<angle>2.083176</angle>
		</robndbox>
		<extra/>
	</object>
	<object>
		<name>scale</name>
		<pose>Unspecified</pose>
		<truncated>0</truncated>
		<difficult>0</difficult>
		<robndbox>
			<cx>667.9983</cx>
			<cy>224.0105</cy>
			<w>32.4082</w>
			<h>30.7881</h>
			<angle>2.150554</angle>
		</robndbox>
		<extra/>
	</object>
	<object>
		<name>scale</name>
		<pose>Unspecified</pose>
		<truncated>0</truncated>
		<difficult>0</difficult>
		<robndbox>
			<cx>686.4784</cx>
			<cy>237.0438</cy>
			<w>33.5889</w>
			<h>31.7043</h>
			<angle>2.217932</angle>
		</robndbox>
		<extra/>
	</object>
	<object>
		<name>scale</name>
		<pose>Unspecified</pose>
		<truncated>0</truncated>
		<difficult>0</difficult>
		<robndbox>
			<cx>702.5307</cx>
			<cy>249.7017</cy>
			<w>33.274</w>
			<h>32.7523</h>
			<angle>2.28531</angle>
		</robndbox>
		<extra/>
	</object>
	<object>
		<name>scale</name>
		<pose>Unspecified</pose>
		<truncated>0</truncated>
		<difficult>0</difficult>
		<robndbox>
			<cx>719.6142</cx>
			<cy>265.954</cy>
			<w>33.5716</w>
			<h>31.6059</h>
			<angle>2.352688</angle>
		</robndbox>
		<extra/>
	</object>
	<object>
		<name>scale</name>
		<pose>Unspecified</pose>
		<truncated>0</truncated>
		<difficult>0</difficult>
		<robndbox>
			<cx>734.1899</cx>
			<cy>281.2677</cy>
			<w>33.3192</w>
			<h>31.2418</h>
			<angle>2.420066</angle>
		</robndbox>
		<extra/>
	</object>
	<object>
		<name>scale</name>
		<pose>Unspecified</pose>
		<truncated>0</truncated>
		<difficult>0</difficult>
		<robndbox>
			<cx>748.2213</cx>
			<cy>297.6074</cy>
			<w>32.3637</w>
			<h>31.6199</h>
			<angle>2.487444</angle>
		</robndbox>
		<extra/>
	</object>
	<object>
		<name>scale</name>
		<pose>Unspecified</pose>
		<truncated>0</truncated>
		<difficult>0</difficult>
		<robndbox>
			<cx>761.174</cx>
			<cy>315.9352</cy>
			<w>33.0506</w>
			<h>31.0187</h>
			<angle>2.554822</angle>
		</robndbox>
		<extra/>
	</object>
	<object>
		<name>scale</name>
		<pose>Unspecified</pose>
		<truncated>0</truncated>
		<difficult>0</difficult>
		<robndbox>
			<cx>772.1345</cx>
			<cy>332.1437</cy>
			<w>33.5265</w>
			<h>30.6154</h>
			<angle>2.584473</angle>
		</robndbox>
		<extra/>
	</object>
	<object>
		<name>scale</name>
		<pose>Unspecified</pose>
		<truncated>0</truncated>
		<difficult>0</difficult>
		<robndbox>
			<cx>783.2204</cx>
			<cy>352.393</cy>
			<w>34.5902</w>
			<h>29.0203</h>
			<angle>2.689578</angle>
		</robndbox>
		<extra/>
	</object>
	<object>
		<name>scale</name>
		<pose>Unspecified</pose>
		<truncated>0</truncated>
		<difficult>0</difficult>
		<robndbox>
			<cx>791.7594</cx>
			<cy>370.9369</cy>
			<w>35.0027</w>
			<h>29.12</h>
			<angle>2.756956</angle>
		</robndbox>
		<extra/>
	</object>
	<object>
		<name>scale</name>
		<pose>Unspecified</pose>
		<truncated>0</truncated>
		<difficult>0</difficult>
		<robndbox>
			<cx>799.6107</cx>
			<cy>391.7973</cy>
			<w>34.6674</w>
			<h>31.1447</h>
			<angle>2.824334</angle>
		</robndbox>
		<extra/>
	</object>
	<object>
		<name>scale</name>
		<pose>Unspecified</pose>
		<truncated>0</truncated>
		<difficult>0</difficult>
		<robndbox>
			<cx>805.7545</cx>
			<cy>412.9272</cy>
			<w>34.1497</w>
			<h>30.6528</h>
			<angle>2.891712</angle>
		</robndbox>
		<extra/>
	</object>
	<object>
		<name>scale</name>
		<pose>Unspecified</pose>
		<truncated>0</truncated>
		<difficult>0</difficult>
		<robndbox>
			<cx>810.6744</cx>
			<cy>433.7783</cy>
			<w>34.2348</w>
			<h>34.8082</h>
			<angle>2.95909</angle>
		</robndbox>
		<extra/>
	</object>
	<object>
		<name>scale</name>
		<pose>Unspecified</pose>
		<truncated>0</truncated>
		<difficult>0</difficult>
		<robndbox>
			<cx>814.8572</cx>
			<cy>456.3013</cy>
			<w>33.354</w>
			<h>29.763</h>
			<angle>3.026468</angle>
		</robndbox>
		<extra/>
	</object>
	<object>
		<name>scale</name>
		<pose>Unspecified</pose>
		<truncated>0</truncated>
		<difficult>0</difficult>
		<robndbox>
			<cx>817.2928</cx>
			<cy>477.4463</cy>
			<w>34.0332</w>
			<h>29.5167</h>
			<angle>3.093846</angle>
		</robndbox>
		<extra/>
	</object>
	<object>
		<name>scale</name>
		<pose>Unspecified</pose>
		<truncated>0</truncated>
		<difficult>0</difficult>
		<robndbox>
			<cx>816.4189</cx>
			<cy>522.0867</cy>
			<w>34.5168</w>
			<h>30.6583</h>
			<angle>3.220924</angle>
		</robndbox>
		<extra/>
	</object>
	<object>
		<name>scale</name>
		<pose>Unspecified</pose>
		<truncated>0</truncated>
		<difficult>0</difficult>
		<robndbox>
			<cx>817.4953</cx>
			<cy>499.005</cy>
			<w>34.0111</w>
			<h>31.0965</h>
			<angle>3.173663</angle>
		</robndbox>
		<extra/>
	</object>
	<object>
		<name>scale</name>
		<pose>Unspecified</pose>
		<truncated>0</truncated>
		<difficult>0</difficult>
		<robndbox>
			<cx>814.569</cx>
			<cy>541.1057</cy>
			<w>34.7069</w>
			<h>31.5003</h>
			<angle>3.295981</angle>
		</robndbox>
		<extra/>
	</object>
	<object>
		<name>scale</name>
		<pose>Unspecified</pose>
		<truncated>0</truncated>
		<difficult>0</difficult>
		<robndbox>
			<cx>810.9854</cx>
			<cy>562.7306</cy>
			<w>34.4743</w>
			<h>28.8274</h>
			<angle>3.363359</angle>
		</robndbox>
		<extra/>
	</object>
	<object>
		<name>scale</name>
		<pose>Unspecified</pose>
		<truncated>0</truncated>
		<difficult>0</difficult>
		<robndbox>
			<cx>805.692</cx>
			<cy>583.9084</cy>
			<w>34.4814</w>
			<h>29.2283</h>
			<angle>0.270737</angle>
		</robndbox>
		<extra/>
	</object>
	<object>
		<name>scale</name>
		<pose>Unspecified</pose>
		<truncated>0</truncated>
		<difficult>0</difficult>
		<robndbox>
			<cx>791.0922</cx>
			<cy>625.736</cy>
			<w>34.9394</w>
			<h>32.784</h>
			<angle>3.562104</angle>
		</robndbox>
		<extra/>
	</object>
	<object>
		<name>4</name>
		<pose>Unspecified</pose>
		<truncated>0</truncated>
		<difficult>0</difficult>
		<robndbox>
			<cx>326.5</cx>
			<cy>311.0</cy>
			<w>65.0</w>
			<h>54.0</h>
			<angle>0.0</angle>
		</robndbox>
		<extra/>
	</object>
	<object>
		<name>6</name>
		<pose>Unspecified</pose>
		<truncated>0</truncated>
		<difficult>0</difficult>
		<robndbox>
			<cx>460.5</cx>
			<cy>247.0</cy>
			<w>65.0</w>
			<h>54.0</h>
			<angle>0.0</angle>
		</robndbox>
		<extra/>
	</object>
	<object>
		<name>8</name>
		<pose>Unspecified</pose>
		<truncated>0</truncated>
		<difficult>0</difficult>
		<robndbox>
			<cx>594.5</cx>
			<cy>312.0</cy>
			<w>65.0</w>
			<h>54.0</h>
			<angle>0.0</angle>
		</robndbox>
		<extra/>
	</object>
	<object>
		<name>2</name>
		<pose>Unspecified</pose>
		<truncated>0</truncated>
		<difficult>0</difficult>
		<robndbox>
			<cx>257.5</cx>
			<cy>449.0</cy>
			<w>65.0</w>
			<h>54.0</h>
			<angle>0.0</angle>
		</robndbox>
		<extra/>
	</object>
	<object>
		<name>2</name>
		<pose>Unspecified</pose>
		<truncated>0</truncated>
		<difficult>0</difficult>
		<robndbox>
			<cx>651.5</cx>
			<cy>598.0</cy>
			<w>65.0</w>
			<h>54.0</h>
			<angle>0.0</angle>
		</robndbox>
		<extra/>
	</object>
	<object>
		<name>0</name>
		<pose>Unspecified</pose>
		<truncated>0</truncated>
		<difficult>0</difficult>
		<robndbox>
			<cx>658.5</cx>
			<cy>312.0</cy>
			<w>65.0</w>
			<h>54.0</h>
			<angle>0.0</angle>
		</robndbox>
		<extra/>
	</object>
	<object>
		<name>0</name>
		<pose>Unspecified</pose>
		<truncated>0</truncated>
		<difficult>0</difficult>
		<robndbox>
			<cx>523.5</cx>
			<cy>247.0</cy>
			<w>65.0</w>
			<h>54.0</h>
			<angle>0.0</angle>
		</robndbox>
		<extra/>
	</object>
	<object>
		<name>0</name>
		<pose>Unspecified</pose>
		<truncated>0</truncated>
		<difficult>0</difficult>
		<robndbox>
			<cx>736.5</cx>
			<cy>450.0</cy>
			<w>65.0</w>
			<h>54.0</h>
			<angle>0.0</angle>
		</robndbox>
		<extra/>
	</object>
	<object>
		<name>0</name>
		<pose>Unspecified</pose>
		<truncated>0</truncated>
		<difficult>0</difficult>
		<robndbox>
			<cx>673.5</cx>
			<cy>450.0</cy>
			<w>65.0</w>
			<h>54.0</h>
			<angle>0.0</angle>
		</robndbox>
		<extra/>
	</object>
	<object>
		<name>0</name>
		<pose>Unspecified</pose>
		<truncated>0</truncated>
		<difficult>0</difficult>
		<robndbox>
			<cx>320.5</cx>
			<cy>449.0</cy>
			<w>65.0</w>
			<h>54.0</h>
			<angle>0.0</angle>
		</robndbox>
		<extra/>
	</object>
	<object>
		<name>0</name>
		<pose>Unspecified</pose>
		<truncated>0</truncated>
		<difficult>0</difficult>
		<robndbox>
			<cx>269.5</cx>
			<cy>597.0</cy>
			<w>65.0</w>
			<h>54.0</h>
			<angle>0.0</angle>
		</robndbox>
		<extra/>
	</object>
	<object>
		<name>0</name>
		<pose>Unspecified</pose>
		<truncated>0</truncated>
		<difficult>0</difficult>
		<robndbox>
			<cx>715.5</cx>
			<cy>598.0</cy>
			<w>65.0</w>
			<h>54.0</h>
			<angle>0.0</angle>
		</robndbox>
		<extra/>
	</object>
	<object>
		<name>1</name>
		<pose>Unspecified</pose>
		<truncated>0</truncated>
		<difficult>0</difficult>
		<robndbox>
			<cx>595.0</cx>
			<cy>598.0</cy>
			<w>50.0</w>
			<h>54.0</h>
			<angle>0.0</angle>
		</robndbox>
		<extra/>
	</object>
	<object>
		<name>1</name>
		<pose>Unspecified</pose>
		<truncated>0</truncated>
		<difficult>0</difficult>
		<robndbox>
			<cx>616.0</cx>
			<cy>450.0</cy>
			<w>50.0</w>
			<h>54.0</h>
			<angle>0.0</angle>
		</robndbox>
		<extra/>
	</object>
	<object>
		<name>0</name>
		<pose>Unspecified</pose>
		<truncated>0</truncated>
		<difficult>0</difficult>
		<robndbox>
			<cx>389.5</cx>
			<cy>311.0</cy>
			<w>65.0</w>
			<h>54.0</h>
			<angle>0.0</angle>
		</robndbox>
		<extra/>
	</object>
	<object>
		<name>needle</name>
		<pose>Unspecified</pose>
		<truncated>0</truncated>
		<difficult>0</difficult>
		<robndbox>
			<cx>342.325</cx>
			<cy>377.7979</cy>
			<w>32.7983</w>
			<h>267.9497</h>
			<angle>5.383988</angle>
		</robndbox>
		<extra/>
	</object>
	<object>
		<name>2</name>
		<pose>Unspecified</pose>
		<truncated>0</truncated>
		<difficult>0</difficult>
		<robndbox>
			<cx>384.0</cx>
			<cy>528.5</cy>
			<w>22.0</w>
			<h>35.0</h>
			<angle>0.0</angle>
		</robndbox>
		<extra/>
	</object>
	<object>
		<name>0</name>
		<pose>Unspecified</pose>
		<truncated>0</truncated>
		<difficult>0</difficult>
		<robndbox>
			<cx>405.5</cx>
			<cy>528.5</cy>
			<w>23.0</w>
			<h>35.0</h>
			<angle>0.0</angle>
		</robndbox>
		<extra/>
	</object>
	<object>
		<name>0</name>
		<pose>Unspecified</pose>
		<truncated>0</truncated>
		<difficult>0</difficult>
		<robndbox>
			<cx>411.5</cx>
			<cy>452.5</cy>
			<w>23.0</w>
			<h>35.0</h>
			<angle>0.0</angle>
		</robndbox>
		<extra/>
	</object>
	<object>
		<name>0</name>
		<pose>Unspecified</pose>
		<truncated>0</truncated>
		<difficult>0</difficult>
		<robndbox>
			<cx>597.5</cx>
			<cy>473.5</cy>
			<w>23.0</w>
			<h>35.0</h>
			<angle>0.0</angle>
		</robndbox>
		<extra/>
	</object>
	<object>
		<name>0</name>
		<pose>Unspecified</pose>
		<truncated>0</truncated>
		<difficult>0</difficult>
		<robndbox>
			<cx>607.5</cx>
			<cy>547.5</cy>
			<w>23.0</w>
			<h>35.0</h>
			<angle>0.0</angle>
		</robndbox>
		<extra/>
	</object>
	<object>
		<name>6</name>
		<pose>Unspecified</pose>
		<truncated>0</truncated>
		<difficult>0</difficult>
		<robndbox>
			<cx>389.0</cx>
			<cy>452.5</cy>
			<w>22.0</w>
			<h>35.0</h>
			<angle>0.0</angle>
		</robndbox>
		<extra/>
	</object>
	<object>
		<name>4</name>
		<pose>Unspecified</pose>
		<truncated>0</truncated>
		<difficult>0</difficult>
		<robndbox>
			<cx>576.0</cx>
			<cy>473.5</cy>
			<w>22.0</w>
			<h>35.0</h>
			<angle>0.0</angle>
		</robndbox>
		<extra/>
	</object>
	<object>
		<name>8</name>
		<pose>Unspecified</pose>
		<truncated>0</truncated>
		<difficult>0</difficult>
		<robndbox>
			<cx>585.0</cx>
			<cy>547.5</cy>
			<w>22.0</w>
			<h>35.0</h>
			<angle>0.0</angle>
		</robndbox>
		<extra/>
	</object>
	<object>
		<name>1</name>
		<pose>Unspecified</pose>
		<truncated>0</truncated>
		<difficult>0</difficult>
		<robndbox>
			<cx>563.0</cx>
			<cy>547.5</cy>
			<w>22.0</w>
			<h>35.0</h>
			<angle>0.0</angle>
		</robndbox>
		<extra/>
	</object>
</annotation>
