<annotation>
	<folder>images</folder>
	<filename>9b0b6628-b9ab-44f8-8174-758d787228ab.jpg</filename>
	<path>C:\Users\yaman\Documents\images\9b0b6628-b9ab-44f8-8174-758d787228ab.jpg</path>
	<source>
		<database>Unknown</database>
	</source>
	<size>
		<width>799</width>
		<height>800</height>
		<depth>3</depth>
	</size>
	<segmented>0</segmented>
	<object>
		<name>scale</name>
		<pose>Unspecified</pose>
		<truncated>0</truncated>
		<difficult>0</difficult>
		<robndbox>
			<cx>136.6271</cx>
			<cy>399.7389</cy>
			<w>18.2162</w>
			<h>19.974</h>
			<angle>0.026845</angle>
		</robndbox>
		<extra/>
	</object>
	<object>
		<name>scale</name>
		<pose>Unspecified</pose>
		<truncated>0</truncated>
		<difficult>0</difficult>
		<robndbox>
			<cx>589.4614</cx>
			<cy>569.1846</cy>
			<w>19.9406</w>
			<h>40.3154</h>
			<angle>3.846225</angle>
		</robndbox>
		<extra/>
	</object>
	<object>
		<name>scale</name>
		<pose>Unspecified</pose>
		<truncated>0</truncated>
		<difficult>0</difficult>
		<robndbox>
			<cx>137.0908</cx>
			<cy>385.5162</cy>
			<w>18.4781</w>
			<h>18.3257</h>
			<angle>0.035374</angle>
		</robndbox>
		<extra/>
	</object>
	<object>
		<name>scale</name>
		<pose>Unspecified</pose>
		<truncated>0</truncated>
		<difficult>0</difficult>
		<robndbox>
			<cx>137.8519</cx>
			<cy>372.2423</cy>
			<w>18.2693</w>
			<h>19.3906</h>
			<angle>0.107402</angle>
		</robndbox>
		<extra/>
	</object>
	<object>
		<name>scale</name>
		<pose>Unspecified</pose>
		<truncated>0</truncated>
		<difficult>0</difficult>
		<robndbox>
			<cx>139.2808</cx>
			<cy>360.7273</cy>
			<w>18.2693</w>
			<h>19.3906</h>
			<angle>0.122432</angle>
		</robndbox>
		<extra/>
	</object>
	<object>
		<name>scale</name>
		<pose>Unspecified</pose>
		<truncated>0</truncated>
		<difficult>0</difficult>
		<robndbox>
			<cx>143.6687</cx>
			<cy>347.6729</cy>
			<w>18.8721</w>
			<h>19.5146</h>
			<angle>0.37096</angle>
		</robndbox>
		<extra/>
	</object>
	<object>
		<name>scale</name>
		<pose>Unspecified</pose>
		<truncated>0</truncated>
		<difficult>0</difficult>
		<robndbox>
			<cx>147.115</cx>
			<cy>335.7663</cy>
			<w>19.2278</w>
			<h>22.0181</h>
			<angle>0.024897</angle>
		</robndbox>
		<extra/>
	</object>
	<object>
		<name>scale</name>
		<pose>Unspecified</pose>
		<truncated>0</truncated>
		<difficult>0</difficult>
		<robndbox>
			<cx>147.5154</cx>
			<cy>321.0955</cy>
			<w>18.2693</w>
			<h>19.3906</h>
			<angle>0.298018</angle>
		</robndbox>
		<extra/>
	</object>
	<object>
		<name>scale</name>
		<pose>Unspecified</pose>
		<truncated>0</truncated>
		<difficult>0</difficult>
		<robndbox>
			<cx>151.7572</cx>
			<cy>307.9037</cy>
			<w>18.2693</w>
			<h>19.3906</h>
			<angle>0.336547</angle>
		</robndbox>
		<extra/>
	</object>
	<object>
		<name>scale</name>
		<pose>Unspecified</pose>
		<truncated>0</truncated>
		<difficult>0</difficult>
		<robndbox>
			<cx>157.3161</cx>
			<cy>294.5684</cy>
			<w>18.2693</w>
			<h>19.3906</h>
			<angle>0.405075</angle>
		</robndbox>
		<extra/>
	</object>
	<object>
		<name>scale</name>
		<pose>Unspecified</pose>
		<truncated>0</truncated>
		<difficult>0</difficult>
		<robndbox>
			<cx>162.9042</cx>
			<cy>280.1369</cy>
			<w>18.8315</w>
			<h>21.955</h>
			<angle>0.443604</angle>
		</robndbox>
		<extra/>
	</object>
	<object>
		<name>scale</name>
		<pose>Unspecified</pose>
		<truncated>0</truncated>
		<difficult>0</difficult>
		<robndbox>
			<cx>169.0052</cx>
			<cy>270.4524</cy>
			<w>17.9687</w>
			<h>23.2288</h>
			<angle>0.522133</angle>
		</robndbox>
		<extra/>
	</object>
	<object>
		<name>scale</name>
		<pose>Unspecified</pose>
		<truncated>0</truncated>
		<difficult>0</difficult>
		<robndbox>
			<cx>178.1451</cx>
			<cy>255.6779</cy>
			<w>18.2693</w>
			<h>19.3906</h>
			<angle>0.580662</angle>
		</robndbox>
		<extra/>
	</object>
	<object>
		<name>scale</name>
		<pose>Unspecified</pose>
		<truncated>0</truncated>
		<difficult>0</difficult>
		<robndbox>
			<cx>186.1857</cx>
			<cy>243.7132</cy>
			<w>18.2693</w>
			<h>19.3906</h>
			<angle>0.58919</angle>
		</robndbox>
		<extra/>
	</object>
	<object>
		<name>scale</name>
		<pose>Unspecified</pose>
		<truncated>0</truncated>
		<difficult>0</difficult>
		<robndbox>
			<cx>195.7081</cx>
			<cy>231.416</cy>
			<w>18.0471</w>
			<h>20.4715</h>
			<angle>0.697719</angle>
		</robndbox>
		<extra/>
	</object>
	<object>
		<name>scale</name>
		<pose>Unspecified</pose>
		<truncated>0</truncated>
		<difficult>0</difficult>
		<robndbox>
			<cx>207.785</cx>
			<cy>219.9897</cy>
			<w>20.1287</w>
			<h>22.9107</h>
			<angle>0.916248</angle>
		</robndbox>
		<extra/>
	</object>
	<object>
		<name>scale</name>
		<pose>Unspecified</pose>
		<truncated>0</truncated>
		<difficult>0</difficult>
		<robndbox>
			<cx>218.559</cx>
			<cy>210.2989</cy>
			<w>20.4664</w>
			<h>23.9902</h>
			<angle>0.614777</angle>
		</robndbox>
		<extra/>
	</object>
	<object>
		<name>scale</name>
		<pose>Unspecified</pose>
		<truncated>0</truncated>
		<difficult>0</difficult>
		<robndbox>
			<cx>229.8682</cx>
			<cy>197.0969</cy>
			<w>18.9124</w>
			<h>20.7237</h>
			<angle>0.873305</angle>
		</robndbox>
		<extra/>
	</object>
	<object>
		<name>scale</name>
		<pose>Unspecified</pose>
		<truncated>0</truncated>
		<difficult>0</difficult>
		<robndbox>
			<cx>242.8871</cx>
			<cy>186.6844</cy>
			<w>19.3211</w>
			<h>21.904</h>
			<angle>0.921834</angle>
		</robndbox>
		<extra/>
	</object>
	<object>
		<name>scale</name>
		<pose>Unspecified</pose>
		<truncated>0</truncated>
		<difficult>0</difficult>
		<robndbox>
			<cx>256.6962</cx>
			<cy>177.0854</cy>
			<w>19.2175</w>
			<h>21.4429</h>
			<angle>0.990363</angle>
		</robndbox>
		<extra/>
	</object>
	<object>
		<name>scale</name>
		<pose>Unspecified</pose>
		<truncated>0</truncated>
		<difficult>0</difficult>
		<robndbox>
			<cx>273.1637</cx>
			<cy>167.816</cy>
			<w>18.9387</w>
			<h>24.4548</h>
			<angle>1.068892</angle>
		</robndbox>
		<extra/>
	</object>
	<object>
		<name>scale</name>
		<pose>Unspecified</pose>
		<truncated>0</truncated>
		<difficult>0</difficult>
		<robndbox>
			<cx>285.4735</cx>
			<cy>161.7965</cy>
			<w>18.9903</w>
			<h>25.8793</h>
			<angle>1.13742</angle>
		</robndbox>
		<extra/>
	</object>
	<object>
		<name>scale</name>
		<pose>Unspecified</pose>
		<truncated>0</truncated>
		<difficult>0</difficult>
		<robndbox>
			<cx>303.999</cx>
			<cy>153.1881</cy>
			<w>18.9426</w>
			<h>22.2193</h>
			<angle>1.205949</angle>
		</robndbox>
		<extra/>
	</object>
	<object>
		<name>scale</name>
		<pose>Unspecified</pose>
		<truncated>0</truncated>
		<difficult>0</difficult>
		<robndbox>
			<cx>321.5892</cx>
			<cy>147.013</cy>
			<w>19.0618</w>
			<h>22.5056</h>
			<angle>1.324478</angle>
		</robndbox>
		<extra/>
	</object>
	<object>
		<name>scale</name>
		<pose>Unspecified</pose>
		<truncated>0</truncated>
		<difficult>0</difficult>
		<robndbox>
			<cx>339.2922</cx>
			<cy>143.533</cy>
			<w>18.2192</w>
			<h>20.9614</h>
			<angle>1.423007</angle>
		</robndbox>
		<extra/>
	</object>
	<object>
		<name>scale</name>
		<pose>Unspecified</pose>
		<truncated>0</truncated>
		<difficult>0</difficult>
		<robndbox>
			<cx>358.8744</cx>
			<cy>142.1575</cy>
			<w>19.6584</w>
			<h>25.9211</h>
			<angle>1.651535</angle>
		</robndbox>
		<extra/>
	</object>
	<object>
		<name>scale</name>
		<pose>Unspecified</pose>
		<truncated>0</truncated>
		<difficult>0</difficult>
		<robndbox>
			<cx>376.3072</cx>
			<cy>140.218</cy>
			<w>19.9121</w>
			<h>26.1147</h>
			<angle>1.330064</angle>
		</robndbox>
		<extra/>
	</object>
	<object>
		<name>scale</name>
		<pose>Unspecified</pose>
		<truncated>0</truncated>
		<difficult>0</difficult>
		<robndbox>
			<cx>396.9154</cx>
			<cy>137.3698</cy>
			<w>17.2077</w>
			<h>23.8689</h>
			<angle>1.568593</angle>
		</robndbox>
		<extra/>
	</object>
	<object>
		<name>scale</name>
		<pose>Unspecified</pose>
		<truncated>0</truncated>
		<difficult>0</difficult>
		<robndbox>
			<cx>416.2288</cx>
			<cy>137.7289</cy>
			<w>17.657</w>
			<h>23.6654</h>
			<angle>1.617121</angle>
		</robndbox>
		<extra/>
	</object>
	<object>
		<name>scale</name>
		<pose>Unspecified</pose>
		<truncated>0</truncated>
		<difficult>0</difficult>
		<robndbox>
			<cx>436.6027</cx>
			<cy>140.2091</cy>
			<w>18.8243</w>
			<h>23.3204</h>
			<angle>1.69565</angle>
		</robndbox>
		<extra/>
	</object>
	<object>
		<name>scale</name>
		<pose>Unspecified</pose>
		<truncated>0</truncated>
		<difficult>0</difficult>
		<robndbox>
			<cx>457.9643</cx>
			<cy>142.8951</cy>
			<w>19.1325</w>
			<h>26.0919</h>
			<angle>1.764179</angle>
		</robndbox>
		<extra/>
	</object>
	<object>
		<name>scale</name>
		<pose>Unspecified</pose>
		<truncated>0</truncated>
		<difficult>0</difficult>
		<robndbox>
			<cx>474.9964</cx>
			<cy>148.7702</cy>
			<w>20.1009</w>
			<h>29.0424</h>
			<angle>1.902708</angle>
		</robndbox>
		<extra/>
	</object>
	<object>
		<name>scale</name>
		<pose>Unspecified</pose>
		<truncated>0</truncated>
		<difficult>0</difficult>
		<robndbox>
			<cx>497.5</cx>
			<cy>157.5</cy>
			<w>18.237</w>
			<h>26.1804</h>
			<angle>1.971236</angle>
		</robndbox>
		<extra/>
	</object>
	<object>
		<name>scale</name>
		<pose>Unspecified</pose>
		<truncated>0</truncated>
		<difficult>0</difficult>
		<robndbox>
			<cx>518.1627</cx>
			<cy>166.797</cy>
			<w>18.7875</w>
			<h>26.1074</h>
			<angle>2.019765</angle>
		</robndbox>
		<extra/>
	</object>
	<object>
		<name>scale</name>
		<pose>Unspecified</pose>
		<truncated>0</truncated>
		<difficult>0</difficult>
		<robndbox>
			<cx>536.9172</cx>
			<cy>178.2964</cy>
			<w>18.5179</w>
			<h>25.8818</h>
			<angle>2.188294</angle>
		</robndbox>
		<extra/>
	</object>
	<object>
		<name>scale</name>
		<pose>Unspecified</pose>
		<truncated>0</truncated>
		<difficult>0</difficult>
		<robndbox>
			<cx>553.5688</cx>
			<cy>194.2567</cy>
			<w>20.4779</w>
			<h>29.3871</h>
			<angle>2.396823</angle>
		</robndbox>
		<extra/>
	</object>
	<object>
		<name>scale</name>
		<pose>Unspecified</pose>
		<truncated>0</truncated>
		<difficult>0</difficult>
		<robndbox>
			<cx>571.0607</cx>
			<cy>209.2987</cy>
			<w>19.5311</w>
			<h>32.8409</h>
			<angle>2.175351</angle>
		</robndbox>
		<extra/>
	</object>
	<object>
		<name>scale</name>
		<pose>Unspecified</pose>
		<truncated>0</truncated>
		<difficult>0</difficult>
		<robndbox>
			<cx>590.9516</cx>
			<cy>225.6198</cy>
			<w>20.119</w>
			<h>29.4799</h>
			<angle>2.37388</angle>
		</robndbox>
		<extra/>
	</object>
	<object>
		<name>scale</name>
		<pose>Unspecified</pose>
		<truncated>0</truncated>
		<difficult>0</difficult>
		<robndbox>
			<cx>606.533</cx>
			<cy>244.8319</cy>
			<w>19.9356</w>
			<h>30.5205</h>
			<angle>2.482409</angle>
		</robndbox>
		<extra/>
	</object>
	<object>
		<name>scale</name>
		<pose>Unspecified</pose>
		<truncated>0</truncated>
		<difficult>0</difficult>
		<robndbox>
			<cx>620.5694</cx>
			<cy>266.3303</cy>
			<w>18.8674</w>
			<h>29.9029</h>
			<angle>2.610938</angle>
		</robndbox>
		<extra/>
	</object>
	<object>
		<name>scale</name>
		<pose>Unspecified</pose>
		<truncated>0</truncated>
		<difficult>0</difficult>
		<robndbox>
			<cx>632.8413</cx>
			<cy>290.446</cy>
			<w>20.5512</w>
			<h>33.4731</h>
			<angle>2.739466</angle>
		</robndbox>
		<extra/>
	</object>
	<object>
		<name>scale</name>
		<pose>Unspecified</pose>
		<truncated>0</truncated>
		<difficult>0</difficult>
		<robndbox>
			<cx>641.7346</cx>
			<cy>310.8098</cy>
			<w>19.9217</w>
			<h>35.9094</h>
			<angle>2.817995</angle>
		</robndbox>
		<extra/>
	</object>
	<object>
		<name>scale</name>
		<pose>Unspecified</pose>
		<truncated>0</truncated>
		<difficult>0</difficult>
		<robndbox>
			<cx>649.3981</cx>
			<cy>340.1251</cy>
			<w>18.5133</w>
			<h>30.9119</h>
			<angle>2.986524</angle>
		</robndbox>
		<extra/>
	</object>
	<object>
		<name>scale</name>
		<pose>Unspecified</pose>
		<truncated>0</truncated>
		<difficult>0</difficult>
		<robndbox>
			<cx>653.0676</cx>
			<cy>367.611</cy>
			<w>19.1149</w>
			<h>33.9328</h>
			<angle>2.995053</angle>
		</robndbox>
		<extra/>
	</object>
	<object>
		<name>scale</name>
		<pose>Unspecified</pose>
		<truncated>0</truncated>
		<difficult>0</difficult>
		<robndbox>
			<cx>655.3722</cx>
			<cy>395.0516</cy>
			<w>18.9994</w>
			<h>31.7455</h>
			<angle>3.133581</angle>
		</robndbox>
		<extra/>
	</object>
	<object>
		<name>scale</name>
		<pose>Unspecified</pose>
		<truncated>0</truncated>
		<difficult>0</difficult>
		<robndbox>
			<cx>650.9125</cx>
			<cy>422.9955</cy>
			<w>19.0189</w>
			<h>35.6542</h>
			<angle>3.42211</angle>
		</robndbox>
		<extra/>
	</object>
	<object>
		<name>scale</name>
		<pose>Unspecified</pose>
		<truncated>0</truncated>
		<difficult>0</difficult>
		<robndbox>
			<cx>645.7915</cx>
			<cy>451.8498</cy>
			<w>18.16</w>
			<h>40.1713</h>
			<angle>3.190639</angle>
		</robndbox>
		<extra/>
	</object>
	<object>
		<name>scale</name>
		<pose>Unspecified</pose>
		<truncated>0</truncated>
		<difficult>0</difficult>
		<robndbox>
			<cx>639.573</cx>
			<cy>483.6432</cy>
			<w>18.4315</w>
			<h>36.6256</h>
			<angle>3.489168</angle>
		</robndbox>
		<extra/>
	</object>
	<object>
		<name>scale</name>
		<pose>Unspecified</pose>
		<truncated>0</truncated>
		<difficult>0</difficult>
		<robndbox>
			<cx>626.318</cx>
			<cy>514.0972</cy>
			<w>17.7676</w>
			<h>37.8666</h>
			<angle>3.617696</angle>
		</robndbox>
		<extra/>
	</object>
	<object>
		<name>scale</name>
		<pose>Unspecified</pose>
		<truncated>0</truncated>
		<difficult>0</difficult>
		<robndbox>
			<cx>609.8947</cx>
			<cy>542.4863</cy>
			<w>19.6963</w>
			<h>38.6901</h>
			<angle>3.716225</angle>
		</robndbox>
		<extra/>
	</object>
	<object>
		<name>scale</name>
		<pose>Unspecified</pose>
		<truncated>0</truncated>
		<difficult>0</difficult>
		<robndbox>
			<cx>137.8952</cx>
			<cy>417.2555</cy>
			<w>19.2093</w>
			<h>36.9867</h>
			<angle>6.170031</angle>
		</robndbox>
		<extra/>
	</object>
	<object>
		<name>scale</name>
		<pose>Unspecified</pose>
		<truncated>0</truncated>
		<difficult>0</difficult>
		<robndbox>
			<cx>144.8952</cx>
			<cy>448.2555</cy>
			<w>19.2093</w>
			<h>36.9867</h>
			<angle>5.980031</angle>
		</robndbox>
		<extra/>
	</object>
	<object>
		<name>scale</name>
		<pose>Unspecified</pose>
		<truncated>0</truncated>
		<difficult>0</difficult>
		<robndbox>
			<cx>150.8952</cx>
			<cy>473.2555</cy>
			<w>19.2093</w>
			<h>36.9867</h>
			<angle>6.140031</angle>
		</robndbox>
		<extra/>
	</object>
	<object>
		<name>scale</name>
		<pose>Unspecified</pose>
		<truncated>0</truncated>
		<difficult>0</difficult>
		<robndbox>
			<cx>158.3368</cx>
			<cy>501.0873</cy>
			<w>19.1246</w>
			<h>34.3983</h>
			<angle>5.870031</angle>
		</robndbox>
		<extra/>
	</object>
	<object>
		<name>scale</name>
		<pose>Unspecified</pose>
		<truncated>0</truncated>
		<difficult>0</difficult>
		<robndbox>
			<cx>167.3368</cx>
			<cy>519.0873</cy>
			<w>19.1246</w>
			<h>34.3983</h>
			<angle>5.740031</angle>
		</robndbox>
		<extra/>
	</object>
	<object>
		<name>scale</name>
		<pose>Unspecified</pose>
		<truncated>0</truncated>
		<difficult>0</difficult>
		<robndbox>
			<cx>183.3931</cx>
			<cy>539.2603</cy>
			<w>20.3035</w>
			<h>33.2328</h>
			<angle>5.560031</angle>
		</robndbox>
		<extra/>
	</object>
	<object>
		<name>scale</name>
		<pose>Unspecified</pose>
		<truncated>0</truncated>
		<difficult>0</difficult>
		<robndbox>
			<cx>208.0241</cx>
			<cy>572.7762</cy>
			<w>20.8965</w>
			<h>29.0333</h>
			<angle>5.520031</angle>
		</robndbox>
		<extra/>
	</object>
	<object>
		<name>scale</name>
		<pose>Unspecified</pose>
		<truncated>0</truncated>
		<difficult>0</difficult>
		<robndbox>
			<cx>195.0241</cx>
			<cy>554.7762</cy>
			<w>20.8965</w>
			<h>29.0333</h>
			<angle>5.770031</angle>
		</robndbox>
		<extra/>
	</object>
	<object>
		<name>2</name>
		<pose>Unspecified</pose>
		<truncated>0</truncated>
		<difficult>0</difficult>
		<robndbox>
			<cx>294.4839</cx>
			<cy>242.0</cy>
			<w>31.0</w>
			<h>68.0</h>
			<angle>0.0</angle>
		</robndbox>
		<extra/>
	</object>
	<object>
		<name>2</name>
		<pose>Unspecified</pose>
		<truncated>0</truncated>
		<difficult>0</difficult>
		<robndbox>
			<cx>325.4839</cx>
			<cy>242.0</cy>
			<w>31.0</w>
			<h>68.0</h>
			<angle>0.0</angle>
		</robndbox>
		<extra/>
	</object>
	<object>
		<name>2</name>
		<pose>Unspecified</pose>
		<truncated>0</truncated>
		<difficult>0</difficult>
		<robndbox>
			<cx>413.4839</cx>
			<cy>229.0</cy>
			<w>31.0</w>
			<h>68.0</h>
			<angle>0.0</angle>
		</robndbox>
		<extra/>
	</object>
	<object>
		<name>2</name>
		<pose>Unspecified</pose>
		<truncated>0</truncated>
		<difficult>0</difficult>
		<robndbox>
			<cx>519.4839</cx>
			<cy>330.0</cy>
			<w>31.0</w>
			<h>68.0</h>
			<angle>0.0</angle>
		</robndbox>
		<extra/>
	</object>
	<object>
		<name>2</name>
		<pose>Unspecified</pose>
		<truncated>0</truncated>
		<difficult>0</difficult>
		<robndbox>
			<cx>221.4839</cx>
			<cy>317.0</cy>
			<w>31.0</w>
			<h>68.0</h>
			<angle>0.0</angle>
		</robndbox>
		<extra/>
	</object>
	<object>
		<name>2</name>
		<pose>Unspecified</pose>
		<truncated>0</truncated>
		<difficult>0</difficult>
		<robndbox>
			<cx>515.4839</cx>
			<cy>525.0</cy>
			<w>19.0</w>
			<h>42.0</h>
			<angle>0.0</angle>
		</robndbox>
		<extra/>
	</object>
	<object>
		<name>4</name>
		<pose>Unspecified</pose>
		<truncated>0</truncated>
		<difficult>0</difficult>
		<robndbox>
			<cx>443.4839</cx>
			<cy>229.0</cy>
			<w>31.0</w>
			<h>68.0</h>
			<angle>0.0</angle>
		</robndbox>
		<extra/>
	</object>
	<object>
		<name>6</name>
		<pose>Unspecified</pose>
		<truncated>0</truncated>
		<difficult>0</difficult>
		<robndbox>
			<cx>549.4839</cx>
			<cy>330.0</cy>
			<w>31.0</w>
			<h>68.0</h>
			<angle>0.0</angle>
		</robndbox>
		<extra/>
	</object>
	<object>
		<name>8</name>
		<pose>Unspecified</pose>
		<truncated>0</truncated>
		<difficult>0</difficult>
		<robndbox>
			<cx>220.4839</cx>
			<cy>398.0</cy>
			<w>31.0</w>
			<h>68.0</h>
			<angle>0.0</angle>
		</robndbox>
		<extra/>
	</object>
	<object>
		<name>1</name>
		<pose>Unspecified</pose>
		<truncated>0</truncated>
		<difficult>0</difficult>
		<robndbox>
			<cx>193.9839</cx>
			<cy>398.0</cy>
			<w>22.0</w>
			<h>68.0</h>
			<angle>0.0</angle>
		</robndbox>
		<extra/>
	</object>
	<object>
		<name>0</name>
		<pose>Unspecified</pose>
		<truncated>0</truncated>
		<difficult>0</difficult>
		<robndbox>
			<cx>251.4839</cx>
			<cy>317.0</cy>
			<w>31.0</w>
			<h>68.0</h>
			<angle>0.0</angle>
		</robndbox>
		<extra/>
	</object>
	<object>
		<name>0</name>
		<pose>Unspecified</pose>
		<truncated>0</truncated>
		<difficult>0</difficult>
		<robndbox>
			<cx>281.4839</cx>
			<cy>317.0</cy>
			<w>31.0</w>
			<h>68.0</h>
			<angle>0.0</angle>
		</robndbox>
		<extra/>
	</object>
	<object>
		<name>0</name>
		<pose>Unspecified</pose>
		<truncated>0</truncated>
		<difficult>0</difficult>
		<robndbox>
			<cx>355.4839</cx>
			<cy>242.0</cy>
			<w>31.0</w>
			<h>68.0</h>
			<angle>0.0</angle>
		</robndbox>
		<extra/>
	</object>
	<object>
		<name>0</name>
		<pose>Unspecified</pose>
		<truncated>0</truncated>
		<difficult>0</difficult>
		<robndbox>
			<cx>474.4839</cx>
			<cy>229.0</cy>
			<w>31.0</w>
			<h>68.0</h>
			<angle>0.0</angle>
		</robndbox>
		<extra/>
	</object>
	<object>
		<name>0</name>
		<pose>Unspecified</pose>
		<truncated>0</truncated>
		<difficult>0</difficult>
		<robndbox>
			<cx>579.4839</cx>
			<cy>332.0</cy>
			<w>31.0</w>
			<h>68.0</h>
			<angle>0.0</angle>
		</robndbox>
		<extra/>
	</object>
	<object>
		<name>0</name>
		<pose>Unspecified</pose>
		<truncated>0</truncated>
		<difficult>0</difficult>
		<robndbox>
			<cx>250.4839</cx>
			<cy>399.0</cy>
			<w>31.0</w>
			<h>68.0</h>
			<angle>0.0</angle>
		</robndbox>
		<extra/>
	</object>
	<object>
		<name>0</name>
		<pose>Unspecified</pose>
		<truncated>0</truncated>
		<difficult>0</difficult>
		<robndbox>
			<cx>243.4839</cx>
			<cy>478.0</cy>
			<w>19.0</w>
			<h>42.0</h>
			<angle>0.0</angle>
		</robndbox>
		<extra/>
	</object>
	<object>
		<name>0</name>
		<pose>Unspecified</pose>
		<truncated>0</truncated>
		<difficult>0</difficult>
		<robndbox>
			<cx>551.4839</cx>
			<cy>525.0</cy>
			<w>19.0</w>
			<h>42.0</h>
			<angle>0.0</angle>
		</robndbox>
		<extra/>
	</object>
	<object>
		<name>8</name>
		<pose>Unspecified</pose>
		<truncated>0</truncated>
		<difficult>0</difficult>
		<robndbox>
			<cx>534.4839</cx>
			<cy>525.0</cy>
			<w>19.0</w>
			<h>42.0</h>
			<angle>0.0</angle>
		</robndbox>
		<extra/>
	</object>
	<object>
		<name>6</name>
		<pose>Unspecified</pose>
		<truncated>0</truncated>
		<difficult>0</difficult>
		<robndbox>
			<cx>226.4839</cx>
			<cy>478.0</cy>
			<w>19.0</w>
			<h>42.0</h>
			<angle>0.0</angle>
		</robndbox>
		<extra/>
	</object>
	<object>
		<name>1</name>
		<pose>Unspecified</pose>
		<truncated>0</truncated>
		<difficult>0</difficult>
		<robndbox>
			<cx>209.9839</cx>
			<cy>477.5</cy>
			<w>14.0</w>
			<h>41.0</h>
			<angle>0.0</angle>
		</robndbox>
		<extra/>
	</object>
	<object>
		<name>needle</name>
		<pose>Unspecified</pose>
		<truncated>0</truncated>
		<difficult>0</difficult>
		<robndbox>
			<cx>351.1874</cx>
			<cy>437.1644</cy>
			<w>53.0377</w>
			<h>378.2265</h>
			<angle>3.91253</angle>
		</robndbox>
		<extra/>
	</object>
	<object>
		<name>1</name>
		<pose>Unspecified</pose>
		<truncated>0</truncated>
		<difficult>0</difficult>
		<robndbox>
			<cx>245.9839</cx>
			<cy>524.5</cy>
			<w>14.0</w>
			<h>41.0</h>
			<angle>0.0</angle>
		</robndbox>
		<extra/>
	</object>
</annotation>
