<annotation>
	<folder>images</folder>
	<filename>9eac2ac4-0eab-48d9-9488-7f974a7ce826.jpg</filename>
	<path>C:\Users\yaman\Documents\images\9eac2ac4-0eab-48d9-9488-7f974a7ce826.jpg</path>
	<source>
		<database>Unknown</database>
	</source>
	<size>
		<width>730</width>
		<height>730</height>
		<depth>3</depth>
	</size>
	<segmented>0</segmented>
	<object>
		<name>scale</name>
		<pose>Unspecified</pose>
		<truncated>0</truncated>
		<difficult>0</difficult>
		<robndbox>
			<cx>213.8808</cx>
			<cy>513.4465</cy>
			<w>25.0792</w>
			<h>20.1008</h>
			<angle>0.040796</angle>
		</robndbox>
		<extra/>
	</object>
	<object>
		<name>scale</name>
		<pose>Unspecified</pose>
		<truncated>0</truncated>
		<difficult>0</difficult>
		<robndbox>
			<cx>497.542</cx>
			<cy>233.939</cy>
			<w>24.4424</w>
			<h>21.1125</h>
			<angle>1.570796</angle>
		</robndbox>
		<extra/>
	</object>
	<object>
		<name>scale</name>
		<pose>Unspecified</pose>
		<truncated>0</truncated>
		<difficult>0</difficult>
		<robndbox>
			<cx>214.8268</cx>
			<cy>498.5209</cy>
			<w>24.1627</w>
			<h>21.0381</h>
			<angle>0.08252</angle>
		</robndbox>
		<extra/>
	</object>
	<object>
		<name>scale</name>
		<pose>Unspecified</pose>
		<truncated>0</truncated>
		<difficult>0</difficult>
		<robndbox>
			<cx>216.14</cx>
			<cy>484.0064</cy>
			<w>24.4424</w>
			<h>21.1125</h>
			<angle>0.154245</angle>
		</robndbox>
		<extra/>
	</object>
	<object>
		<name>scale</name>
		<pose>Unspecified</pose>
		<truncated>0</truncated>
		<difficult>0</difficult>
		<robndbox>
			<cx>218.817</cx>
			<cy>468.6244</cy>
			<w>23.9636</w>
			<h>21.2871</h>
			<angle>0.155969</angle>
		</robndbox>
		<extra/>
	</object>
	<object>
		<name>scale</name>
		<pose>Unspecified</pose>
		<truncated>0</truncated>
		<difficult>0</difficult>
		<robndbox>
			<cx>221.7361</cx>
			<cy>454.3149</cy>
			<w>24.4424</w>
			<h>21.1125</h>
			<angle>0.257693</angle>
		</robndbox>
		<extra/>
	</object>
	<object>
		<name>scale</name>
		<pose>Unspecified</pose>
		<truncated>0</truncated>
		<difficult>0</difficult>
		<robndbox>
			<cx>226.1376</cx>
			<cy>439.2633</cy>
			<w>24.4424</w>
			<h>21.1125</h>
			<angle>0.329417</angle>
		</robndbox>
		<extra/>
	</object>
	<object>
		<name>scale</name>
		<pose>Unspecified</pose>
		<truncated>0</truncated>
		<difficult>0</difficult>
		<robndbox>
			<cx>231.2596</cx>
			<cy>425.4579</cy>
			<w>24.4424</w>
			<h>21.1125</h>
			<angle>0.381141</angle>
		</robndbox>
		<extra/>
	</object>
	<object>
		<name>scale</name>
		<pose>Unspecified</pose>
		<truncated>0</truncated>
		<difficult>0</difficult>
		<robndbox>
			<cx>237.0886</cx>
			<cy>411.9359</cy>
			<w>24.4424</w>
			<h>21.1125</h>
			<angle>0.432865</angle>
		</robndbox>
		<extra/>
	</object>
	<object>
		<name>scale</name>
		<pose>Unspecified</pose>
		<truncated>0</truncated>
		<difficult>0</difficult>
		<robndbox>
			<cx>243.6089</cx>
			<cy>397.7333</cy>
			<w>24.4424</w>
			<h>21.1125</h>
			<angle>0.484589</angle>
		</robndbox>
		<extra/>
	</object>
	<object>
		<name>scale</name>
		<pose>Unspecified</pose>
		<truncated>0</truncated>
		<difficult>0</difficult>
		<robndbox>
			<cx>249.8031</cx>
			<cy>383.8855</cy>
			<w>24.4424</w>
			<h>21.1125</h>
			<angle>0.496314</angle>
		</robndbox>
		<extra/>
	</object>
	<object>
		<name>scale</name>
		<pose>Unspecified</pose>
		<truncated>0</truncated>
		<difficult>0</difficult>
		<robndbox>
			<cx>257.6519</cx>
			<cy>370.4268</cy>
			<w>24.4424</w>
			<h>21.1125</h>
			<angle>0.588038</angle>
		</robndbox>
		<extra/>
	</object>
	<object>
		<name>scale</name>
		<pose>Unspecified</pose>
		<truncated>0</truncated>
		<difficult>0</difficult>
		<robndbox>
			<cx>265.1343</cx>
			<cy>358.3905</cy>
			<w>24.4424</w>
			<h>21.1125</h>
			<angle>0.639762</angle>
		</robndbox>
		<extra/>
	</object>
	<object>
		<name>scale</name>
		<pose>Unspecified</pose>
		<truncated>0</truncated>
		<difficult>0</difficult>
		<robndbox>
			<cx>274.2277</cx>
			<cy>345.8089</cy>
			<w>24.4424</w>
			<h>21.1125</h>
			<angle>0.691486</angle>
		</robndbox>
		<extra/>
	</object>
	<object>
		<name>scale</name>
		<pose>Unspecified</pose>
		<truncated>0</truncated>
		<difficult>0</difficult>
		<robndbox>
			<cx>283.9076</cx>
			<cy>334.7129</cy>
			<w>24.4424</w>
			<h>21.1125</h>
			<angle>0.74321</angle>
		</robndbox>
		<extra/>
	</object>
	<object>
		<name>scale</name>
		<pose>Unspecified</pose>
		<truncated>0</truncated>
		<difficult>0</difficult>
		<robndbox>
			<cx>294.1484</cx>
			<cy>323.1323</cy>
			<w>24.4424</w>
			<h>21.1125</h>
			<angle>0.744934</angle>
		</robndbox>
		<extra/>
	</object>
	<object>
		<name>scale</name>
		<pose>Unspecified</pose>
		<truncated>0</truncated>
		<difficult>0</difficult>
		<robndbox>
			<cx>304.9224</cx>
			<cy>312.0952</cy>
			<w>24.4424</w>
			<h>21.1125</h>
			<angle>0.806658</angle>
		</robndbox>
		<extra/>
	</object>
	<object>
		<name>scale</name>
		<pose>Unspecified</pose>
		<truncated>0</truncated>
		<difficult>0</difficult>
		<robndbox>
			<cx>316.201</cx>
			<cy>302.6286</cy>
			<w>24.4424</w>
			<h>21.1125</h>
			<angle>0.898383</angle>
		</robndbox>
		<extra/>
	</object>
	<object>
		<name>scale</name>
		<pose>Unspecified</pose>
		<truncated>0</truncated>
		<difficult>0</difficult>
		<robndbox>
			<cx>328.9539</cx>
			<cy>292.7578</cy>
			<w>24.4424</w>
			<h>21.1125</h>
			<angle>0.950107</angle>
		</robndbox>
		<extra/>
	</object>
	<object>
		<name>scale</name>
		<pose>Unspecified</pose>
		<truncated>0</truncated>
		<difficult>0</difficult>
		<robndbox>
			<cx>341.1497</cx>
			<cy>283.5064</cy>
			<w>24.4424</w>
			<h>21.1125</h>
			<angle>0.971831</angle>
		</robndbox>
		<extra/>
	</object>
	<object>
		<name>scale</name>
		<pose>Unspecified</pose>
		<truncated>0</truncated>
		<difficult>0</difficult>
		<robndbox>
			<cx>353.7558</cx>
			<cy>275.8967</cy>
			<w>24.4424</w>
			<h>21.1125</h>
			<angle>1.053555</angle>
		</robndbox>
		<extra/>
	</object>
	<object>
		<name>scale</name>
		<pose>Unspecified</pose>
		<truncated>0</truncated>
		<difficult>0</difficult>
		<robndbox>
			<cx>366.7385</cx>
			<cy>268.9488</cy>
			<w>24.4424</w>
			<h>21.1125</h>
			<angle>1.105279</angle>
		</robndbox>
		<extra/>
	</object>
	<object>
		<name>scale</name>
		<pose>Unspecified</pose>
		<truncated>0</truncated>
		<difficult>0</difficult>
		<robndbox>
			<cx>380.0631</cx>
			<cy>262.6815</cy>
			<w>24.4424</w>
			<h>21.1125</h>
			<angle>1.157003</angle>
		</robndbox>
		<extra/>
	</object>
	<object>
		<name>scale</name>
		<pose>Unspecified</pose>
		<truncated>0</truncated>
		<difficult>0</difficult>
		<robndbox>
			<cx>393.6938</cx>
			<cy>257.1115</cy>
			<w>24.4424</w>
			<h>21.1125</h>
			<angle>1.208727</angle>
		</robndbox>
		<extra/>
	</object>
	<object>
		<name>scale</name>
		<pose>Unspecified</pose>
		<truncated>0</truncated>
		<difficult>0</difficult>
		<robndbox>
			<cx>408.5943</cx>
			<cy>251.2536</cy>
			<w>24.4424</w>
			<h>21.1125</h>
			<angle>1.260451</angle>
		</robndbox>
		<extra/>
	</object>
	<object>
		<name>scale</name>
		<pose>Unspecified</pose>
		<truncated>0</truncated>
		<difficult>0</difficult>
		<robndbox>
			<cx>422.7274</cx>
			<cy>246.1209</cy>
			<w>24.4424</w>
			<h>21.1125</h>
			<angle>1.312176</angle>
		</robndbox>
		<extra/>
	</object>
	<object>
		<name>scale</name>
		<pose>Unspecified</pose>
		<truncated>0</truncated>
		<difficult>0</difficult>
		<robndbox>
			<cx>437.0552</cx>
			<cy>242.7244</cy>
			<w>24.4424</w>
			<h>21.1125</h>
			<angle>1.3639</angle>
		</robndbox>
		<extra/>
	</object>
	<object>
		<name>scale</name>
		<pose>Unspecified</pose>
		<truncated>0</truncated>
		<difficult>0</difficult>
		<robndbox>
			<cx>451.5395</cx>
			<cy>239.0732</cy>
			<w>24.4424</w>
			<h>21.1125</h>
			<angle>1.415624</angle>
		</robndbox>
		<extra/>
	</object>
	<object>
		<name>scale</name>
		<pose>Unspecified</pose>
		<truncated>0</truncated>
		<difficult>0</difficult>
		<robndbox>
			<cx>467.1414</cx>
			<cy>236.1744</cy>
			<w>24.4424</w>
			<h>21.1125</h>
			<angle>1.467348</angle>
		</robndbox>
		<extra/>
	</object>
	<object>
		<name>scale</name>
		<pose>Unspecified</pose>
		<truncated>0</truncated>
		<difficult>0</difficult>
		<robndbox>
			<cx>482.8591</cx>
			<cy>235.3079</cy>
			<w>24.9951</w>
			<h>21.0669</h>
			<angle>1.519072</angle>
		</robndbox>
		<extra/>
	</object>
	<object>
		<name>2</name>
		<pose>Unspecified</pose>
		<truncated>0</truncated>
		<difficult>0</difficult>
		<robndbox>
			<cx>385.5</cx>
			<cy>329.0</cy>
			<w>17.0</w>
			<h>32.0</h>
			<angle>0.0</angle>
		</robndbox>
		<extra/>
	</object>
	<object>
		<name>1</name>
		<pose>Unspecified</pose>
		<truncated>0</truncated>
		<difficult>0</difficult>
		<robndbox>
			<cx>300.0</cx>
			<cy>413.0</cy>
			<w>14.0</w>
			<h>32.0</h>
			<angle>0.0</angle>
		</robndbox>
		<extra/>
	</object>
	<object>
		<name>3</name>
		<pose>Unspecified</pose>
		<truncated>0</truncated>
		<difficult>0</difficult>
		<robndbox>
			<cx>495.5</cx>
			<cy>298.0</cy>
			<w>17.0</w>
			<h>32.0</h>
			<angle>0.0</angle>
		</robndbox>
		<extra/>
	</object>
	<object>
		<name>0</name>
		<pose>Unspecified</pose>
		<truncated>0</truncated>
		<difficult>0</difficult>
		<robndbox>
			<cx>511.5</cx>
			<cy>298.0</cy>
			<w>17.0</w>
			<h>32.0</h>
			<angle>0.0</angle>
		</robndbox>
		<extra/>
	</object>
	<object>
		<name>0</name>
		<pose>Unspecified</pose>
		<truncated>0</truncated>
		<difficult>0</difficult>
		<robndbox>
			<cx>401.5</cx>
			<cy>329.0</cy>
			<w>17.0</w>
			<h>32.0</h>
			<angle>0.0</angle>
		</robndbox>
		<extra/>
	</object>
	<object>
		<name>0</name>
		<pose>Unspecified</pose>
		<truncated>0</truncated>
		<difficult>0</difficult>
		<robndbox>
			<cx>314.5</cx>
			<cy>413.0</cy>
			<w>17.0</w>
			<h>32.0</h>
			<angle>0.0</angle>
		</robndbox>
		<extra/>
	</object>
	<object>
		<name>0</name>
		<pose>Unspecified</pose>
		<truncated>0</truncated>
		<difficult>0</difficult>
		<robndbox>
			<cx>269.5</cx>
			<cy>521.0</cy>
			<w>17.0</w>
			<h>32.0</h>
			<angle>0.0</angle>
		</robndbox>
		<extra/>
	</object>
	<object>
		<name>needle</name>
		<pose>Unspecified</pose>
		<truncated>0</truncated>
		<difficult>0</difficult>
		<robndbox>
			<cx>329.2545</cx>
			<cy>519.0907</cy>
			<w>23.4044</w>
			<h>214.956</h>
			<angle>4.686437</angle>
		</robndbox>
		<extra/>
	</object>
	<object>
		<name>A</name>
		<pose>Unspecified</pose>
		<truncated>0</truncated>
		<difficult>0</difficult>
		<robndbox>
			<cx>242.0</cx>
			<cy>255.0</cy>
			<w>40.0</w>
			<h>58.0</h>
			<angle>0.0</angle>
		</robndbox>
		<extra/>
	</object>
</annotation>
