<annotation>
	<folder>images</folder>
	<filename>9ef7feaf-4350-47ac-8d9e-592b62960e20.jpg</filename>
	<path>C:\Users\yaman\Documents\images\9ef7feaf-4350-47ac-8d9e-592b62960e20.jpg</path>
	<source>
		<database>Unknown</database>
	</source>
	<size>
		<width>800</width>
		<height>800</height>
		<depth>3</depth>
	</size>
	<segmented>0</segmented>
	<object>
		<name>scale</name>
		<pose>Unspecified</pose>
		<truncated>0</truncated>
		<difficult>0</difficult>
		<robndbox>
			<cx>230.403</cx>
			<cy>472.4609</cy>
			<w>25.4072</w>
			<h>26.3395</h>
			<angle>5.653981</angle>
		</robndbox>
		<extra/>
	</object>
	<object>
		<name>scale</name>
		<pose>Unspecified</pose>
		<truncated>0</truncated>
		<difficult>0</difficult>
		<robndbox>
			<cx>553.1091</cx>
			<cy>492.5887</cy>
			<w>25.1884</w>
			<h>26.8608</h>
			<angle>3.930796</angle>
		</robndbox>
		<extra/>
	</object>
	<object>
		<name>scale</name>
		<pose>Unspecified</pose>
		<truncated>0</truncated>
		<difficult>0</difficult>
		<robndbox>
			<cx>218.9982</cx>
			<cy>456.0216</cy>
			<w>25.4072</w>
			<h>26.3395</h>
			<angle>5.750152</angle>
		</robndbox>
		<extra/>
	</object>
	<object>
		<name>scale</name>
		<pose>Unspecified</pose>
		<truncated>0</truncated>
		<difficult>0</difficult>
		<robndbox>
			<cx>209.304</cx>
			<cy>438.7886</cy>
			<w>25.4072</w>
			<h>26.3395</h>
			<angle>5.826322</angle>
		</robndbox>
		<extra/>
	</object>
	<object>
		<name>scale</name>
		<pose>Unspecified</pose>
		<truncated>0</truncated>
		<difficult>0</difficult>
		<robndbox>
			<cx>200.4007</cx>
			<cy>419.805</cy>
			<w>25.4072</w>
			<h>26.3395</h>
			<angle>5.912492</angle>
		</robndbox>
		<extra/>
	</object>
	<object>
		<name>scale</name>
		<pose>Unspecified</pose>
		<truncated>0</truncated>
		<difficult>0</difficult>
		<robndbox>
			<cx>194.3521</cx>
			<cy>401.2462</cy>
			<w>25.4072</w>
			<h>26.3395</h>
			<angle>5.998662</angle>
		</robndbox>
		<extra/>
	</object>
	<object>
		<name>scale</name>
		<pose>Unspecified</pose>
		<truncated>0</truncated>
		<difficult>0</difficult>
		<robndbox>
			<cx>189.205</cx>
			<cy>381.2931</cy>
			<w>25.4072</w>
			<h>26.3395</h>
			<angle>6.124832</angle>
		</robndbox>
		<extra/>
	</object>
	<object>
		<name>scale</name>
		<pose>Unspecified</pose>
		<truncated>0</truncated>
		<difficult>0</difficult>
		<robndbox>
			<cx>185.9883</cx>
			<cy>362.13</cy>
			<w>25.4072</w>
			<h>26.3395</h>
			<angle>6.171003</angle>
		</robndbox>
		<extra/>
	</object>
	<object>
		<name>scale</name>
		<pose>Unspecified</pose>
		<truncated>0</truncated>
		<difficult>0</difficult>
		<robndbox>
			<cx>184.7134</cx>
			<cy>340.9432</cy>
			<w>25.4072</w>
			<h>26.3395</h>
			<angle>6.277173</angle>
		</robndbox>
		<extra/>
	</object>
	<object>
		<name>scale</name>
		<pose>Unspecified</pose>
		<truncated>0</truncated>
		<difficult>0</difficult>
		<robndbox>
			<cx>185.3735</cx>
			<cy>322.9193</cy>
			<w>25.4072</w>
			<h>26.3395</h>
			<angle>0.110158</angle>
		</robndbox>
		<extra/>
	</object>
	<object>
		<name>scale</name>
		<pose>Unspecified</pose>
		<truncated>0</truncated>
		<difficult>0</difficult>
		<robndbox>
			<cx>189.944</cx>
			<cy>302.2433</cy>
			<w>25.4072</w>
			<h>26.3395</h>
			<angle>0.276328</angle>
		</robndbox>
		<extra/>
	</object>
	<object>
		<name>scale</name>
		<pose>Unspecified</pose>
		<truncated>0</truncated>
		<difficult>0</difficult>
		<robndbox>
			<cx>195.3828</cx>
			<cy>282.0972</cy>
			<w>25.4072</w>
			<h>26.3395</h>
			<angle>0.302498</angle>
		</robndbox>
		<extra/>
	</object>
	<object>
		<name>scale</name>
		<pose>Unspecified</pose>
		<truncated>0</truncated>
		<difficult>0</difficult>
		<robndbox>
			<cx>201.6302</cx>
			<cy>263.6578</cy>
			<w>25.4072</w>
			<h>26.3395</h>
			<angle>0.368668</angle>
		</robndbox>
		<extra/>
	</object>
	<object>
		<name>scale</name>
		<pose>Unspecified</pose>
		<truncated>0</truncated>
		<difficult>0</difficult>
		<robndbox>
			<cx>210.6101</cx>
			<cy>245.0955</cy>
			<w>25.4072</w>
			<h>26.3395</h>
			<angle>0.504839</angle>
		</robndbox>
		<extra/>
	</object>
	<object>
		<name>scale</name>
		<pose>Unspecified</pose>
		<truncated>0</truncated>
		<difficult>0</difficult>
		<robndbox>
			<cx>222.2303</cx>
			<cy>227.5726</cy>
			<w>25.4072</w>
			<h>26.3395</h>
			<angle>0.581009</angle>
		</robndbox>
		<extra/>
	</object>
	<object>
		<name>scale</name>
		<pose>Unspecified</pose>
		<truncated>0</truncated>
		<difficult>0</difficult>
		<robndbox>
			<cx>235.3833</cx>
			<cy>211.2419</cy>
			<w>25.4072</w>
			<h>26.3395</h>
			<angle>0.717179</angle>
		</robndbox>
		<extra/>
	</object>
	<object>
		<name>scale</name>
		<pose>Unspecified</pose>
		<truncated>0</truncated>
		<difficult>0</difficult>
		<robndbox>
			<cx>265.6883</cx>
			<cy>174.7379</cy>
			<w>25.0057</w>
			<h>25.3007</h>
			<angle>0.843349</angle>
		</robndbox>
		<extra/>
	</object>
	<object>
		<name>scale</name>
		<pose>Unspecified</pose>
		<truncated>0</truncated>
		<difficult>0</difficult>
		<robndbox>
			<cx>282.7887</cx>
			<cy>164.7114</cy>
			<w>25.4072</w>
			<h>26.3395</h>
			<angle>0.93952</angle>
		</robndbox>
		<extra/>
	</object>
	<object>
		<name>scale</name>
		<pose>Unspecified</pose>
		<truncated>0</truncated>
		<difficult>0</difficult>
		<robndbox>
			<cx>301.7601</cx>
			<cy>155.7567</cy>
			<w>25.4072</w>
			<h>26.3395</h>
			<angle>1.06569</angle>
		</robndbox>
		<extra/>
	</object>
	<object>
		<name>scale</name>
		<pose>Unspecified</pose>
		<truncated>0</truncated>
		<difficult>0</difficult>
		<robndbox>
			<cx>321.7049</cx>
			<cy>146.4822</cy>
			<w>25.4072</w>
			<h>26.3395</h>
			<angle>1.15186</angle>
		</robndbox>
		<extra/>
	</object>
	<object>
		<name>scale</name>
		<pose>Unspecified</pose>
		<truncated>0</truncated>
		<difficult>0</difficult>
		<robndbox>
			<cx>341.4574</cx>
			<cy>139.9737</cy>
			<w>25.4072</w>
			<h>26.3395</h>
			<angle>1.25803</angle>
		</robndbox>
		<extra/>
	</object>
	<object>
		<name>scale</name>
		<pose>Unspecified</pose>
		<truncated>0</truncated>
		<difficult>0</difficult>
		<robndbox>
			<cx>361.8442</cx>
			<cy>135.3006</cy>
			<w>25.4072</w>
			<h>26.3395</h>
			<angle>1.3942</angle>
		</robndbox>
		<extra/>
	</object>
	<object>
		<name>scale</name>
		<pose>Unspecified</pose>
		<truncated>0</truncated>
		<difficult>0</difficult>
		<robndbox>
			<cx>382.6862</cx>
			<cy>132.5152</cy>
			<w>25.4072</w>
			<h>26.3395</h>
			<angle>1.510371</angle>
		</robndbox>
		<extra/>
	</object>
	<object>
		<name>scale</name>
		<pose>Unspecified</pose>
		<truncated>0</truncated>
		<difficult>0</difficult>
		<robndbox>
			<cx>403.7999</cx>
			<cy>132.6526</cy>
			<w>25.4072</w>
			<h>26.3395</h>
			<angle>1.586541</angle>
		</robndbox>
		<extra/>
	</object>
	<object>
		<name>scale</name>
		<pose>Unspecified</pose>
		<truncated>0</truncated>
		<difficult>0</difficult>
		<robndbox>
			<cx>424.9996</cx>
			<cy>133.73</cy>
			<w>25.4072</w>
			<h>26.3395</h>
			<angle>1.642711</angle>
		</robndbox>
		<extra/>
	</object>
	<object>
		<name>scale</name>
		<pose>Unspecified</pose>
		<truncated>0</truncated>
		<difficult>0</difficult>
		<robndbox>
			<cx>446.0985</cx>
			<cy>136.7466</cy>
			<w>25.4072</w>
			<h>26.3395</h>
			<angle>1.738881</angle>
		</robndbox>
		<extra/>
	</object>
	<object>
		<name>scale</name>
		<pose>Unspecified</pose>
		<truncated>0</truncated>
		<difficult>0</difficult>
		<robndbox>
			<cx>465.9109</cx>
			<cy>141.6838</cy>
			<w>25.4072</w>
			<h>26.3395</h>
			<angle>1.855052</angle>
		</robndbox>
		<extra/>
	</object>
	<object>
		<name>scale</name>
		<pose>Unspecified</pose>
		<truncated>0</truncated>
		<difficult>0</difficult>
		<robndbox>
			<cx>486.2537</cx>
			<cy>149.5053</cy>
			<w>25.4072</w>
			<h>26.3395</h>
			<angle>1.951222</angle>
		</robndbox>
		<extra/>
	</object>
	<object>
		<name>scale</name>
		<pose>Unspecified</pose>
		<truncated>0</truncated>
		<difficult>0</difficult>
		<robndbox>
			<cx>504.9481</cx>
			<cy>158.1572</cy>
			<w>25.4072</w>
			<h>26.3395</h>
			<angle>2.007392</angle>
		</robndbox>
		<extra/>
	</object>
	<object>
		<name>scale</name>
		<pose>Unspecified</pose>
		<truncated>0</truncated>
		<difficult>0</difficult>
		<robndbox>
			<cx>522.8213</cx>
			<cy>168.5688</cy>
			<w>25.4072</w>
			<h>26.3395</h>
			<angle>2.103562</angle>
		</robndbox>
		<extra/>
	</object>
	<object>
		<name>scale</name>
		<pose>Unspecified</pose>
		<truncated>0</truncated>
		<difficult>0</difficult>
		<robndbox>
			<cx>540.7083</cx>
			<cy>178.6532</cy>
			<w>25.4072</w>
			<h>26.3395</h>
			<angle>2.199732</angle>
		</robndbox>
		<extra/>
	</object>
	<object>
		<name>scale</name>
		<pose>Unspecified</pose>
		<truncated>0</truncated>
		<difficult>0</difficult>
		<robndbox>
			<cx>555.6535</cx>
			<cy>189.8916</cy>
			<w>25.0786</w>
			<h>23.8749</h>
			<angle>2.485484</angle>
		</robndbox>
		<extra/>
	</object>
	<object>
		<name>scale</name>
		<pose>Unspecified</pose>
		<truncated>0</truncated>
		<difficult>0</difficult>
		<robndbox>
			<cx>251.5355</cx>
			<cy>184.4399</cy>
			<w>27.1956</w>
			<h>22.1728</h>
			<angle>0.652073</angle>
		</robndbox>
		<extra/>
	</object>
	<object>
		<name>scale</name>
		<pose>Unspecified</pose>
		<truncated>0</truncated>
		<difficult>0</difficult>
		<robndbox>
			<cx>568.9448</cx>
			<cy>217.8468</cy>
			<w>25.4072</w>
			<h>26.3395</h>
			<angle>2.488243</angle>
		</robndbox>
		<extra/>
	</object>
	<object>
		<name>scale</name>
		<pose>Unspecified</pose>
		<truncated>0</truncated>
		<difficult>0</difficult>
		<robndbox>
			<cx>581.4381</cx>
			<cy>233.4582</cy>
			<w>25.4072</w>
			<h>26.3395</h>
			<angle>2.584413</angle>
		</robndbox>
		<extra/>
	</object>
	<object>
		<name>scale</name>
		<pose>Unspecified</pose>
		<truncated>0</truncated>
		<difficult>0</difficult>
		<robndbox>
			<cx>592.2833</cx>
			<cy>251.0964</cy>
			<w>25.4072</w>
			<h>26.3395</h>
			<angle>2.680583</angle>
		</robndbox>
		<extra/>
	</object>
	<object>
		<name>scale</name>
		<pose>Unspecified</pose>
		<truncated>0</truncated>
		<difficult>0</difficult>
		<robndbox>
			<cx>600.3892</cx>
			<cy>269.5984</cy>
			<w>25.4072</w>
			<h>26.3395</h>
			<angle>2.776754</angle>
		</robndbox>
		<extra/>
	</object>
	<object>
		<name>scale</name>
		<pose>Unspecified</pose>
		<truncated>0</truncated>
		<difficult>0</difficult>
		<robndbox>
			<cx>607.6811</cx>
			<cy>289.7933</cy>
			<w>25.4072</w>
			<h>26.3395</h>
			<angle>2.872924</angle>
		</robndbox>
		<extra/>
	</object>
	<object>
		<name>scale</name>
		<pose>Unspecified</pose>
		<truncated>0</truncated>
		<difficult>0</difficult>
		<robndbox>
			<cx>612.1008</cx>
			<cy>308.5037</cy>
			<w>25.4072</w>
			<h>26.3395</h>
			<angle>2.969094</angle>
		</robndbox>
		<extra/>
	</object>
	<object>
		<name>scale</name>
		<pose>Unspecified</pose>
		<truncated>0</truncated>
		<difficult>0</difficult>
		<robndbox>
			<cx>614.6075</cx>
			<cy>328.5474</cy>
			<w>25.4072</w>
			<h>26.3395</h>
			<angle>3.065264</angle>
		</robndbox>
		<extra/>
	</object>
	<object>
		<name>scale</name>
		<pose>Unspecified</pose>
		<truncated>0</truncated>
		<difficult>0</difficult>
		<robndbox>
			<cx>615.1779</cx>
			<cy>349.7391</cy>
			<w>25.4072</w>
			<h>26.3395</h>
			<angle>3.161435</angle>
		</robndbox>
		<extra/>
	</object>
	<object>
		<name>scale</name>
		<pose>Unspecified</pose>
		<truncated>0</truncated>
		<difficult>0</difficult>
		<robndbox>
			<cx>614.8069</cx>
			<cy>369.8924</cy>
			<w>25.4072</w>
			<h>26.3395</h>
			<angle>3.257605</angle>
		</robndbox>
		<extra/>
	</object>
	<object>
		<name>scale</name>
		<pose>Unspecified</pose>
		<truncated>0</truncated>
		<difficult>0</difficult>
		<robndbox>
			<cx>610.507</cx>
			<cy>388.8208</cy>
			<w>25.4072</w>
			<h>26.3395</h>
			<angle>3.353775</angle>
		</robndbox>
		<extra/>
	</object>
	<object>
		<name>scale</name>
		<pose>Unspecified</pose>
		<truncated>0</truncated>
		<difficult>0</difficult>
		<robndbox>
			<cx>605.3088</cx>
			<cy>407.3403</cy>
			<w>25.4072</w>
			<h>26.3395</h>
			<angle>3.449945</angle>
		</robndbox>
		<extra/>
	</object>
	<object>
		<name>scale</name>
		<pose>Unspecified</pose>
		<truncated>0</truncated>
		<difficult>0</difficult>
		<robndbox>
			<cx>598.2603</cx>
			<cy>427.2705</cy>
			<w>25.4072</w>
			<h>26.3395</h>
			<angle>3.546115</angle>
		</robndbox>
		<extra/>
	</object>
	<object>
		<name>scale</name>
		<pose>Unspecified</pose>
		<truncated>0</truncated>
		<difficult>0</difficult>
		<robndbox>
			<cx>589.4267</cx>
			<cy>445.4364</cy>
			<w>25.4072</w>
			<h>26.3395</h>
			<angle>3.642286</angle>
		</robndbox>
		<extra/>
	</object>
	<object>
		<name>scale</name>
		<pose>Unspecified</pose>
		<truncated>0</truncated>
		<difficult>0</difficult>
		<robndbox>
			<cx>578.8895</cx>
			<cy>462.6701</cy>
			<w>25.4072</w>
			<h>26.3395</h>
			<angle>3.738456</angle>
		</robndbox>
		<extra/>
	</object>
	<object>
		<name>scale</name>
		<pose>Unspecified</pose>
		<truncated>0</truncated>
		<difficult>0</difficult>
		<robndbox>
			<cx>566.7463</cx>
			<cy>477.8124</cy>
			<w>25.4072</w>
			<h>26.3395</h>
			<angle>3.834626</angle>
		</robndbox>
		<extra/>
	</object>
	<object>
		<name>scale</name>
		<pose>Unspecified</pose>
		<truncated>0</truncated>
		<difficult>0</difficult>
		<robndbox>
			<cx>241.102</cx>
			<cy>486.3973</cy>
			<w>26.0809</w>
			<h>21.508</h>
			<angle>5.570079</angle>
		</robndbox>
		<extra/>
	</object>
	<object>
		<name>4</name>
		<pose>Unspecified</pose>
		<truncated>0</truncated>
		<difficult>0</difficult>
		<robndbox>
			<cx>317.5</cx>
			<cy>225.5</cy>
			<w>25.0</w>
			<h>37.0</h>
			<angle>0.0</angle>
		</robndbox>
		<extra/>
	</object>
	<object>
		<name>6</name>
		<pose>Unspecified</pose>
		<truncated>0</truncated>
		<difficult>0</difficult>
		<robndbox>
			<cx>471.0</cx>
			<cy>195.5</cy>
			<w>22.0</w>
			<h>25.0</h>
			<angle>0.0</angle>
		</robndbox>
		<extra/>
	</object>
	<object>
		<name>8</name>
		<pose>Unspecified</pose>
		<truncated>0</truncated>
		<difficult>0</difficult>
		<robndbox>
			<cx>559.5</cx>
			<cy>326.5</cy>
			<w>23.0</w>
			<h>41.0</h>
			<angle>0.0</angle>
		</robndbox>
		<extra/>
	</object>
	<object>
		<name>2</name>
		<pose>Unspecified</pose>
		<truncated>0</truncated>
		<difficult>0</difficult>
		<robndbox>
			<cx>240.5</cx>
			<cy>337.5</cy>
			<w>23.0</w>
			<h>41.0</h>
			<angle>0.0</angle>
		</robndbox>
		<extra/>
	</object>
	<object>
		<name>0</name>
		<pose>Unspecified</pose>
		<truncated>0</truncated>
		<difficult>0</difficult>
		<robndbox>
			<cx>517.5</cx>
			<cy>449.5</cy>
			<w>23.0</w>
			<h>41.0</h>
			<angle>0.0</angle>
		</robndbox>
		<extra/>
	</object>
	<object>
		<name>1</name>
		<pose>Unspecified</pose>
		<truncated>0</truncated>
		<difficult>0</difficult>
		<robndbox>
			<cx>497.5</cx>
			<cy>449.0</cy>
			<w>17.0</w>
			<h>40.0</h>
			<angle>0.0</angle>
		</robndbox>
		<extra/>
	</object>
	<object>
		<name>0</name>
		<pose>Unspecified</pose>
		<truncated>0</truncated>
		<difficult>0</difficult>
		<robndbox>
			<cx>282.5</cx>
			<cy>442.5</cy>
			<w>23.0</w>
			<h>41.0</h>
			<angle>0.0</angle>
		</robndbox>
		<extra/>
	</object>
	<object>
		<name>needle</name>
		<pose>Unspecified</pose>
		<truncated>0</truncated>
		<difficult>0</difficult>
		<robndbox>
			<cx>351.6152</cx>
			<cy>394.6846</cy>
			<w>68.0905</w>
			<h>354.6899</h>
			<angle>3.981941</angle>
		</robndbox>
		<extra/>
	</object>
</annotation>
