<annotation>
	<folder>images</folder>
	<filename>9ff519be-5d3e-4225-a44e-abeebde859ce.jpg</filename>
	<path>C:\Users\yaman\Documents\images\9ff519be-5d3e-4225-a44e-abeebde859ce.jpg</path>
	<source>
		<database>Unknown</database>
	</source>
	<size>
		<width>1000</width>
		<height>1000</height>
		<depth>3</depth>
	</size>
	<segmented>0</segmented>
	<object>
		<name>scale</name>
		<pose>Unspecified</pose>
		<truncated>0</truncated>
		<difficult>0</difficult>
		<robndbox>
			<cx>251.1355</cx>
			<cy>374.4773</cy>
			<w>46.3097</w>
			<h>27.6601</h>
			<angle>0.840796</angle>
		</robndbox>
		<extra/>
	</object>
	<object>
		<name>scale</name>
		<pose>Unspecified</pose>
		<truncated>0</truncated>
		<difficult>0</difficult>
		<robndbox>
			<cx>754.6403</cx>
			<cy>371.3984</cy>
			<w>50.3975</w>
			<h>25.9216</h>
			<angle>2.290796</angle>
		</robndbox>
		<extra/>
	</object>
	<object>
		<name>scale</name>
		<pose>Unspecified</pose>
		<truncated>0</truncated>
		<difficult>0</difficult>
		<robndbox>
			<cx>268.5</cx>
			<cy>363.0</cy>
			<w>50.0221</w>
			<h>24.141</h>
			<angle>0.884914</angle>
		</robndbox>
		<extra/>
	</object>
	<object>
		<name>scale</name>
		<pose>Unspecified</pose>
		<truncated>0</truncated>
		<difficult>0</difficult>
		<robndbox>
			<cx>289.0</cx>
			<cy>357.5</cy>
			<w>51.2406</w>
			<h>23.311</h>
			<angle>0.929032</angle>
		</robndbox>
		<extra/>
	</object>
	<object>
		<name>scale</name>
		<pose>Unspecified</pose>
		<truncated>0</truncated>
		<difficult>0</difficult>
		<robndbox>
			<cx>307.5</cx>
			<cy>353.0</cy>
			<w>46.9253</w>
			<h>23.4737</h>
			<angle>0.973149</angle>
		</robndbox>
		<extra/>
	</object>
	<object>
		<name>scale</name>
		<pose>Unspecified</pose>
		<truncated>0</truncated>
		<difficult>0</difficult>
		<robndbox>
			<cx>326.5</cx>
			<cy>348.0</cy>
			<w>48.5649</w>
			<h>24.134</h>
			<angle>1.017267</angle>
		</robndbox>
		<extra/>
	</object>
	<object>
		<name>scale</name>
		<pose>Unspecified</pose>
		<truncated>0</truncated>
		<difficult>0</difficult>
		<robndbox>
			<cx>344.5</cx>
			<cy>345.0</cy>
			<w>46.8606</w>
			<h>22.7394</h>
			<angle>1.061385</angle>
		</robndbox>
		<extra/>
	</object>
	<object>
		<name>scale</name>
		<pose>Unspecified</pose>
		<truncated>0</truncated>
		<difficult>0</difficult>
		<robndbox>
			<cx>362.5</cx>
			<cy>342.0</cy>
			<w>46.9205</w>
			<h>22.438</h>
			<angle>1.105502</angle>
		</robndbox>
		<extra/>
	</object>
	<object>
		<name>scale</name>
		<pose>Unspecified</pose>
		<truncated>0</truncated>
		<difficult>0</difficult>
		<robndbox>
			<cx>379.5</cx>
			<cy>338.5</cy>
			<w>46.1342</w>
			<h>21.7632</h>
			<angle>1.14962</angle>
		</robndbox>
		<extra/>
	</object>
	<object>
		<name>scale</name>
		<pose>Unspecified</pose>
		<truncated>0</truncated>
		<difficult>0</difficult>
		<robndbox>
			<cx>396.5</cx>
			<cy>336.5</cy>
			<w>46.3128</w>
			<h>21.5668</h>
			<angle>1.193737</angle>
		</robndbox>
		<extra/>
	</object>
	<object>
		<name>scale</name>
		<pose>Unspecified</pose>
		<truncated>0</truncated>
		<difficult>0</difficult>
		<robndbox>
			<cx>413.7111</cx>
			<cy>334.2693</cy>
			<w>44.6334</w>
			<h>21.4471</h>
			<angle>1.277855</angle>
		</robndbox>
		<extra/>
	</object>
	<object>
		<name>scale</name>
		<pose>Unspecified</pose>
		<truncated>0</truncated>
		<difficult>0</difficult>
		<robndbox>
			<cx>430.0</cx>
			<cy>333.5</cy>
			<w>43.1771</w>
			<h>21.0888</h>
			<angle>1.32609</angle>
		</robndbox>
		<extra/>
	</object>
	<object>
		<name>scale</name>
		<pose>Unspecified</pose>
		<truncated>0</truncated>
		<difficult>0</difficult>
		<robndbox>
			<cx>445.0</cx>
			<cy>331.0</cy>
			<w>42.9556</w>
			<h>21.6059</h>
			<angle>1.400208</angle>
		</robndbox>
		<extra/>
	</object>
	<object>
		<name>scale</name>
		<pose>Unspecified</pose>
		<truncated>0</truncated>
		<difficult>0</difficult>
		<robndbox>
			<cx>461.7709</cx>
			<cy>330.7576</cy>
			<w>42.1691</w>
			<h>21.0287</h>
			<angle>1.444326</angle>
		</robndbox>
		<extra/>
	</object>
	<object>
		<name>scale</name>
		<pose>Unspecified</pose>
		<truncated>0</truncated>
		<difficult>0</difficult>
		<robndbox>
			<cx>478.3491</cx>
			<cy>329.3887</cy>
			<w>43.0652</w>
			<h>21.6632</h>
			<angle>1.458443</angle>
		</robndbox>
		<extra/>
	</object>
	<object>
		<name>scale</name>
		<pose>Unspecified</pose>
		<truncated>0</truncated>
		<difficult>0</difficult>
		<robndbox>
			<cx>493.9212</cx>
			<cy>329.2878</cy>
			<w>41.9704</w>
			<h>22.757</h>
			<angle>1.502561</angle>
		</robndbox>
		<extra/>
	</object>
	<object>
		<name>scale</name>
		<pose>Unspecified</pose>
		<truncated>0</truncated>
		<difficult>0</difficult>
		<robndbox>
			<cx>509.7052</cx>
			<cy>329.4284</cy>
			<w>42.0464</w>
			<h>21.7465</h>
			<angle>1.610796</angle>
		</robndbox>
		<extra/>
	</object>
	<object>
		<name>scale</name>
		<pose>Unspecified</pose>
		<truncated>0</truncated>
		<difficult>0</difficult>
		<robndbox>
			<cx>526.6767</cx>
			<cy>330.1534</cy>
			<w>43.1039</w>
			<h>20.1566</h>
			<angle>1.634914</angle>
		</robndbox>
		<extra/>
	</object>
	<object>
		<name>scale</name>
		<pose>Unspecified</pose>
		<truncated>0</truncated>
		<difficult>0</difficult>
		<robndbox>
			<cx>542.5729</cx>
			<cy>330.5945</cy>
			<w>43.2885</w>
			<h>20.59</h>
			<angle>1.679031</angle>
		</robndbox>
		<extra/>
	</object>
	<object>
		<name>scale</name>
		<pose>Unspecified</pose>
		<truncated>0</truncated>
		<difficult>0</difficult>
		<robndbox>
			<cx>559.1512</cx>
			<cy>331.2122</cy>
			<w>43.4125</w>
			<h>21.9685</h>
			<angle>1.723149</angle>
		</robndbox>
		<extra/>
	</object>
	<object>
		<name>scale</name>
		<pose>Unspecified</pose>
		<truncated>0</truncated>
		<difficult>0</difficult>
		<robndbox>
			<cx>575.5</cx>
			<cy>333.0</cy>
			<w>42.5773</w>
			<h>21.7295</h>
			<angle>1.767267</angle>
		</robndbox>
		<extra/>
	</object>
	<object>
		<name>scale</name>
		<pose>Unspecified</pose>
		<truncated>0</truncated>
		<difficult>0</difficult>
		<robndbox>
			<cx>591.3745</cx>
			<cy>334.0936</cy>
			<w>43.7549</w>
			<h>22.3195</h>
			<angle>1.811384</angle>
		</robndbox>
		<extra/>
	</object>
	<object>
		<name>scale</name>
		<pose>Unspecified</pose>
		<truncated>0</truncated>
		<difficult>0</difficult>
		<robndbox>
			<cx>609.0</cx>
			<cy>336.5</cy>
			<w>44.2187</w>
			<h>23.3603</h>
			<angle>1.855502</angle>
		</robndbox>
		<extra/>
	</object>
	<object>
		<name>scale</name>
		<pose>Unspecified</pose>
		<truncated>0</truncated>
		<difficult>0</difficult>
		<robndbox>
			<cx>625.3314</cx>
			<cy>339.3664</cy>
			<w>43.3244</w>
			<h>23.936</h>
			<angle>1.89962</angle>
		</robndbox>
		<extra/>
	</object>
	<object>
		<name>scale</name>
		<pose>Unspecified</pose>
		<truncated>0</truncated>
		<difficult>0</difficult>
		<robndbox>
			<cx>642.5207</cx>
			<cy>341.8118</cy>
			<w>46.2382</w>
			<h>23.5042</h>
			<angle>1.943737</angle>
		</robndbox>
		<extra/>
	</object>
	<object>
		<name>scale</name>
		<pose>Unspecified</pose>
		<truncated>0</truncated>
		<difficult>0</difficult>
		<robndbox>
			<cx>659.998</cx>
			<cy>346.3726</cy>
			<w>44.777</w>
			<h>24.209</h>
			<angle>1.987855</angle>
		</robndbox>
		<extra/>
	</object>
	<object>
		<name>scale</name>
		<pose>Unspecified</pose>
		<truncated>0</truncated>
		<difficult>0</difficult>
		<robndbox>
			<cx>678.3423</cx>
			<cy>349.1143</cy>
			<w>45.6558</w>
			<h>24.9769</h>
			<angle>2.031972</angle>
		</robndbox>
		<extra/>
	</object>
	<object>
		<name>scale</name>
		<pose>Unspecified</pose>
		<truncated>0</truncated>
		<difficult>0</difficult>
		<robndbox>
			<cx>697.3271</cx>
			<cy>352.9045</cy>
			<w>46.2835</w>
			<h>25.4277</h>
			<angle>2.07609</angle>
		</robndbox>
		<extra/>
	</object>
	<object>
		<name>scale</name>
		<pose>Unspecified</pose>
		<truncated>0</truncated>
		<difficult>0</difficult>
		<robndbox>
			<cx>716.1155</cx>
			<cy>357.5208</cy>
			<w>48.1766</w>
			<h>27.0557</h>
			<angle>2.120208</angle>
		</robndbox>
		<extra/>
	</object>
	<object>
		<name>scale</name>
		<pose>Unspecified</pose>
		<truncated>0</truncated>
		<difficult>0</difficult>
		<robndbox>
			<cx>735.662</cx>
			<cy>363.7321</cy>
			<w>51.3937</w>
			<h>24.3895</h>
			<angle>2.252561</angle>
		</robndbox>
		<extra/>
	</object>
	<object>
		<name>7</name>
		<pose>Unspecified</pose>
		<truncated>0</truncated>
		<difficult>0</difficult>
		<robndbox>
			<cx>490.5</cx>
			<cy>274.5</cy>
			<w>21.0</w>
			<h>33.0</h>
			<angle>0.0</angle>
		</robndbox>
		<extra/>
	</object>
	<object>
		<name>5</name>
		<pose>Unspecified</pose>
		<truncated>0</truncated>
		<difficult>0</difficult>
		<robndbox>
			<cx>513.5</cx>
			<cy>274.5</cy>
			<w>21.0</w>
			<h>33.0</h>
			<angle>0.0</angle>
		</robndbox>
		<extra/>
	</object>
	<object>
		<name>5</name>
		<pose>Unspecified</pose>
		<truncated>0</truncated>
		<difficult>0</difficult>
		<robndbox>
			<cx>401.5</cx>
			<cy>279.5</cy>
			<w>21.0</w>
			<h>33.0</h>
			<angle>0.0</angle>
		</robndbox>
		<extra/>
	</object>
	<object>
		<name>5</name>
		<pose>Unspecified</pose>
		<truncated>0</truncated>
		<difficult>0</difficult>
		<robndbox>
			<cx>323.5</cx>
			<cy>292.5</cy>
			<w>21.0</w>
			<h>33.0</h>
			<angle>0.0</angle>
		</robndbox>
		<extra/>
	</object>
	<object>
		<name>5</name>
		<pose>Unspecified</pose>
		<truncated>0</truncated>
		<difficult>0</difficult>
		<robndbox>
			<cx>707.5</cx>
			<cy>292.5</cy>
			<w>21.0</w>
			<h>33.0</h>
			<angle>0.0</angle>
		</robndbox>
		<extra/>
	</object>
	<object>
		<name>5</name>
		<pose>Unspecified</pose>
		<truncated>0</truncated>
		<difficult>0</difficult>
		<robndbox>
			<cx>781.5</cx>
			<cy>319.5</cy>
			<w>21.0</w>
			<h>33.0</h>
			<angle>0.0</angle>
		</robndbox>
		<extra/>
	</object>
	<object>
		<name>0</name>
		<pose>Unspecified</pose>
		<truncated>0</truncated>
		<difficult>0</difficult>
		<robndbox>
			<cx>611.5</cx>
			<cy>279.5</cy>
			<w>21.0</w>
			<h>33.0</h>
			<angle>0.0</angle>
		</robndbox>
		<extra/>
	</object>
	<object>
		<name>0</name>
		<pose>Unspecified</pose>
		<truncated>0</truncated>
		<difficult>0</difficult>
		<robndbox>
			<cx>589.5</cx>
			<cy>279.5</cy>
			<w>21.0</w>
			<h>33.0</h>
			<angle>0.0</angle>
		</robndbox>
		<extra/>
	</object>
	<object>
		<name>0</name>
		<pose>Unspecified</pose>
		<truncated>0</truncated>
		<difficult>0</difficult>
		<robndbox>
			<cx>802.5</cx>
			<cy>319.5</cy>
			<w>21.0</w>
			<h>33.0</h>
			<angle>0.0</angle>
		</robndbox>
		<extra/>
	</object>
	<object>
		<name>0</name>
		<pose>Unspecified</pose>
		<truncated>0</truncated>
		<difficult>0</difficult>
		<robndbox>
			<cx>423.5</cx>
			<cy>279.5</cy>
			<w>21.0</w>
			<h>33.0</h>
			<angle>0.0</angle>
		</robndbox>
		<extra/>
	</object>
	<object>
		<name>0</name>
		<pose>Unspecified</pose>
		<truncated>0</truncated>
		<difficult>0</difficult>
		<robndbox>
			<cx>202.0</cx>
			<cy>319.0</cy>
			<w>22.0</w>
			<h>32.0</h>
			<angle>0.0</angle>
		</robndbox>
		<extra/>
	</object>
	<object>
		<name>2</name>
		<pose>Unspecified</pose>
		<truncated>0</truncated>
		<difficult>0</difficult>
		<robndbox>
			<cx>301.5</cx>
			<cy>292.5</cy>
			<w>21.0</w>
			<h>33.0</h>
			<angle>0.0</angle>
		</robndbox>
		<extra/>
	</object>
	<object>
		<name>2</name>
		<pose>Unspecified</pose>
		<truncated>0</truncated>
		<difficult>0</difficult>
		<robndbox>
			<cx>685.5</cx>
			<cy>292.5</cy>
			<w>21.0</w>
			<h>33.0</h>
			<angle>0.0</angle>
		</robndbox>
		<extra/>
	</object>
	<object>
		<name>1</name>
		<pose>Unspecified</pose>
		<truncated>0</truncated>
		<difficult>0</difficult>
		<robndbox>
			<cx>571.5</cx>
			<cy>279.0</cy>
			<w>15.0</w>
			<h>32.0</h>
			<angle>0.0</angle>
		</robndbox>
		<extra/>
	</object>
	<object>
		<name>1</name>
		<pose>Unspecified</pose>
		<truncated>0</truncated>
		<difficult>0</difficult>
		<robndbox>
			<cx>667.5</cx>
			<cy>292.5</cy>
			<w>15.0</w>
			<h>33.0</h>
			<angle>0.0</angle>
		</robndbox>
		<extra/>
	</object>
	<object>
		<name>1</name>
		<pose>Unspecified</pose>
		<truncated>0</truncated>
		<difficult>0</difficult>
		<robndbox>
			<cx>763.5</cx>
			<cy>319.5</cy>
			<w>15.0</w>
			<h>33.0</h>
			<angle>0.0</angle>
		</robndbox>
		<extra/>
	</object>
	<object>
		<name>needle</name>
		<pose>Unspecified</pose>
		<truncated>0</truncated>
		<difficult>0</difficult>
		<robndbox>
			<cx>311.8809</cx>
			<cy>448.6582</cy>
			<w>12.7056</w>
			<h>306.0559</h>
			<angle>5.503364</angle>
		</robndbox>
		<extra/>
	</object>
</annotation>
